# WaveFront *.obj file (generated by Autodesk ATF)

mtllib connectorMO6.mtl

g Corpo1

v 0.980000 0.690000 0.550021
v 0.980000 0.690000 -0.549979
v 0.880000 0.690000 -0.549979
v 0.880000 0.690000 -0.479979
v -0.090000 0.690000 -0.479979
v -0.090000 0.690000 0.480021
v 0.880000 0.690000 0.480021
v 0.880000 0.690000 0.550021
v 0.980000 0.660000 0.580021
v 0.980000 0.350000 0.580021
v 0.980000 0.350000 0.480021
v 0.980000 -0.350000 0.480021
v 0.980000 -0.350000 0.580021
v 0.980000 -0.660000 0.580021
v 0.980000 -0.667765 0.578999
v 0.980000 -0.675000 0.576002
v 0.980000 -0.681213 0.571234
v 0.980000 -0.685981 0.565021
v 0.980000 -0.688978 0.557786
v 0.980000 -0.690000 0.550021
v 0.980000 -0.690000 -0.549979
v 0.980000 -0.688978 -0.557743
v 0.980000 -0.685981 -0.564979
v 0.980000 -0.681213 -0.571192
v 0.980000 -0.675000 -0.575960
v 0.980000 -0.667765 -0.578957
v 0.980000 -0.660000 -0.579979
v 0.980000 0.660000 -0.579979
v 0.980000 0.667765 -0.578957
v 0.980000 0.675000 -0.575960
v 0.980000 0.681213 -0.571192
v 0.980000 0.685981 -0.564979
v 0.980000 0.688978 -0.557743
v 0.980000 0.688978 0.557786
v 0.980000 0.685981 0.565021
v 0.980000 0.681213 0.571234
v 0.980000 0.675000 0.576002
v 0.980000 0.667765 0.578999
v 0.980000 -0.180000 -0.024979
v 0.980000 0.180000 -0.024979
v 0.980000 0.180000 -0.379979
v 0.980000 -0.180000 -0.379979
v 0.980000 -0.600000 -0.024979
v 0.980000 -0.240000 -0.024979
v 0.980000 -0.240000 -0.379979
v 0.980000 -0.600000 -0.379979
v 0.980000 0.240000 0.035021
v 0.980000 0.240000 0.400021
v 0.980000 0.600000 0.400021
v 0.980000 0.600000 0.035021
v 0.980000 -0.180000 0.035021
v 0.980000 -0.180000 0.400021
v 0.980000 0.180000 0.400021
v 0.980000 0.180000 0.035021
v 0.980000 -0.600000 0.035021
v 0.980000 -0.600000 0.400021
v 0.980000 -0.240000 0.400021
v 0.980000 -0.240000 0.035021
v 0.980000 0.240000 -0.024979
v 0.980000 0.600000 -0.024979
v 0.980000 0.600000 -0.379979
v 0.980000 0.240000 -0.379979
v 0.880000 0.660000 -0.579979
v 0.880000 0.667765 -0.578957
v 0.880000 0.675000 -0.575960
v 0.880000 0.681213 -0.571192
v 0.880000 0.685981 -0.564979
v 0.880000 0.688978 -0.557743
v 0.880000 -0.660000 -0.579979
v 0.880000 -0.667765 -0.578957
v 0.880000 -0.675000 -0.575960
v 0.880000 -0.681213 -0.571192
v 0.880000 -0.685981 -0.564979
v 0.880000 -0.688978 -0.557743
v 0.880000 -0.690000 -0.549979
v 0.880000 -0.690000 -0.479979
v 0.880000 -0.500000 -0.479979
v 0.880000 -0.499148 -0.486449
v 0.880000 -0.496651 -0.492479
v 0.880000 -0.492678 -0.497656
v 0.880000 -0.487500 -0.501629
v 0.880000 -0.481470 -0.504127
v 0.880000 -0.475000 -0.504979
v 0.880000 -0.468529 -0.504127
v 0.880000 -0.462500 -0.501629
v 0.880000 -0.457322 -0.497656
v 0.880000 -0.453349 -0.492479
v 0.880000 -0.450852 -0.486449
v 0.880000 -0.450000 -0.479979
v 0.880000 -0.445000 -0.479979
v 0.880000 -0.444148 -0.486449
v 0.880000 -0.441651 -0.492479
v 0.880000 -0.437678 -0.497656
v 0.880000 -0.432500 -0.501629
v 0.880000 -0.426470 -0.504127
v 0.880000 -0.420000 -0.504979
v 0.880000 -0.413529 -0.504127
v 0.880000 -0.407500 -0.501629
v 0.880000 -0.402322 -0.497656
v 0.880000 -0.398349 -0.492479
v 0.880000 -0.395852 -0.486449
v 0.880000 -0.395000 -0.479979
v 0.880000 -0.390000 -0.479979
v 0.880000 -0.389148 -0.486449
v 0.880000 -0.386651 -0.492479
v 0.880000 -0.382678 -0.497656
v 0.880000 -0.377500 -0.501629
v 0.880000 -0.371470 -0.504127
v 0.880000 -0.365000 -0.504979
v 0.880000 -0.358529 -0.504127
v 0.880000 -0.352500 -0.501629
v 0.880000 -0.347322 -0.497656
v 0.880000 -0.343349 -0.492479
v 0.880000 -0.340852 -0.486449
v 0.880000 -0.340000 -0.479979
v 0.880000 -0.052500 -0.479979
v 0.880000 -0.051648 -0.486449
v 0.880000 -0.049151 -0.492479
v 0.880000 -0.045178 -0.497656
v 0.880000 -0.040000 -0.501629
v 0.880000 -0.033970 -0.504127
v 0.880000 -0.027500 -0.504979
v 0.880000 -0.021029 -0.504127
v 0.880000 -0.015000 -0.501629
v 0.880000 -0.009822 -0.497656
v 0.880000 -0.005849 -0.492479
v 0.880000 -0.003352 -0.486449
v 0.880000 -0.002500 -0.479979
v 0.880000 0.002500 -0.479979
v 0.880000 0.003352 -0.486449
v 0.880000 0.005849 -0.492479
v 0.880000 0.009822 -0.497656
v 0.880000 0.015000 -0.501629
v 0.880000 0.021030 -0.504127
v 0.880000 0.027500 -0.504979
v 0.880000 0.033971 -0.504127
v 0.880000 0.040000 -0.501629
v 0.880000 0.045178 -0.497656
v 0.880000 0.049151 -0.492479
v 0.880000 0.051648 -0.486449
v 0.880000 0.052500 -0.479979
v 0.880000 0.395000 -0.479979
v 0.880000 0.395852 -0.486449
v 0.880000 0.398349 -0.492479
v 0.880000 0.402322 -0.497656
v 0.880000 0.407500 -0.501629
v 0.880000 0.413530 -0.504127
v 0.880000 0.420000 -0.504979
v 0.880000 0.426471 -0.504127
v 0.880000 0.432500 -0.501629
v 0.880000 0.437678 -0.497656
v 0.880000 0.441651 -0.492479
v 0.880000 0.444148 -0.486449
v 0.880000 0.445000 -0.479979
v -0.090000 0.445000 -0.479979
v -0.090000 -0.395000 -0.479979
v -0.090000 -0.395852 -0.486449
v -0.090000 -0.398349 -0.492479
v -0.090000 -0.402322 -0.497656
v -0.090000 -0.407500 -0.501629
v -0.090000 -0.413529 -0.504127
v -0.090000 -0.420000 -0.504979
v -0.090000 -0.426470 -0.504127
v -0.090000 -0.432500 -0.501629
v -0.090000 -0.437678 -0.497656
v -0.090000 -0.441651 -0.492479
v -0.090000 -0.444148 -0.486449
v -0.090000 -0.445000 -0.479979
v -0.090000 -0.450000 -0.479979
v -0.090000 -0.450852 -0.486449
v -0.090000 -0.453349 -0.492479
v -0.090000 -0.457322 -0.497656
v -0.090000 -0.462500 -0.501629
v -0.090000 -0.468529 -0.504127
v -0.090000 -0.475000 -0.504979
v -0.090000 -0.481470 -0.504127
v -0.090000 -0.487500 -0.501629
v -0.090000 -0.492678 -0.497656
v -0.090000 -0.496651 -0.492479
v -0.090000 -0.499148 -0.486449
v -0.090000 -0.500000 -0.479979
v -0.090000 -0.690000 -0.479979
v -0.090000 -0.690000 0.480021
v -0.090000 0.444148 -0.486449
v -0.090000 0.441651 -0.492479
v -0.090000 0.437678 -0.497656
v -0.090000 0.432500 -0.501629
v -0.090000 0.426471 -0.504127
v -0.090000 0.420000 -0.504979
v -0.090000 0.413530 -0.504127
v -0.090000 0.407500 -0.501629
v -0.090000 0.402322 -0.497656
v -0.090000 0.398349 -0.492479
v -0.090000 0.395852 -0.486449
v -0.090000 0.395000 -0.479979
v -0.090000 0.052500 -0.479979
v -0.090000 0.051648 -0.486449
v -0.090000 0.049151 -0.492479
v -0.090000 0.045178 -0.497656
v -0.090000 0.040000 -0.501629
v -0.090000 0.033971 -0.504127
v -0.090000 0.027500 -0.504979
v -0.090000 0.021030 -0.504127
v -0.090000 0.015000 -0.501629
v -0.090000 0.009822 -0.497656
v -0.090000 0.005849 -0.492479
v -0.090000 0.003352 -0.486449
v -0.090000 0.002500 -0.479979
v -0.090000 -0.002500 -0.479979
v -0.090000 -0.003352 -0.486449
v -0.090000 -0.005849 -0.492479
v -0.090000 -0.009822 -0.497656
v -0.090000 -0.015000 -0.501629
v -0.090000 -0.021029 -0.504127
v -0.090000 -0.027500 -0.504979
v -0.090000 -0.033970 -0.504127
v -0.090000 -0.040000 -0.501629
v -0.090000 -0.045178 -0.497656
v -0.090000 -0.049151 -0.492479
v -0.090000 -0.051648 -0.486449
v -0.090000 -0.052500 -0.479979
v -0.090000 -0.340000 -0.479979
v -0.090000 -0.340852 -0.486449
v -0.090000 -0.343349 -0.492479
v -0.090000 -0.347322 -0.497656
v -0.090000 -0.352500 -0.501629
v -0.090000 -0.358529 -0.504127
v -0.090000 -0.365000 -0.504979
v -0.090000 -0.371470 -0.504127
v -0.090000 -0.377500 -0.501629
v -0.090000 -0.382678 -0.497656
v -0.090000 -0.386651 -0.492479
v -0.090000 -0.389148 -0.486449
v -0.090000 -0.390000 -0.479979
v -0.090000 0.590000 0.370021
v -0.090000 0.250000 0.370021
v -0.090000 0.250000 0.105021
v -0.090000 0.325000 0.030021
v -0.090000 0.515000 0.030021
v -0.090000 0.590000 0.105021
v -0.090000 0.590000 -0.389979
v -0.090000 0.590000 -0.049979
v -0.090000 0.250000 -0.049979
v -0.090000 0.250000 -0.389979
v -0.090000 0.170000 0.030021
v -0.090000 0.170000 0.370021
v -0.090000 -0.170000 0.370021
v -0.090000 -0.170000 0.030021
v -0.090000 -0.095000 -0.389979
v -0.090000 0.095000 -0.389979
v -0.090000 0.170000 -0.314979
v -0.090000 0.170000 -0.049979
v -0.090000 -0.170000 -0.049979
v -0.090000 -0.170000 -0.314979
v -0.090000 -0.250000 0.030021
v -0.090000 -0.250000 0.370021
v -0.090000 -0.590000 0.370021
v -0.090000 -0.590000 0.030021
v -0.090000 -0.515000 -0.389979
v -0.090000 -0.325000 -0.389979
v -0.090000 -0.250000 -0.314979
v -0.090000 -0.250000 -0.049979
v -0.090000 -0.590000 -0.049979
v -0.090000 -0.590000 -0.314979
v 0.880000 -0.690000 0.480021
v 0.880000 -0.350000 0.480021
v 0.880000 0.350000 0.480021
v 0.005000 0.270000 0.480021
v 0.215000 0.270000 0.480021
v 0.215000 0.150000 0.480021
v 0.005000 0.150000 0.480021
v 0.215000 -0.270000 0.480021
v 0.005000 -0.270000 0.480021
v 0.005000 -0.150000 0.480021
v 0.215000 -0.150000 0.480021
v 0.880000 0.350000 0.580021
v 0.880000 0.660000 0.580021
v 0.880000 0.667765 0.578999
v 0.880000 0.675000 0.576002
v 0.880000 0.681213 0.571234
v 0.880000 0.685981 0.565021
v 0.880000 0.688978 0.557786
v 0.880000 -0.350000 0.580021
v 0.880000 -0.660000 0.580021
v 0.880000 -0.667765 0.578999
v 0.880000 -0.675000 0.576002
v 0.880000 -0.681213 0.571234
v 0.880000 -0.685981 0.565021
v 0.880000 -0.688978 0.557786
v 0.880000 -0.690000 0.550021
v 0.880000 -0.075000 -0.114979
v 0.880000 0.075000 -0.114979
v 0.880000 0.075000 -0.252479
v 0.880000 0.075000 -0.289979
v 0.880000 0.037500 -0.289979
v 0.880000 -0.037500 -0.289979
v 0.880000 -0.075000 -0.289979
v 0.880000 -0.075000 -0.252479
v 0.880000 -0.495000 -0.114979
v 0.880000 -0.345000 -0.114979
v 0.880000 -0.345000 -0.252479
v 0.880000 -0.345000 -0.289979
v 0.880000 -0.382500 -0.289979
v 0.880000 -0.457500 -0.289979
v 0.880000 -0.495000 -0.289979
v 0.880000 -0.495000 -0.252479
v 0.880000 0.345000 0.130021
v 0.880000 0.345000 0.167521
v 0.880000 0.345000 0.305021
v 0.880000 0.495000 0.305021
v 0.880000 0.495000 0.167521
v 0.880000 0.495000 0.130021
v 0.880000 0.457500 0.130021
v 0.880000 0.382500 0.130021
v 0.880000 -0.075000 0.130021
v 0.880000 -0.075000 0.167521
v 0.880000 -0.075000 0.305021
v 0.880000 0.075000 0.305021
v 0.880000 0.075000 0.167521
v 0.880000 0.075000 0.130021
v 0.880000 0.037500 0.130021
v 0.880000 -0.037500 0.130021
v 0.880000 -0.495000 0.130021
v 0.880000 -0.495000 0.167521
v 0.880000 -0.495000 0.305021
v 0.880000 -0.345000 0.305021
v 0.880000 -0.345000 0.167521
v 0.880000 -0.345000 0.130021
v 0.880000 -0.382500 0.130021
v 0.880000 -0.457500 0.130021
v 0.880000 0.345000 -0.114979
v 0.880000 0.495000 -0.114979
v 0.880000 0.495000 -0.252479
v 0.880000 0.495000 -0.289979
v 0.880000 0.457500 -0.289979
v 0.880000 0.382500 -0.289979
v 0.880000 0.345000 -0.289979
v 0.880000 0.345000 -0.252479
v 0.048571 -0.499148 -0.486449
v 0.187143 -0.499148 -0.486449
v 0.325714 -0.499148 -0.486449
v 0.464286 -0.499148 -0.486449
v 0.602857 -0.499148 -0.486449
v 0.741429 -0.499148 -0.486449
v 0.048571 -0.496651 -0.492479
v 0.187143 -0.496651 -0.492479
v 0.325714 -0.496651 -0.492479
v 0.464286 -0.496651 -0.492479
v 0.602857 -0.496651 -0.492479
v 0.741429 -0.496651 -0.492479
v 0.048571 -0.492678 -0.497656
v 0.187143 -0.492678 -0.497656
v 0.325714 -0.492678 -0.497656
v 0.464286 -0.492678 -0.497656
v 0.602857 -0.492678 -0.497656
v 0.741429 -0.492678 -0.497656
v 0.048571 -0.487500 -0.501629
v 0.187143 -0.487500 -0.501629
v 0.325714 -0.487500 -0.501629
v 0.464286 -0.487500 -0.501629
v 0.602857 -0.487500 -0.501629
v 0.741429 -0.487500 -0.501629
v 0.048571 -0.481470 -0.504127
v 0.187143 -0.481470 -0.504127
v 0.325714 -0.481470 -0.504127
v 0.464286 -0.481470 -0.504127
v 0.602857 -0.481470 -0.504127
v 0.741429 -0.481470 -0.504127
v 0.048571 -0.475000 -0.504979
v 0.187143 -0.475000 -0.504979
v 0.325714 -0.475000 -0.504979
v 0.464286 -0.475000 -0.504979
v 0.602857 -0.475000 -0.504979
v 0.741429 -0.475000 -0.504979
v 0.048571 -0.468529 -0.504127
v 0.187143 -0.468529 -0.504127
v 0.325714 -0.468529 -0.504127
v 0.464286 -0.468529 -0.504127
v 0.602857 -0.468529 -0.504127
v 0.741429 -0.468529 -0.504127
v 0.048571 -0.462500 -0.501629
v 0.187143 -0.462500 -0.501629
v 0.325714 -0.462500 -0.501629
v 0.464286 -0.462500 -0.501629
v 0.602857 -0.462500 -0.501629
v 0.741429 -0.462500 -0.501629
v 0.048571 -0.457322 -0.497656
v 0.187143 -0.457322 -0.497656
v 0.325714 -0.457322 -0.497656
v 0.464286 -0.457322 -0.497656
v 0.602857 -0.457322 -0.497656
v 0.741429 -0.457322 -0.497656
v 0.048571 -0.453349 -0.492479
v 0.187143 -0.453349 -0.492479
v 0.325714 -0.453349 -0.492479
v 0.464286 -0.453349 -0.492479
v 0.602857 -0.453349 -0.492479
v 0.741429 -0.453349 -0.492479
v 0.048571 -0.450852 -0.486449
v 0.187143 -0.450852 -0.486449
v 0.325714 -0.450852 -0.486449
v 0.464286 -0.450852 -0.486449
v 0.602857 -0.450852 -0.486449
v 0.741429 -0.450852 -0.486449
v 0.048571 -0.444148 -0.486449
v 0.187143 -0.444148 -0.486449
v 0.325714 -0.444148 -0.486449
v 0.464286 -0.444148 -0.486449
v 0.602857 -0.444148 -0.486449
v 0.741429 -0.444148 -0.486449
v 0.048571 -0.441651 -0.492479
v 0.187143 -0.441651 -0.492479
v 0.325714 -0.441651 -0.492479
v 0.464286 -0.441651 -0.492479
v 0.602857 -0.441651 -0.492479
v 0.741429 -0.441651 -0.492479
v 0.048571 -0.437678 -0.497656
v 0.187143 -0.437678 -0.497656
v 0.325714 -0.437678 -0.497656
v 0.464286 -0.437678 -0.497656
v 0.602857 -0.437678 -0.497656
v 0.741429 -0.437678 -0.497656
v 0.048571 -0.432500 -0.501629
v 0.187143 -0.432500 -0.501629
v 0.325714 -0.432500 -0.501629
v 0.464286 -0.432500 -0.501629
v 0.602857 -0.432500 -0.501629
v 0.741429 -0.432500 -0.501629
v 0.048571 -0.426470 -0.504127
v 0.187143 -0.426470 -0.504127
v 0.325714 -0.426470 -0.504127
v 0.464286 -0.426470 -0.504127
v 0.602857 -0.426470 -0.504127
v 0.741429 -0.426470 -0.504127
v 0.048571 -0.420000 -0.504979
v 0.187143 -0.420000 -0.504979
v 0.325714 -0.420000 -0.504979
v 0.464286 -0.420000 -0.504979
v 0.602857 -0.420000 -0.504979
v 0.741429 -0.420000 -0.504979
v 0.048571 -0.413529 -0.504127
v 0.187143 -0.413529 -0.504127
v 0.325714 -0.413529 -0.504127
v 0.464286 -0.413529 -0.504127
v 0.602857 -0.413529 -0.504127
v 0.741429 -0.413529 -0.504127
v 0.048571 -0.407500 -0.501629
v 0.187143 -0.407500 -0.501629
v 0.325714 -0.407500 -0.501629
v 0.464286 -0.407500 -0.501629
v 0.602857 -0.407500 -0.501629
v 0.741429 -0.407500 -0.501629
v 0.048571 -0.402322 -0.497656
v 0.187143 -0.402322 -0.497656
v 0.325714 -0.402322 -0.497656
v 0.464286 -0.402322 -0.497656
v 0.602857 -0.402322 -0.497656
v 0.741429 -0.402322 -0.497656
v 0.048571 -0.398349 -0.492479
v 0.187143 -0.398349 -0.492479
v 0.325714 -0.398349 -0.492479
v 0.464286 -0.398349 -0.492479
v 0.602857 -0.398349 -0.492479
v 0.741429 -0.398349 -0.492479
v 0.048571 -0.395852 -0.486449
v 0.187143 -0.395852 -0.486449
v 0.325714 -0.395852 -0.486449
v 0.464286 -0.395852 -0.486449
v 0.602857 -0.395852 -0.486449
v 0.741429 -0.395852 -0.486449
v 0.048571 -0.389148 -0.486449
v 0.187143 -0.389148 -0.486449
v 0.325714 -0.389148 -0.486449
v 0.464286 -0.389148 -0.486449
v 0.602857 -0.389148 -0.486449
v 0.741429 -0.389148 -0.486449
v 0.048571 -0.386651 -0.492479
v 0.187143 -0.386651 -0.492479
v 0.325714 -0.386651 -0.492479
v 0.464286 -0.386651 -0.492479
v 0.602857 -0.386651 -0.492479
v 0.741429 -0.386651 -0.492479
v 0.048571 -0.382678 -0.497656
v 0.187143 -0.382678 -0.497656
v 0.325714 -0.382678 -0.497656
v 0.464286 -0.382678 -0.497656
v 0.602857 -0.382678 -0.497656
v 0.741429 -0.382678 -0.497656
v 0.048571 -0.377500 -0.501629
v 0.187143 -0.377500 -0.501629
v 0.325714 -0.377500 -0.501629
v 0.464286 -0.377500 -0.501629
v 0.602857 -0.377500 -0.501629
v 0.741429 -0.377500 -0.501629
v 0.048571 -0.371470 -0.504127
v 0.187143 -0.371470 -0.504127
v 0.325714 -0.371470 -0.504127
v 0.464286 -0.371470 -0.504127
v 0.602857 -0.371470 -0.504127
v 0.741429 -0.371470 -0.504127
v 0.048571 -0.365000 -0.504979
v 0.187143 -0.365000 -0.504979
v 0.325714 -0.365000 -0.504979
v 0.464286 -0.365000 -0.504979
v 0.602857 -0.365000 -0.504979
v 0.741429 -0.365000 -0.504979
v 0.048571 -0.358529 -0.504127
v 0.187143 -0.358529 -0.504127
v 0.325714 -0.358529 -0.504127
v 0.464286 -0.358529 -0.504127
v 0.602857 -0.358529 -0.504127
v 0.741429 -0.358529 -0.504127
v 0.048571 -0.352500 -0.501629
v 0.187143 -0.352500 -0.501629
v 0.325714 -0.352500 -0.501629
v 0.464286 -0.352500 -0.501629
v 0.602857 -0.352500 -0.501629
v 0.741429 -0.352500 -0.501629
v 0.048571 -0.347322 -0.497656
v 0.187143 -0.347322 -0.497656
v 0.325714 -0.347322 -0.497656
v 0.464286 -0.347322 -0.497656
v 0.602857 -0.347322 -0.497656
v 0.741429 -0.347322 -0.497656
v 0.048571 -0.343349 -0.492479
v 0.187143 -0.343349 -0.492479
v 0.325714 -0.343349 -0.492479
v 0.464286 -0.343349 -0.492479
v 0.602857 -0.343349 -0.492479
v 0.741429 -0.343349 -0.492479
v 0.048571 -0.340852 -0.486449
v 0.187143 -0.340852 -0.486449
v 0.325714 -0.340852 -0.486449
v 0.464286 -0.340852 -0.486449
v 0.602857 -0.340852 -0.486449
v 0.741429 -0.340852 -0.486449
v 0.048571 -0.051648 -0.486449
v 0.187143 -0.051648 -0.486449
v 0.325714 -0.051648 -0.486449
v 0.464286 -0.051648 -0.486449
v 0.602857 -0.051648 -0.486449
v 0.741429 -0.051648 -0.486449
v 0.048571 -0.049151 -0.492479
v 0.187143 -0.049151 -0.492479
v 0.325714 -0.049151 -0.492479
v 0.464286 -0.049151 -0.492479
v 0.602857 -0.049151 -0.492479
v 0.741429 -0.049151 -0.492479
v 0.048571 -0.045178 -0.497656
v 0.187143 -0.045178 -0.497656
v 0.325714 -0.045178 -0.497656
v 0.464286 -0.045178 -0.497656
v 0.602857 -0.045178 -0.497656
v 0.741429 -0.045178 -0.497656
v 0.048571 -0.040000 -0.501629
v 0.187143 -0.040000 -0.501629
v 0.325714 -0.040000 -0.501629
v 0.464286 -0.040000 -0.501629
v 0.602857 -0.040000 -0.501629
v 0.741429 -0.040000 -0.501629
v 0.048571 -0.033970 -0.504127
v 0.187143 -0.033970 -0.504127
v 0.325714 -0.033970 -0.504127
v 0.464286 -0.033970 -0.504127
v 0.602857 -0.033970 -0.504127
v 0.741429 -0.033970 -0.504127
v 0.048571 -0.027500 -0.504979
v 0.187143 -0.027500 -0.504979
v 0.325714 -0.027500 -0.504979
v 0.464286 -0.027500 -0.504979
v 0.602857 -0.027500 -0.504979
v 0.741429 -0.027500 -0.504979
v 0.048571 -0.021029 -0.504127
v 0.187143 -0.021029 -0.504127
v 0.325714 -0.021029 -0.504127
v 0.464286 -0.021029 -0.504127
v 0.602857 -0.021029 -0.504127
v 0.741429 -0.021029 -0.504127
v 0.048571 -0.015000 -0.501629
v 0.187143 -0.015000 -0.501629
v 0.325714 -0.015000 -0.501629
v 0.464286 -0.015000 -0.501629
v 0.602857 -0.015000 -0.501629
v 0.741429 -0.015000 -0.501629
v 0.048571 -0.009822 -0.497656
v 0.187143 -0.009822 -0.497656
v 0.325714 -0.009822 -0.497656
v 0.464286 -0.009822 -0.497656
v 0.602857 -0.009822 -0.497656
v 0.741429 -0.009822 -0.497656
v 0.048571 -0.005849 -0.492479
v 0.187143 -0.005849 -0.492479
v 0.325714 -0.005849 -0.492479
v 0.464286 -0.005849 -0.492479
v 0.602857 -0.005849 -0.492479
v 0.741429 -0.005849 -0.492479
v 0.048571 -0.003352 -0.486449
v 0.187143 -0.003352 -0.486449
v 0.325714 -0.003352 -0.486449
v 0.464286 -0.003352 -0.486449
v 0.602857 -0.003352 -0.486449
v 0.741429 -0.003352 -0.486449
v 0.048571 0.003352 -0.486449
v 0.187143 0.003352 -0.486449
v 0.325714 0.003352 -0.486449
v 0.464286 0.003352 -0.486449
v 0.602857 0.003352 -0.486449
v 0.741429 0.003352 -0.486449
v 0.048571 0.005849 -0.492479
v 0.187143 0.005849 -0.492479
v 0.325714 0.005849 -0.492479
v 0.464286 0.005849 -0.492479
v 0.602857 0.005849 -0.492479
v 0.741429 0.005849 -0.492479
v 0.048571 0.009822 -0.497656
v 0.187143 0.009822 -0.497656
v 0.325714 0.009822 -0.497656
v 0.464286 0.009822 -0.497656
v 0.602857 0.009822 -0.497656
v 0.741429 0.009822 -0.497656
v 0.048571 0.015000 -0.501629
v 0.187143 0.015000 -0.501629
v 0.325714 0.015000 -0.501629
v 0.464286 0.015000 -0.501629
v 0.602857 0.015000 -0.501629
v 0.741429 0.015000 -0.501629
v 0.048571 0.021030 -0.504127
v 0.187143 0.021030 -0.504127
v 0.325714 0.021030 -0.504127
v 0.464286 0.021030 -0.504127
v 0.602857 0.021030 -0.504127
v 0.741429 0.021030 -0.504127
v 0.048571 0.027500 -0.504979
v 0.187143 0.027500 -0.504979
v 0.325714 0.027500 -0.504979
v 0.464286 0.027500 -0.504979
v 0.602857 0.027500 -0.504979
v 0.741429 0.027500 -0.504979
v 0.048571 0.033971 -0.504127
v 0.187143 0.033971 -0.504127
v 0.325714 0.033971 -0.504127
v 0.464286 0.033971 -0.504127
v 0.602857 0.033971 -0.504127
v 0.741429 0.033971 -0.504127
v 0.048571 0.040000 -0.501629
v 0.187143 0.040000 -0.501629
v 0.325714 0.040000 -0.501629
v 0.464286 0.040000 -0.501629
v 0.602857 0.040000 -0.501629
v 0.741429 0.040000 -0.501629
v 0.048571 0.045178 -0.497656
v 0.187143 0.045178 -0.497656
v 0.325714 0.045178 -0.497656
v 0.464286 0.045178 -0.497656
v 0.602857 0.045178 -0.497656
v 0.741429 0.045178 -0.497656
v 0.048571 0.049151 -0.492479
v 0.187143 0.049151 -0.492479
v 0.325714 0.049151 -0.492479
v 0.464286 0.049151 -0.492479
v 0.602857 0.049151 -0.492479
v 0.741429 0.049151 -0.492479
v 0.048571 0.051648 -0.486449
v 0.187143 0.051648 -0.486449
v 0.325714 0.051648 -0.486449
v 0.464286 0.051648 -0.486449
v 0.602857 0.051648 -0.486449
v 0.741429 0.051648 -0.486449
v 0.048571 0.395852 -0.486449
v 0.187143 0.395852 -0.486449
v 0.325714 0.395852 -0.486449
v 0.464286 0.395852 -0.486449
v 0.602857 0.395852 -0.486449
v 0.741429 0.395852 -0.486449
v 0.048571 0.398349 -0.492479
v 0.187143 0.398349 -0.492479
v 0.325714 0.398349 -0.492479
v 0.464286 0.398349 -0.492479
v 0.602857 0.398349 -0.492479
v 0.741429 0.398349 -0.492479
v 0.048571 0.402322 -0.497656
v 0.187143 0.402322 -0.497656
v 0.325714 0.402322 -0.497656
v 0.464286 0.402322 -0.497656
v 0.602857 0.402322 -0.497656
v 0.741429 0.402322 -0.497656
v 0.048571 0.407500 -0.501629
v 0.187143 0.407500 -0.501629
v 0.325714 0.407500 -0.501629
v 0.464286 0.407500 -0.501629
v 0.602857 0.407500 -0.501629
v 0.741429 0.407500 -0.501629
v 0.048571 0.413530 -0.504127
v 0.187143 0.413530 -0.504127
v 0.325714 0.413530 -0.504127
v 0.464286 0.413530 -0.504127
v 0.602857 0.413530 -0.504127
v 0.741429 0.413530 -0.504127
v 0.048571 0.420000 -0.504979
v 0.187143 0.420000 -0.504979
v 0.325714 0.420000 -0.504979
v 0.464286 0.420000 -0.504979
v 0.602857 0.420000 -0.504979
v 0.741429 0.420000 -0.504979
v 0.048571 0.426471 -0.504127
v 0.187143 0.426471 -0.504127
v 0.325714 0.426471 -0.504127
v 0.464286 0.426471 -0.504127
v 0.602857 0.426471 -0.504127
v 0.741429 0.426471 -0.504127
v 0.048571 0.432500 -0.501629
v 0.187143 0.432500 -0.501629
v 0.325714 0.432500 -0.501629
v 0.464286 0.432500 -0.501629
v 0.602857 0.432500 -0.501629
v 0.741429 0.432500 -0.501629
v 0.048571 0.437678 -0.497656
v 0.187143 0.437678 -0.497656
v 0.325714 0.437678 -0.497656
v 0.464286 0.437678 -0.497656
v 0.602857 0.437678 -0.497656
v 0.741429 0.437678 -0.497656
v 0.048571 0.441651 -0.492479
v 0.187143 0.441651 -0.492479
v 0.325714 0.441651 -0.492479
v 0.464286 0.441651 -0.492479
v 0.602857 0.441651 -0.492479
v 0.741429 0.441651 -0.492479
v 0.048571 0.444148 -0.486449
v 0.187143 0.444148 -0.486449
v 0.325714 0.444148 -0.486449
v 0.464286 0.444148 -0.486449
v 0.602857 0.444148 -0.486449
v 0.741429 0.444148 -0.486449
v -0.980000 0.590000 0.370021
v -0.980000 0.250000 0.370021
v -0.980000 0.250000 0.105021
v -0.980000 0.325000 0.030021
v -0.980000 0.515000 0.030021
v -0.980000 0.590000 0.105021
v -0.980000 0.590000 -0.389979
v -0.980000 0.590000 -0.049979
v -0.980000 0.250000 -0.049979
v -0.980000 0.250000 -0.389979
v -0.980000 0.170000 0.030021
v -0.980000 0.170000 0.370021
v -0.980000 -0.170000 0.370021
v -0.980000 -0.170000 0.030021
v -0.980000 -0.095000 -0.389979
v -0.980000 0.095000 -0.389979
v -0.980000 0.170000 -0.314979
v -0.980000 0.170000 -0.049979
v -0.980000 -0.170000 -0.049979
v -0.980000 -0.170000 -0.314979
v -0.980000 -0.250000 0.030021
v -0.980000 -0.250000 0.370021
v -0.980000 -0.590000 0.370021
v -0.980000 -0.590000 0.030021
v -0.980000 -0.515000 -0.389979
v -0.980000 -0.325000 -0.389979
v -0.980000 -0.250000 -0.314979
v -0.980000 -0.250000 -0.049979
v -0.980000 -0.590000 -0.049979
v -0.980000 -0.590000 -0.314979
v 0.012765 0.270000 0.481043
v 0.020000 0.270000 0.484040
v 0.026213 0.270000 0.488808
v 0.030981 0.270000 0.495021
v 0.033978 0.270000 0.502257
v 0.035000 0.270000 0.510021
v 0.035000 0.270000 0.760021
v 0.560000 0.270000 0.760021
v 0.610000 0.270000 0.830021
v 0.610000 0.270000 0.860021
v 0.760000 0.270000 0.860021
v 0.760000 0.270000 0.668654
v 0.203257 0.270000 0.619945
v 0.198434 0.270000 0.618913
v 0.194010 0.270000 0.616731
v 0.190254 0.270000 0.613533
v 0.187396 0.270000 0.609513
v 0.185608 0.270000 0.604916
v 0.185000 0.270000 0.600021
v 0.185000 0.270000 0.510021
v 0.186022 0.270000 0.502257
v 0.189019 0.270000 0.495021
v 0.193787 0.270000 0.488808
v 0.200000 0.270000 0.484040
v 0.207235 0.270000 0.481043
v 0.185000 0.150000 0.510021
v 0.186022 0.150000 0.502257
v 0.189019 0.150000 0.495021
v 0.193787 0.150000 0.488808
v 0.200000 0.150000 0.484040
v 0.207235 0.150000 0.481043
v 0.318427 0.150000 0.630021
v 0.035000 0.150000 0.630021
v 0.035000 0.150000 0.510021
v 0.033978 0.150000 0.502257
v 0.030981 0.150000 0.495021
v 0.026213 0.150000 0.488808
v 0.020000 0.150000 0.484040
v 0.012765 0.150000 0.481043
v 0.185000 0.150000 0.600021
v 0.185608 0.150000 0.604916
v 0.187396 0.150000 0.609513
v 0.190254 0.150000 0.613533
v 0.194010 0.150000 0.616731
v 0.198434 0.150000 0.618913
v 0.203257 0.150000 0.619945
v 0.207235 -0.270000 0.481043
v 0.200000 -0.270000 0.484040
v 0.193787 -0.270000 0.488808
v 0.189019 -0.270000 0.495021
v 0.186022 -0.270000 0.502257
v 0.185000 -0.270000 0.510021
v 0.185000 -0.270000 0.600021
v 0.185608 -0.270000 0.604916
v 0.187396 -0.270000 0.609513
v 0.190254 -0.270000 0.613533
v 0.194010 -0.270000 0.616731
v 0.198434 -0.270000 0.618913
v 0.203257 -0.270000 0.619945
v 0.760000 -0.270000 0.668654
v 0.760000 -0.270000 0.860021
v 0.610000 -0.270000 0.860021
v 0.610000 -0.270000 0.830021
v 0.560000 -0.270000 0.760021
v 0.035000 -0.270000 0.760021
v 0.035000 -0.270000 0.510021
v 0.033978 -0.270000 0.502257
v 0.030981 -0.270000 0.495021
v 0.026213 -0.270000 0.488808
v 0.020000 -0.270000 0.484040
v 0.012765 -0.270000 0.481043
v 0.035000 -0.150000 0.510021
v 0.033978 -0.150000 0.502257
v 0.030981 -0.150000 0.495021
v 0.026213 -0.150000 0.488808
v 0.020000 -0.150000 0.484040
v 0.012765 -0.150000 0.481043
v 0.203257 -0.150000 0.619945
v 0.198434 -0.150000 0.618913
v 0.194010 -0.150000 0.616731
v 0.190254 -0.150000 0.613533
v 0.187396 -0.150000 0.609513
v 0.185608 -0.150000 0.604916
v 0.185000 -0.150000 0.600021
v 0.185000 -0.150000 0.510021
v 0.186022 -0.150000 0.502257
v 0.189019 -0.150000 0.495021
v 0.193787 -0.150000 0.488808
v 0.200000 -0.150000 0.484040
v 0.207235 -0.150000 0.481043
v 0.035000 -0.150000 0.630021
v 0.318427 -0.150000 0.630021
v -0.090000 -0.075000 -0.114979
v -0.090000 -0.080000 -0.114979
v -0.980000 -0.080000 -0.114979
v -0.980000 0.080000 -0.114979
v -0.090000 0.080000 -0.114979
v -0.090000 0.075000 -0.114979
v -0.090000 0.075000 -0.164979
v 0.010000 0.075000 -0.164979
v 0.010000 0.075000 -0.214979
v -0.090000 0.075000 -0.214979
v -0.090000 0.075000 -0.252479
v -0.980000 0.037500 -0.289979
v -0.980000 -0.037500 -0.289979
v -0.090000 -0.075000 -0.252479
v -0.090000 -0.075000 -0.214979
v 0.010000 -0.075000 -0.214979
v 0.010000 -0.075000 -0.164979
v -0.090000 -0.075000 -0.164979
v -0.090000 -0.495000 -0.114979
v -0.090000 -0.500000 -0.114979
v -0.980000 -0.500000 -0.114979
v -0.980000 -0.340000 -0.114979
v -0.090000 -0.340000 -0.114979
v -0.090000 -0.345000 -0.114979
v -0.090000 -0.345000 -0.164979
v 0.010000 -0.345000 -0.164979
v 0.010000 -0.345000 -0.214979
v -0.090000 -0.345000 -0.214979
v -0.090000 -0.345000 -0.252479
v -0.980000 -0.382500 -0.289979
v -0.980000 -0.457500 -0.289979
v -0.090000 -0.495000 -0.252479
v -0.090000 -0.495000 -0.214979
v 0.010000 -0.495000 -0.214979
v 0.010000 -0.495000 -0.164979
v -0.090000 -0.495000 -0.164979
v -0.090000 0.345000 0.167521
v -0.090000 0.345000 0.205021
v 0.010000 0.345000 0.205021
v 0.010000 0.345000 0.255021
v -0.090000 0.345000 0.255021
v -0.090000 0.345000 0.305021
v -0.090000 0.340000 0.305021
v -0.980000 0.340000 0.305021
v -0.980000 0.500000 0.305021
v -0.090000 0.500000 0.305021
v -0.090000 0.495000 0.305021
v -0.090000 0.495000 0.255021
v 0.010000 0.495000 0.255021
v 0.010000 0.495000 0.205021
v -0.090000 0.495000 0.205021
v -0.090000 0.495000 0.167521
v -0.980000 0.457500 0.130021
v -0.980000 0.382500 0.130021
v -0.090000 -0.075000 0.167521
v -0.090000 -0.075000 0.205021
v 0.010000 -0.075000 0.205021
v 0.010000 -0.075000 0.255021
v -0.090000 -0.075000 0.255021
v -0.090000 -0.075000 0.305021
v -0.090000 -0.080000 0.305021
v -0.980000 -0.080000 0.305021
v -0.980000 0.080000 0.305021
v -0.090000 0.080000 0.305021
v -0.090000 0.075000 0.305021
v -0.090000 0.075000 0.255021
v 0.010000 0.075000 0.255021
v 0.010000 0.075000 0.205021
v -0.090000 0.075000 0.205021
v -0.090000 0.075000 0.167521
v -0.980000 0.037500 0.130021
v -0.980000 -0.037500 0.130021
v -0.090000 -0.495000 0.167521
v -0.090000 -0.495000 0.205021
v 0.010000 -0.495000 0.205021
v 0.010000 -0.495000 0.255021
v -0.090000 -0.495000 0.255021
v -0.090000 -0.495000 0.305021
v -0.090000 -0.500000 0.305021
v -0.980000 -0.500000 0.305021
v -0.980000 -0.340000 0.305021
v -0.090000 -0.340000 0.305021
v -0.090000 -0.345000 0.305021
v -0.090000 -0.345000 0.255021
v 0.010000 -0.345000 0.255021
v 0.010000 -0.345000 0.205021
v -0.090000 -0.345000 0.205021
v -0.090000 -0.345000 0.167521
v -0.980000 -0.382500 0.130021
v -0.980000 -0.457500 0.130021
v -0.090000 0.345000 -0.114979
v -0.090000 0.340000 -0.114979
v -0.980000 0.340000 -0.114979
v -0.980000 0.500000 -0.114979
v -0.090000 0.500000 -0.114979
v -0.090000 0.495000 -0.114979
v -0.090000 0.495000 -0.164979
v 0.010000 0.495000 -0.164979
v 0.010000 0.495000 -0.214979
v -0.090000 0.495000 -0.214979
v -0.090000 0.495000 -0.252479
v -0.980000 0.457500 -0.289979
v -0.980000 0.382500 -0.289979
v -0.090000 0.345000 -0.252479
v -0.090000 0.345000 -0.214979
v 0.010000 0.345000 -0.214979
v 0.010000 0.345000 -0.164979
v -0.090000 0.345000 -0.164979
v -0.980000 0.510000 0.255021
v -0.980000 0.500000 0.255021
v -0.980000 0.340000 0.255021
v -0.980000 0.330000 0.255021
v -0.980000 0.330000 0.205021
v -0.980000 0.340000 0.205021
v -0.980000 0.340000 0.140021
v -0.980000 0.372500 0.140021
v -0.980000 0.467500 0.140021
v -0.980000 0.500000 0.140021
v -0.980000 0.500000 0.205021
v -0.980000 0.510000 0.205021
v -0.980000 0.510000 -0.214979
v -0.980000 0.510000 -0.164979
v -0.980000 0.500000 -0.164979
v -0.980000 0.340000 -0.164979
v -0.980000 0.330000 -0.164979
v -0.980000 0.330000 -0.214979
v -0.980000 0.340000 -0.214979
v -0.980000 0.340000 -0.279979
v -0.980000 0.372500 -0.279979
v -0.980000 0.467500 -0.279979
v -0.980000 0.500000 -0.279979
v -0.980000 0.500000 -0.214979
v -0.980000 0.090000 0.255021
v -0.980000 0.080000 0.255021
v -0.980000 -0.080000 0.255021
v -0.980000 -0.090000 0.255021
v -0.980000 -0.090000 0.205021
v -0.980000 -0.080000 0.205021
v -0.980000 -0.080000 0.140021
v -0.980000 -0.047500 0.140021
v -0.980000 0.047500 0.140021
v -0.980000 0.080000 0.140021
v -0.980000 0.080000 0.205021
v -0.980000 0.090000 0.205021
v -0.980000 0.090000 -0.214979
v -0.980000 0.090000 -0.164979
v -0.980000 0.080000 -0.164979
v -0.980000 -0.080000 -0.164979
v -0.980000 -0.090000 -0.164979
v -0.980000 -0.090000 -0.214979
v -0.980000 -0.080000 -0.214979
v -0.980000 -0.080000 -0.279979
v -0.980000 -0.047500 -0.279979
v -0.980000 0.047500 -0.279979
v -0.980000 0.080000 -0.279979
v -0.980000 0.080000 -0.214979
v -0.980000 -0.330000 0.255021
v -0.980000 -0.340000 0.255021
v -0.980000 -0.500000 0.255021
v -0.980000 -0.510000 0.255021
v -0.980000 -0.510000 0.205021
v -0.980000 -0.500000 0.205021
v -0.980000 -0.500000 0.140021
v -0.980000 -0.467500 0.140021
v -0.980000 -0.372500 0.140021
v -0.980000 -0.340000 0.140021
v -0.980000 -0.340000 0.205021
v -0.980000 -0.330000 0.205021
v -0.980000 -0.330000 -0.214979
v -0.980000 -0.330000 -0.164979
v -0.980000 -0.340000 -0.164979
v -0.980000 -0.500000 -0.164979
v -0.980000 -0.510000 -0.164979
v -0.980000 -0.510000 -0.214979
v -0.980000 -0.500000 -0.214979
v -0.980000 -0.500000 -0.279979
v -0.980000 -0.467500 -0.279979
v -0.980000 -0.372500 -0.279979
v -0.980000 -0.340000 -0.279979
v -0.980000 -0.340000 -0.214979
v 0.035000 0.150000 0.760021
v 0.560000 0.150000 0.760021
v 0.610000 0.150000 0.830021
v 0.610000 -0.150000 0.830021
v 0.185608 0.210000 0.604916
v 0.187396 0.210000 0.609513
v 0.190254 0.210000 0.613533
v 0.194010 0.210000 0.616731
v 0.198434 0.210000 0.618913
v -0.433123 -0.150000 0.630021
v -0.433123 0.150000 0.630021
v 0.198434 -0.210000 0.618913
v 0.194010 -0.210000 0.616731
v 0.190254 -0.210000 0.613533
v 0.187396 -0.210000 0.609513
v 0.185608 -0.210000 0.604916
v 0.560000 -0.150000 0.760021
v 0.035000 -0.150000 0.760021
v -0.090000 -0.080000 -0.164979
v -0.090000 0.080000 -0.164979
v 0.010000 0.090000 -0.164979
v 0.010000 0.090000 -0.214979
v -0.090000 0.080000 -0.214979
v -0.090000 0.080000 -0.279979
v -0.090000 0.047500 -0.279979
v -0.090000 -0.047500 -0.279979
v -0.090000 -0.080000 -0.279979
v -0.090000 -0.080000 -0.214979
v 0.010000 -0.090000 -0.214979
v 0.010000 -0.090000 -0.164979
v -0.090000 -0.500000 -0.164979
v -0.090000 -0.340000 -0.164979
v 0.010000 -0.330000 -0.164979
v 0.010000 -0.330000 -0.214979
v -0.090000 -0.340000 -0.214979
v -0.090000 -0.340000 -0.279979
v -0.090000 -0.372500 -0.279979
v -0.090000 -0.467500 -0.279979
v -0.090000 -0.500000 -0.279979
v -0.090000 -0.500000 -0.214979
v 0.010000 -0.510000 -0.214979
v 0.010000 -0.510000 -0.164979
v -0.090000 0.372500 0.140021
v -0.090000 0.340000 0.140021
v -0.090000 0.340000 0.205021
v 0.010000 0.330000 0.205021
v 0.010000 0.330000 0.255021
v -0.090000 0.340000 0.255021
v -0.090000 0.500000 0.255021
v 0.010000 0.510000 0.255021
v 0.010000 0.510000 0.205021
v -0.090000 0.500000 0.205021
v -0.090000 0.500000 0.140021
v -0.090000 0.467500 0.140021
v -0.090000 -0.047500 0.140021
v -0.090000 -0.080000 0.140021
v -0.090000 -0.080000 0.205021
v 0.010000 -0.090000 0.205021
v 0.010000 -0.090000 0.255021
v -0.090000 -0.080000 0.255021
v -0.090000 0.080000 0.255021
v 0.010000 0.090000 0.255021
v 0.010000 0.090000 0.205021
v -0.090000 0.080000 0.205021
v -0.090000 0.080000 0.140021
v -0.090000 0.047500 0.140021
v -0.090000 -0.467500 0.140021
v -0.090000 -0.500000 0.140021
v -0.090000 -0.500000 0.205021
v 0.010000 -0.510000 0.205021
v 0.010000 -0.510000 0.255021
v -0.090000 -0.500000 0.255021
v -0.090000 -0.340000 0.255021
v 0.010000 -0.330000 0.255021
v 0.010000 -0.330000 0.205021
v -0.090000 -0.340000 0.205021
v -0.090000 -0.340000 0.140021
v -0.090000 -0.372500 0.140021
v -0.090000 0.340000 -0.164979
v -0.090000 0.500000 -0.164979
v 0.010000 0.510000 -0.164979
v 0.010000 0.510000 -0.214979
v -0.090000 0.500000 -0.214979
v -0.090000 0.500000 -0.279979
v -0.090000 0.467500 -0.279979
v -0.090000 0.372500 -0.279979
v -0.090000 0.340000 -0.279979
v -0.090000 0.340000 -0.214979
v 0.010000 0.330000 -0.214979
v 0.010000 0.330000 -0.164979
v -0.420000 0.150000 0.480021
v -0.570000 0.150000 0.480021
v -0.720000 0.150000 0.630021
v -0.720000 0.150000 0.760021
v -0.650000 0.150000 0.830021
v -0.650000 -0.150000 0.830021
v -0.420000 -0.150000 0.480021
v -0.720000 -0.150000 0.760021
v -0.720000 -0.150000 0.630021
v -0.570000 -0.150000 0.480021
vt -0.970000 0.550000 0.000000
vt -1.070000 0.550000 0.000000
vt -0.970000 0.480000 0.000000
vt -1.070000 -0.550000 0.000000
vt -0.970000 -0.480000 0.000000
vt -0.970000 -0.550000 0.000000
vt -0.000000 -0.480000 0.000000
vt -0.000000 0.480000 0.000000
vt 1.160000 0.340000 0.000000
vt 1.060000 0.340000 0.000000
vt 1.160000 0.030000 0.000000
vt 0.980000 0.090000 0.000000
vt 1.130000 0.000000 0.000000
vt 0.615000 0.090000 0.000000
vt 0.555000 0.090000 0.000000
vt 0.555000 0.450000 0.000000
vt 0.615000 0.450000 0.000000
vt 0.555000 0.510000 0.000000
vt 0.615000 0.510000 0.000000
vt 0.615000 0.870000 0.000000
vt 1.060000 1.040000 0.000000
vt 0.980000 0.510000 0.000000
vt 0.980000 0.450000 0.000000
vt 1.160000 1.040000 0.000000
vt 1.160000 1.350000 0.000000
vt 0.980000 1.290000 0.000000
vt 0.980000 0.930000 0.000000
vt 1.158978 1.357765 0.000000
vt 1.155981 1.365000 0.000000
vt 1.151213 1.371213 0.000000
vt 1.145000 1.375981 0.000000
vt 1.137765 1.378978 0.000000
vt 1.130000 1.380000 0.000000
vt 0.615000 1.290000 0.000000
vt 0.555000 1.290000 0.000000
vt 0.615000 0.930000 0.000000
vt 0.555000 0.930000 0.000000
vt 0.555000 0.870000 0.000000
vt 0.030000 1.380000 0.000000
vt 0.200000 1.290000 0.000000
vt 0.000000 1.350000 0.000000
vt 0.200000 0.930000 0.000000
vt 0.200000 0.870000 0.000000
vt 0.022235 1.378978 0.000000
vt 0.015000 1.375981 0.000000
vt 0.008787 1.371213 0.000000
vt 0.004019 1.365000 0.000000
vt 0.001022 1.357765 0.000000
vt 0.000000 0.030000 0.000000
vt 0.200000 0.510000 0.000000
vt 0.200000 0.450000 0.000000
vt 0.001022 0.022235 0.000000
vt 0.004019 0.015000 0.000000
vt 0.008787 0.008787 0.000000
vt 0.015000 0.004019 0.000000
vt 0.022235 0.001022 0.000000
vt 0.030000 0.000000 0.000000
vt 0.200000 0.090000 0.000000
vt 1.137765 0.001022 0.000000
vt 1.145000 0.004019 0.000000
vt 1.151213 0.008787 0.000000
vt 1.155981 0.015000 0.000000
vt 1.158978 0.022235 0.000000
vt 0.980000 0.870000 0.000000
vt -0.101479 0.000000 0.000000
vt -0.001479 0.000000 0.000000
vt -0.101479 0.007854 0.000000
vt -0.001479 0.007854 0.000000
vt -0.001479 0.015708 0.000000
vt -0.101479 0.015708 0.000000
vt -0.001479 0.023562 0.000000
vt -0.101479 0.023562 0.000000
vt -0.101479 0.031416 0.000000
vt -0.001479 0.031416 0.000000
vt -0.101479 0.039270 0.000000
vt -0.001479 0.039270 0.000000
vt -0.101479 0.047124 0.000000
vt -0.001479 0.047124 0.000000
vt 0.100000 1.350000 0.000000
vt 0.091213 1.371213 0.000000
vt 0.100000 0.030000 0.000000
vt 0.091213 0.008787 0.000000
vt 0.095981 0.015000 0.000000
vt 0.098978 1.357765 0.000000
vt 0.095981 1.365000 0.000000
vt 0.085000 1.375981 0.000000
vt 0.085000 0.004019 0.000000
vt 0.077765 1.378978 0.000000
vt 0.077765 0.001022 0.000000
vt 0.025000 0.662500 0.000000
vt 0.070000 0.000000 0.000000
vt 0.025000 0.270000 0.000000
vt 0.024148 0.263530 0.000000
vt 0.025000 0.717500 0.000000
vt 0.070000 1.380000 0.000000
vt 0.025000 1.055000 0.000000
vt 0.025000 1.110000 0.000000
vt 0.024148 1.103530 0.000000
vt 0.000000 1.380000 0.000000
vt 0.024148 1.171470 0.000000
vt 0.025000 1.165000 0.000000
vt 0.024148 1.158530 0.000000
vt 0.024148 1.116470 0.000000
vt 0.021651 1.152500 0.000000
vt 0.021651 1.122500 0.000000
vt 0.017678 1.147322 0.000000
vt 0.017678 1.127678 0.000000
vt 0.012500 1.143349 0.000000
vt 0.012500 1.131651 0.000000
vt 0.006470 1.140852 0.000000
vt 0.006470 1.134148 0.000000
vt 0.000000 1.140000 0.000000
vt 0.000000 1.135000 0.000000
vt 0.000000 1.190000 0.000000
vt 0.006470 1.189148 0.000000
vt 0.012500 1.186651 0.000000
vt 0.017678 1.182678 0.000000
vt 0.021651 1.177500 0.000000
vt 0.024148 1.061470 0.000000
vt 0.021651 1.097500 0.000000
vt 0.021651 1.067500 0.000000
vt 0.017678 1.092322 0.000000
vt 0.017678 1.072678 0.000000
vt 0.012500 1.088349 0.000000
vt 0.012500 1.076651 0.000000
vt 0.006470 1.085852 0.000000
vt 0.006470 1.079148 0.000000
vt 0.000000 1.085000 0.000000
vt 0.000000 1.080000 0.000000
vt 0.024148 1.048530 0.000000
vt 0.024148 0.723970 0.000000
vt 0.021651 1.042500 0.000000
vt 0.021651 0.730000 0.000000
vt 0.017678 1.037322 0.000000
vt 0.017678 0.735178 0.000000
vt 0.012500 1.033349 0.000000
vt 0.012500 0.739151 0.000000
vt 0.006470 1.030852 0.000000
vt 0.006470 0.741648 0.000000
vt 0.000000 0.742500 0.000000
vt 0.000000 1.030000 0.000000
vt 0.024148 0.711030 0.000000
vt 0.024148 0.668970 0.000000
vt 0.021651 0.705000 0.000000
vt 0.021651 0.675000 0.000000
vt 0.017678 0.699822 0.000000
vt 0.017678 0.680178 0.000000
vt 0.012500 0.695849 0.000000
vt 0.012500 0.684151 0.000000
vt 0.006470 0.693352 0.000000
vt 0.006470 0.686648 0.000000
vt 0.000000 0.692500 0.000000
vt 0.000000 0.687500 0.000000
vt 0.024148 0.276470 0.000000
vt 0.024148 0.656030 0.000000
vt 0.021651 0.650000 0.000000
vt 0.021651 0.282500 0.000000
vt 0.017678 0.644822 0.000000
vt 0.017678 0.287678 0.000000
vt 0.012500 0.640849 0.000000
vt 0.012500 0.291651 0.000000
vt 0.006470 0.638352 0.000000
vt 0.006470 0.294148 0.000000
vt 0.000000 0.637500 0.000000
vt 0.000000 0.295000 0.000000
vt 0.000000 0.000000 0.000000
vt 0.021651 0.257500 0.000000
vt 0.017678 0.252322 0.000000
vt 0.012500 0.248349 0.000000
vt 0.006470 0.245852 0.000000
vt 0.000000 0.245000 0.000000
vt 0.098978 0.022235 0.000000
vt 0.000000 0.000000 0.000000
vt 0.970000 -0.000000 0.000000
vt 0.000000 0.245000 0.000000
vt 0.970000 0.245000 0.000000
vt 0.966470 1.085852 0.000000
vt 0.960000 1.135000 0.000000
vt 0.960000 1.085000 0.000000
vt 0.960000 1.140000 0.000000
vt 0.960000 1.380000 0.000000
vt 0.960000 1.190000 0.000000
vt 0.966470 1.189148 0.000000
vt 0.966470 1.140852 0.000000
vt 0.972500 1.143349 0.000000
vt 0.966470 1.134148 0.000000
vt 0.972500 1.088349 0.000000
vt 0.972500 1.131651 0.000000
vt 0.977678 1.092322 0.000000
vt 0.977678 1.127678 0.000000
vt 0.981651 1.097500 0.000000
vt 0.981651 1.122500 0.000000
vt 0.984148 1.103530 0.000000
vt 0.984148 1.116470 0.000000
vt 0.985000 1.110000 0.000000
vt 0.972500 1.186651 0.000000
vt 0.977678 1.147322 0.000000
vt 0.977678 1.182678 0.000000
vt 0.981651 1.152500 0.000000
vt 0.981651 1.177500 0.000000
vt 0.984148 1.158530 0.000000
vt 0.984148 1.171470 0.000000
vt 0.985000 1.165000 0.000000
vt 0.000000 1.380000 0.000000
vt 0.450000 1.280000 0.000000
vt 0.530000 1.280000 0.000000
vt 0.795000 1.280000 0.000000
vt -0.000000 0.000000 0.000000
vt 0.110000 0.860000 0.000000
vt 0.110000 0.940000 0.000000
vt 0.110000 1.280000 0.000000
vt 0.960000 0.000000 0.000000
vt 0.530000 0.100000 0.000000
vt 0.375000 0.100000 0.000000
vt 0.110000 0.100000 0.000000
vt 0.870000 0.100000 0.000000
vt 0.960000 0.245000 0.000000
vt 0.870000 0.440000 0.000000
vt 0.981651 0.282500 0.000000
vt 0.870000 0.595000 0.000000
vt 0.870000 0.785000 0.000000
vt 0.870000 1.015000 0.000000
vt 0.870000 1.205000 0.000000
vt 0.966470 0.245852 0.000000
vt 0.972500 0.248349 0.000000
vt 0.977678 0.252322 0.000000
vt 0.981651 0.257500 0.000000
vt 0.984148 0.263530 0.000000
vt 0.984148 0.276470 0.000000
vt 0.985000 0.270000 0.000000
vt 0.977678 0.287678 0.000000
vt 0.972500 0.291651 0.000000
vt 0.966470 0.294148 0.000000
vt 0.960000 0.295000 0.000000
vt 0.960000 0.637500 0.000000
vt 0.960000 0.692500 0.000000
vt 0.960000 0.687500 0.000000
vt 0.966470 0.686648 0.000000
vt 0.966470 0.638352 0.000000
vt 0.972500 0.640849 0.000000
vt 0.972500 0.684151 0.000000
vt 0.977678 0.644822 0.000000
vt 0.977678 0.680178 0.000000
vt 0.981651 0.650000 0.000000
vt 0.981651 0.675000 0.000000
vt 0.984148 0.656030 0.000000
vt 0.984148 0.668970 0.000000
vt 0.985000 0.662500 0.000000
vt 0.966470 0.693352 0.000000
vt 0.966470 0.741648 0.000000
vt 0.960000 0.742500 0.000000
vt 0.960000 1.030000 0.000000
vt 0.972500 0.695849 0.000000
vt 0.972500 0.739151 0.000000
vt 0.977678 0.699822 0.000000
vt 0.977678 0.735178 0.000000
vt 0.981651 0.705000 0.000000
vt 0.981651 0.730000 0.000000
vt 0.984148 0.711030 0.000000
vt 0.984148 0.723970 0.000000
vt 0.985000 0.717500 0.000000
vt 0.966470 1.030852 0.000000
vt 0.966470 1.079148 0.000000
vt 0.960000 1.080000 0.000000
vt 0.972500 1.033349 0.000000
vt 0.972500 1.076651 0.000000
vt 0.977678 1.037322 0.000000
vt 0.977678 1.072678 0.000000
vt 0.981651 1.042500 0.000000
vt 0.981651 1.067500 0.000000
vt 0.984148 1.048530 0.000000
vt 0.984148 1.061470 0.000000
vt 0.985000 1.055000 0.000000
vt 0.110000 0.440000 0.000000
vt 0.110000 0.520000 0.000000
vt 0.375000 0.440000 0.000000
vt 0.450000 0.520000 0.000000
vt 0.450000 0.365000 0.000000
vt 0.530000 0.440000 0.000000
vt 0.450000 0.175000 0.000000
vt 0.795000 0.520000 0.000000
vt 0.530000 0.520000 0.000000
vt 0.450000 0.860000 0.000000
vt 0.530000 0.860000 0.000000
vt 0.450000 0.940000 0.000000
vt 0.530000 0.940000 0.000000
vt 0.795000 0.860000 0.000000
vt 0.795000 0.940000 0.000000
vt 0.100000 0.340000 0.000000
vt 0.100000 0.000000 0.000000
vt 0.765000 0.420000 0.000000
vt 1.070000 0.000000 0.000000
vt 0.975000 0.420000 0.000000
vt 0.975000 0.540000 0.000000
vt 0.975000 0.840000 0.000000
vt 0.765000 0.840000 0.000000
vt 1.070000 1.380000 0.000000
vt 0.975000 0.960000 0.000000
vt 0.765000 0.960000 0.000000
vt 0.100000 1.380000 0.000000
vt 0.100000 1.040000 0.000000
vt -0.000000 1.040000 0.000000
vt -0.000000 0.340000 0.000000
vt 0.765000 0.540000 0.000000
vt -0.960000 0.000000 0.000000
vt -0.960000 0.340000 0.000000
vt -1.030000 0.000000 0.000000
vt -1.060000 0.340000 0.000000
vt -1.060000 0.030000 0.000000
vt -1.058978 0.022235 0.000000
vt -1.055981 0.015000 0.000000
vt -1.051213 0.008787 0.000000
vt -1.045000 0.004019 0.000000
vt -1.037765 0.001022 0.000000
vt -0.002308 0.000000 0.000000
vt -0.002308 0.007854 0.000000
vt -0.102308 0.000000 0.000000
vt -0.102308 0.007854 0.000000
vt -0.102308 0.015708 0.000000
vt -0.002308 0.015708 0.000000
vt -0.102308 0.023562 0.000000
vt -0.002308 0.023562 0.000000
vt -0.102308 0.031416 0.000000
vt -0.002308 0.031416 0.000000
vt -0.102308 0.039270 0.000000
vt -0.002308 0.039270 0.000000
vt -0.102308 0.047124 0.000000
vt -0.002308 0.047124 0.000000
vt 0.310000 0.100000 0.000000
vt -0.000000 0.100000 0.000000
vt 0.310000 0.000000 0.000000
vt -0.000000 -0.000000 0.000000
vt -0.000000 -0.000000 0.000000
vt 0.100000 -0.000000 0.000000
vt -0.000000 0.100000 0.000000
vt 0.100000 0.100000 0.000000
vt 0.100000 0.100000 0.000000
vt 0.000000 0.100000 0.000000
vt 0.100000 -0.000000 0.000000
vt 0.000000 -0.000000 0.000000
vt 0.030000 0.000000 0.000000
vt 0.340000 0.000000 0.000000
vt 0.030000 0.100000 0.000000
vt 0.340000 0.100000 0.000000
vt -0.101565 -0.000000 0.000000
vt -0.001565 -0.000000 0.000000
vt -0.101565 0.007854 0.000000
vt -0.001565 0.007854 0.000000
vt -0.001565 0.015708 0.000000
vt -0.001565 0.023562 0.000000
vt -0.101565 0.023562 0.000000
vt -0.101565 0.015708 0.000000
vt -0.101565 0.031416 0.000000
vt -0.001565 0.031416 0.000000
vt -0.101565 0.039270 0.000000
vt -0.001565 0.039270 0.000000
vt -0.101565 0.047124 0.000000
vt -0.001565 0.047124 0.000000
vt 0.970000 0.550000 0.000000
vt 0.970000 0.480000 0.000000
vt 1.070000 0.550000 0.000000
vt 1.070000 -0.550000 0.000000
vt 0.970000 -0.480000 0.000000
vt 0.970000 -0.550000 0.000000
vt 0.000000 0.480000 0.000000
vt 0.000000 -0.480000 0.000000
vt -0.101538 -0.000000 0.000000
vt -0.001538 -0.000000 0.000000
vt -0.101538 0.007854 0.000000
vt -0.001538 0.007854 0.000000
vt -0.101538 0.015708 0.000000
vt -0.001538 0.015708 0.000000
vt -0.101538 0.023562 0.000000
vt -0.001538 0.023562 0.000000
vt -0.101538 0.031416 0.000000
vt -0.001538 0.031416 0.000000
vt -0.101538 0.039270 0.000000
vt -0.001538 0.039270 0.000000
vt -0.101538 0.047124 0.000000
vt -0.001538 0.047124 0.000000
vt 0.100000 1.350000 0.000000
vt 0.000000 1.350000 0.000000
vt 0.100000 0.030000 0.000000
vt 0.000000 0.030000 0.000000
vt -0.180000 0.067268 0.000000
vt -0.075000 -0.067268 0.000000
vt 0.180000 0.067268 0.000000
vt 0.075000 -0.067268 0.000000
vt -0.087500 -0.072500 0.000000
vt 0.050000 -0.072500 0.000000
vt -0.177500 0.072500 0.000000
vt 0.177500 0.072500 0.000000
vt 0.087500 -0.072500 0.000000
vt -0.075000 -0.067268 0.000000
vt -0.037500 -0.067268 0.000000
vt -0.180000 0.067268 0.000000
vt 0.037500 -0.067268 0.000000
vt 0.180000 0.067268 0.000000
vt 0.075000 -0.067268 0.000000
vt -0.087500 -0.072500 0.000000
vt -0.050000 -0.072500 0.000000
vt -0.177500 0.072500 0.000000
vt 0.177500 0.072500 0.000000
vt 0.087500 -0.072500 0.000000
vt -0.180000 0.067268 0.000000
vt -0.075000 -0.067268 0.000000
vt 0.180000 0.067268 0.000000
vt 0.075000 -0.067268 0.000000
vt -0.087500 -0.072500 0.000000
vt 0.050000 -0.072500 0.000000
vt -0.177500 0.072500 0.000000
vt 0.177500 0.072500 0.000000
vt 0.087500 -0.072500 0.000000
vt -0.075000 -0.067268 0.000000
vt -0.037500 -0.067268 0.000000
vt -0.180000 0.067268 0.000000
vt 0.037500 -0.067268 0.000000
vt 0.180000 0.067268 0.000000
vt 0.075000 -0.067268 0.000000
vt -0.087500 -0.072500 0.000000
vt -0.050000 -0.072500 0.000000
vt -0.177500 0.072500 0.000000
vt 0.177500 0.072500 0.000000
vt 0.087500 -0.072500 0.000000
vt -0.087500 -0.072500 0.000000
vt -0.050000 -0.072500 0.000000
vt -0.182500 0.072500 0.000000
vt 0.182500 0.072500 0.000000
vt 0.087500 -0.072500 0.000000
vt -0.180000 0.068966 0.000000
vt -0.075000 -0.068966 0.000000
vt 0.180000 0.068966 0.000000
vt 0.075000 -0.068966 0.000000
vt -0.087500 -0.072500 0.000000
vt 0.050000 -0.072500 0.000000
vt -0.182500 0.072500 0.000000
vt 0.182500 0.072500 0.000000
vt 0.087500 -0.072500 0.000000
vt -0.075000 -0.068966 0.000000
vt -0.037500 -0.068966 0.000000
vt -0.180000 0.068966 0.000000
vt 0.180000 0.068966 0.000000
vt 0.037500 -0.068966 0.000000
vt 0.075000 -0.068966 0.000000
vt -0.087500 -0.072500 0.000000
vt -0.050000 -0.072500 0.000000
vt -0.182500 0.072500 0.000000
vt 0.182500 0.072500 0.000000
vt 0.087500 -0.072500 0.000000
vt -0.180000 0.068966 0.000000
vt -0.075000 -0.068966 0.000000
vt 0.180000 0.068966 0.000000
vt 0.075000 -0.068966 0.000000
vt -0.087500 -0.072500 0.000000
vt 0.050000 -0.072500 0.000000
vt -0.182500 0.072500 0.000000
vt 0.182500 0.072500 0.000000
vt 0.087500 -0.072500 0.000000
vt -0.075000 -0.068966 0.000000
vt -0.037500 -0.068966 0.000000
vt -0.180000 0.068966 0.000000
vt 0.037500 -0.068966 0.000000
vt 0.180000 0.068966 0.000000
vt 0.075000 -0.068966 0.000000
vt -0.087500 -0.072500 0.000000
vt -0.050000 -0.072500 0.000000
vt -0.182500 0.072500 0.000000
vt 0.182500 0.072500 0.000000
vt 0.087500 -0.072500 0.000000
vt -0.180000 0.068966 0.000000
vt -0.075000 -0.068966 0.000000
vt 0.180000 0.068966 0.000000
vt 0.075000 -0.068966 0.000000
vt -0.087500 -0.072500 0.000000
vt 0.050000 -0.072500 0.000000
vt -0.182500 0.072500 0.000000
vt 0.182500 0.072500 0.000000
vt 0.087500 -0.072500 0.000000
vt -0.075000 -0.068966 0.000000
vt -0.037500 -0.068966 0.000000
vt -0.180000 0.068966 0.000000
vt 0.037500 -0.068966 0.000000
vt 0.180000 0.068966 0.000000
vt 0.075000 -0.068966 0.000000
vt -0.180000 0.067268 0.000000
vt -0.075000 -0.067268 0.000000
vt 0.180000 0.067268 0.000000
vt 0.075000 -0.067268 0.000000
vt -0.087500 -0.072500 0.000000
vt 0.050000 -0.072500 0.000000
vt -0.177500 0.072500 0.000000
vt 0.177500 0.072500 0.000000
vt 0.087500 -0.072500 0.000000
vt -0.075000 -0.067268 0.000000
vt -0.037500 -0.067268 0.000000
vt -0.180000 0.067268 0.000000
vt 0.037500 -0.067268 0.000000
vt 0.180000 0.067268 0.000000
vt 0.075000 -0.067268 0.000000
vt -0.087500 -0.072500 0.000000
vt -0.050000 -0.072500 0.000000
vt -0.177500 0.072500 0.000000
vt 0.177500 0.072500 0.000000
vt 0.087500 -0.072500 0.000000
vt 0.970000 1.380000 0.000000
vt 0.000000 1.380000 0.000000
vt 0.970000 1.190000 0.000000
vt 0.000000 1.190000 0.000000
vt -0.000000 0.006545 0.000000
vt -0.138571 0.006545 0.000000
vt -0.000000 0.000000 0.000000
vt -0.277143 0.006545 0.000000
vt -0.415714 0.006545 0.000000
vt -0.415714 0.013090 0.000000
vt -0.554286 0.013090 0.000000
vt -0.554286 0.019635 0.000000
vt -0.692857 0.019635 0.000000
vt -0.692857 0.026180 0.000000
vt -0.831429 0.026180 0.000000
vt -0.831429 0.032725 0.000000
vt -0.970000 0.032725 0.000000
vt -0.970000 0.039270 0.000000
vt -0.831429 0.039270 0.000000
vt -0.970000 0.045815 0.000000
vt -0.831429 0.045815 0.000000
vt -0.970000 0.052360 0.000000
vt -0.831429 0.052360 0.000000
vt -0.970000 0.058905 0.000000
vt -0.831429 0.058905 0.000000
vt -0.970000 0.065450 0.000000
vt -0.831429 0.065450 0.000000
vt -0.970000 0.071995 0.000000
vt -0.831429 0.071995 0.000000
vt -0.970000 0.078540 0.000000
vt -0.692857 0.071995 0.000000
vt -0.554286 0.071995 0.000000
vt -0.554286 0.065450 0.000000
vt -0.415714 0.065450 0.000000
vt -0.415714 0.058905 0.000000
vt -0.277143 0.058905 0.000000
vt -0.277143 0.052360 0.000000
vt -0.138571 0.052360 0.000000
vt -0.138571 0.045815 0.000000
vt 0.000000 0.045815 0.000000
vt 0.000000 0.039270 0.000000
vt -0.138571 0.039270 0.000000
vt -0.000000 0.032725 0.000000
vt -0.138571 0.032725 0.000000
vt -0.000000 0.026180 0.000000
vt -0.138571 0.026180 0.000000
vt -0.000000 0.019635 0.000000
vt -0.138571 0.019635 0.000000
vt -0.000000 0.013090 0.000000
vt -0.138571 0.013090 0.000000
vt 0.000000 0.052360 0.000000
vt -0.138571 0.058905 0.000000
vt -0.277143 0.065450 0.000000
vt -0.415714 0.071995 0.000000
vt 0.000000 0.058905 0.000000
vt -0.138571 0.065450 0.000000
vt -0.277143 0.071995 0.000000
vt 0.000000 0.078540 0.000000
vt 0.000000 0.065450 0.000000
vt -0.138571 0.071995 0.000000
vt 0.000000 0.071995 0.000000
vt -0.970000 0.026180 0.000000
vt -0.831429 0.019635 0.000000
vt -0.692857 0.013090 0.000000
vt -0.554286 0.006545 0.000000
vt -0.970000 0.019635 0.000000
vt -0.831429 0.013090 0.000000
vt -0.692857 0.006545 0.000000
vt -0.970000 0.000000 0.000000
vt -0.970000 0.013090 0.000000
vt -0.831429 0.006545 0.000000
vt -0.970000 0.006545 0.000000
vt -0.277143 0.013090 0.000000
vt -0.277143 0.019635 0.000000
vt -0.277143 0.026180 0.000000
vt -0.277143 0.032725 0.000000
vt -0.277143 0.039270 0.000000
vt -0.277143 0.045815 0.000000
vt -0.415714 0.019635 0.000000
vt -0.554286 0.026180 0.000000
vt -0.692857 0.032725 0.000000
vt -0.415714 0.026180 0.000000
vt -0.415714 0.032725 0.000000
vt -0.415714 0.039270 0.000000
vt -0.415714 0.045815 0.000000
vt -0.415714 0.052360 0.000000
vt -0.554286 0.032725 0.000000
vt -0.692857 0.039270 0.000000
vt -0.554286 0.039270 0.000000
vt -0.554286 0.045815 0.000000
vt -0.554286 0.052360 0.000000
vt -0.554286 0.058905 0.000000
vt -0.692857 0.045815 0.000000
vt -0.692857 0.052360 0.000000
vt -0.692857 0.058905 0.000000
vt -0.692857 0.065450 0.000000
vt 0.000000 1.140000 0.000000
vt 0.000000 1.135000 0.000000
vt 0.970000 1.140000 0.000000
vt 0.970000 1.135000 0.000000
vt -0.000000 0.006545 0.000000
vt -0.138571 0.006545 0.000000
vt -0.000000 0.000000 0.000000
vt -0.277143 0.006545 0.000000
vt -0.415714 0.006545 0.000000
vt -0.415714 0.013090 0.000000
vt -0.554286 0.013090 0.000000
vt -0.554286 0.019635 0.000000
vt -0.692857 0.019635 0.000000
vt -0.692857 0.026180 0.000000
vt -0.831429 0.026180 0.000000
vt -0.831429 0.032725 0.000000
vt -0.970000 0.032725 0.000000
vt -0.970000 0.039270 0.000000
vt -0.831429 0.039270 0.000000
vt -0.970000 0.045815 0.000000
vt -0.831429 0.045815 0.000000
vt -0.970000 0.052360 0.000000
vt -0.831429 0.052360 0.000000
vt -0.970000 0.058905 0.000000
vt -0.831429 0.058905 0.000000
vt -0.970000 0.065450 0.000000
vt -0.831429 0.065450 0.000000
vt -0.970000 0.071995 0.000000
vt -0.831429 0.071995 0.000000
vt -0.970000 0.078540 0.000000
vt -0.692857 0.071995 0.000000
vt -0.554286 0.071995 0.000000
vt -0.554286 0.065450 0.000000
vt -0.415714 0.065450 0.000000
vt -0.415714 0.058905 0.000000
vt -0.277143 0.058905 0.000000
vt -0.277143 0.052360 0.000000
vt -0.138571 0.052360 0.000000
vt -0.138571 0.045815 0.000000
vt 0.000000 0.045815 0.000000
vt 0.000000 0.039270 0.000000
vt -0.138571 0.039270 0.000000
vt -0.000000 0.032725 0.000000
vt -0.138571 0.032725 0.000000
vt -0.000000 0.026180 0.000000
vt -0.138571 0.026180 0.000000
vt -0.000000 0.019635 0.000000
vt -0.138571 0.019635 0.000000
vt -0.000000 0.013090 0.000000
vt -0.138571 0.013090 0.000000
vt 0.000000 0.052360 0.000000
vt -0.138571 0.058905 0.000000
vt -0.277143 0.065450 0.000000
vt -0.415714 0.071995 0.000000
vt 0.000000 0.058905 0.000000
vt -0.138571 0.065450 0.000000
vt -0.277143 0.071995 0.000000
vt 0.000000 0.078540 0.000000
vt 0.000000 0.065450 0.000000
vt -0.138571 0.071995 0.000000
vt 0.000000 0.071995 0.000000
vt -0.970000 0.026180 0.000000
vt -0.831429 0.019635 0.000000
vt -0.692857 0.013090 0.000000
vt -0.554286 0.006545 0.000000
vt -0.970000 0.019635 0.000000
vt -0.831429 0.013090 0.000000
vt -0.692857 0.006545 0.000000
vt -0.970000 0.000000 0.000000
vt -0.970000 0.013090 0.000000
vt -0.831429 0.006545 0.000000
vt -0.970000 0.006545 0.000000
vt -0.277143 0.013090 0.000000
vt -0.277143 0.019635 0.000000
vt -0.277143 0.026180 0.000000
vt -0.277143 0.032725 0.000000
vt -0.277143 0.039270 0.000000
vt -0.277143 0.045815 0.000000
vt -0.415714 0.019635 0.000000
vt -0.554286 0.026180 0.000000
vt -0.692857 0.032725 0.000000
vt -0.415714 0.026180 0.000000
vt -0.415714 0.032725 0.000000
vt -0.415714 0.039270 0.000000
vt -0.415714 0.045815 0.000000
vt -0.415714 0.052360 0.000000
vt -0.554286 0.032725 0.000000
vt -0.692857 0.039270 0.000000
vt -0.554286 0.039270 0.000000
vt -0.554286 0.045815 0.000000
vt -0.554286 0.052360 0.000000
vt -0.554286 0.058905 0.000000
vt -0.692857 0.045815 0.000000
vt -0.692857 0.052360 0.000000
vt -0.692857 0.058905 0.000000
vt -0.692857 0.065450 0.000000
vt 0.000000 1.080000 0.000000
vt 0.970000 1.080000 0.000000
vt 0.000000 1.085000 0.000000
vt 0.970000 1.085000 0.000000
vt -0.000000 0.006545 0.000000
vt -0.138571 0.006545 0.000000
vt -0.000000 0.000000 0.000000
vt -0.277143 0.006545 0.000000
vt -0.415714 0.006545 0.000000
vt -0.415714 0.013090 0.000000
vt -0.554286 0.013090 0.000000
vt -0.554286 0.019635 0.000000
vt -0.692857 0.019635 0.000000
vt -0.692857 0.026180 0.000000
vt -0.831429 0.026180 0.000000
vt -0.831429 0.032725 0.000000
vt -0.970000 0.032725 0.000000
vt -0.970000 0.039270 0.000000
vt -0.831429 0.039270 0.000000
vt -0.970000 0.045815 0.000000
vt -0.831429 0.045815 0.000000
vt -0.970000 0.052360 0.000000
vt -0.831429 0.052360 0.000000
vt -0.970000 0.058905 0.000000
vt -0.831429 0.058905 0.000000
vt -0.970000 0.065450 0.000000
vt -0.831429 0.065450 0.000000
vt -0.970000 0.071995 0.000000
vt -0.831429 0.071995 0.000000
vt -0.970000 0.078540 0.000000
vt -0.692857 0.071995 0.000000
vt -0.554286 0.071995 0.000000
vt -0.554286 0.065450 0.000000
vt -0.415714 0.065450 0.000000
vt -0.415714 0.058905 0.000000
vt -0.277143 0.058905 0.000000
vt -0.277143 0.052360 0.000000
vt -0.138571 0.052360 0.000000
vt -0.138571 0.045815 0.000000
vt 0.000000 0.045815 0.000000
vt 0.000000 0.039270 0.000000
vt -0.138571 0.039270 0.000000
vt -0.000000 0.032725 0.000000
vt -0.138571 0.032725 0.000000
vt -0.000000 0.026180 0.000000
vt -0.138571 0.026180 0.000000
vt -0.000000 0.019635 0.000000
vt -0.138571 0.019635 0.000000
vt -0.000000 0.013090 0.000000
vt -0.138571 0.013090 0.000000
vt 0.000000 0.052360 0.000000
vt -0.138571 0.058905 0.000000
vt -0.277143 0.065450 0.000000
vt -0.415714 0.071995 0.000000
vt 0.000000 0.058905 0.000000
vt -0.138571 0.065450 0.000000
vt -0.277143 0.071995 0.000000
vt 0.000000 0.078540 0.000000
vt 0.000000 0.065450 0.000000
vt -0.138571 0.071995 0.000000
vt 0.000000 0.071995 0.000000
vt -0.970000 0.026180 0.000000
vt -0.831429 0.019635 0.000000
vt -0.692857 0.013090 0.000000
vt -0.554286 0.006545 0.000000
vt -0.970000 0.019635 0.000000
vt -0.831429 0.013090 0.000000
vt -0.692857 0.006545 0.000000
vt -0.970000 0.000000 0.000000
vt -0.970000 0.013090 0.000000
vt -0.831429 0.006545 0.000000
vt -0.970000 0.006545 0.000000
vt -0.277143 0.013090 0.000000
vt -0.277143 0.019635 0.000000
vt -0.277143 0.026180 0.000000
vt -0.277143 0.032725 0.000000
vt -0.277143 0.039270 0.000000
vt -0.277143 0.045815 0.000000
vt -0.415714 0.019635 0.000000
vt -0.554286 0.026180 0.000000
vt -0.692857 0.032725 0.000000
vt -0.415714 0.026180 0.000000
vt -0.415714 0.032725 0.000000
vt -0.415714 0.039270 0.000000
vt -0.415714 0.045815 0.000000
vt -0.415714 0.052360 0.000000
vt -0.554286 0.032725 0.000000
vt -0.692857 0.039270 0.000000
vt -0.554286 0.039270 0.000000
vt -0.554286 0.045815 0.000000
vt -0.554286 0.052360 0.000000
vt -0.554286 0.058905 0.000000
vt -0.692857 0.045815 0.000000
vt -0.692857 0.052360 0.000000
vt -0.692857 0.058905 0.000000
vt -0.692857 0.065450 0.000000
vt 0.000000 1.030000 0.000000
vt 0.000000 0.742500 0.000000
vt 0.970000 1.030000 0.000000
vt 0.970000 0.742500 0.000000
vt -0.000000 0.006545 0.000000
vt -0.138571 0.006545 0.000000
vt -0.000000 0.000000 0.000000
vt -0.277143 0.006545 0.000000
vt -0.415714 0.006545 0.000000
vt -0.415714 0.013090 0.000000
vt -0.554286 0.013090 0.000000
vt -0.554286 0.019635 0.000000
vt -0.692857 0.019635 0.000000
vt -0.692857 0.026180 0.000000
vt -0.831429 0.026180 0.000000
vt -0.831429 0.032725 0.000000
vt -0.970000 0.032725 0.000000
vt -0.970000 0.039270 0.000000
vt -0.831429 0.039270 0.000000
vt -0.970000 0.045815 0.000000
vt -0.831429 0.045815 0.000000
vt -0.970000 0.052360 0.000000
vt -0.831429 0.052360 0.000000
vt -0.970000 0.058905 0.000000
vt -0.831429 0.058905 0.000000
vt -0.970000 0.065450 0.000000
vt -0.831429 0.065450 0.000000
vt -0.970000 0.071995 0.000000
vt -0.831429 0.071995 0.000000
vt -0.970000 0.078540 0.000000
vt -0.692857 0.071995 0.000000
vt -0.554286 0.071995 0.000000
vt -0.554286 0.065450 0.000000
vt -0.415714 0.065450 0.000000
vt -0.415714 0.058905 0.000000
vt -0.277143 0.058905 0.000000
vt -0.277143 0.052360 0.000000
vt -0.138571 0.052360 0.000000
vt -0.138571 0.045815 0.000000
vt 0.000000 0.045815 0.000000
vt 0.000000 0.039270 0.000000
vt -0.138571 0.039270 0.000000
vt -0.000000 0.032725 0.000000
vt -0.138571 0.032725 0.000000
vt -0.000000 0.026180 0.000000
vt -0.138571 0.026180 0.000000
vt -0.000000 0.019635 0.000000
vt -0.138571 0.019635 0.000000
vt -0.000000 0.013090 0.000000
vt -0.138571 0.013090 0.000000
vt 0.000000 0.052360 0.000000
vt -0.138571 0.058905 0.000000
vt -0.277143 0.065450 0.000000
vt -0.415714 0.071995 0.000000
vt 0.000000 0.058905 0.000000
vt -0.138571 0.065450 0.000000
vt -0.277143 0.071995 0.000000
vt 0.000000 0.078540 0.000000
vt 0.000000 0.065450 0.000000
vt -0.138571 0.071995 0.000000
vt 0.000000 0.071995 0.000000
vt -0.970000 0.026180 0.000000
vt -0.831429 0.019635 0.000000
vt -0.692857 0.013090 0.000000
vt -0.554286 0.006545 0.000000
vt -0.970000 0.019635 0.000000
vt -0.831429 0.013090 0.000000
vt -0.692857 0.006545 0.000000
vt -0.970000 0.000000 0.000000
vt -0.970000 0.013090 0.000000
vt -0.831429 0.006545 0.000000
vt -0.970000 0.006545 0.000000
vt -0.277143 0.013090 0.000000
vt -0.277143 0.019635 0.000000
vt -0.277143 0.026180 0.000000
vt -0.277143 0.032725 0.000000
vt -0.277143 0.039270 0.000000
vt -0.277143 0.045815 0.000000
vt -0.415714 0.019635 0.000000
vt -0.554286 0.026180 0.000000
vt -0.692857 0.032725 0.000000
vt -0.415714 0.026180 0.000000
vt -0.415714 0.032725 0.000000
vt -0.415714 0.039270 0.000000
vt -0.415714 0.045815 0.000000
vt -0.415714 0.052360 0.000000
vt -0.554286 0.032725 0.000000
vt -0.692857 0.039270 0.000000
vt -0.554286 0.039270 0.000000
vt -0.554286 0.045815 0.000000
vt -0.554286 0.052360 0.000000
vt -0.554286 0.058905 0.000000
vt -0.692857 0.045815 0.000000
vt -0.692857 0.052360 0.000000
vt -0.692857 0.058905 0.000000
vt -0.692857 0.065450 0.000000
vt 0.970000 0.687500 0.000000
vt 0.970000 0.692500 0.000000
vt 0.000000 0.687500 0.000000
vt 0.000000 0.692500 0.000000
vt -0.000000 0.006545 0.000000
vt -0.138571 0.006545 0.000000
vt -0.000000 0.000000 0.000000
vt -0.277143 0.006545 0.000000
vt -0.415714 0.006545 0.000000
vt -0.415714 0.013090 0.000000
vt -0.554286 0.013090 0.000000
vt -0.554286 0.019635 0.000000
vt -0.692857 0.019635 0.000000
vt -0.692857 0.026180 0.000000
vt -0.831429 0.026180 0.000000
vt -0.831429 0.032725 0.000000
vt -0.970000 0.032725 0.000000
vt -0.970000 0.039270 0.000000
vt -0.831429 0.039270 0.000000
vt -0.970000 0.045815 0.000000
vt -0.831429 0.045815 0.000000
vt -0.970000 0.052360 0.000000
vt -0.831429 0.052360 0.000000
vt -0.970000 0.058905 0.000000
vt -0.831429 0.058905 0.000000
vt -0.970000 0.065450 0.000000
vt -0.831429 0.065450 0.000000
vt -0.970000 0.071995 0.000000
vt -0.831429 0.071995 0.000000
vt -0.970000 0.078540 0.000000
vt -0.692857 0.071995 0.000000
vt -0.554286 0.071995 0.000000
vt -0.554286 0.065450 0.000000
vt -0.415714 0.065450 0.000000
vt -0.415714 0.058905 0.000000
vt -0.277143 0.058905 0.000000
vt -0.277143 0.052360 0.000000
vt -0.138571 0.052360 0.000000
vt -0.138571 0.045815 0.000000
vt 0.000000 0.045815 0.000000
vt 0.000000 0.039270 0.000000
vt -0.138571 0.039270 0.000000
vt -0.000000 0.032725 0.000000
vt -0.138571 0.032725 0.000000
vt -0.000000 0.026180 0.000000
vt -0.138571 0.026180 0.000000
vt -0.000000 0.019635 0.000000
vt -0.138571 0.019635 0.000000
vt -0.000000 0.013090 0.000000
vt -0.138571 0.013090 0.000000
vt 0.000000 0.052360 0.000000
vt -0.138571 0.058905 0.000000
vt -0.277143 0.065450 0.000000
vt -0.415714 0.071995 0.000000
vt 0.000000 0.058905 0.000000
vt -0.138571 0.065450 0.000000
vt -0.277143 0.071995 0.000000
vt 0.000000 0.078540 0.000000
vt 0.000000 0.065450 0.000000
vt -0.138571 0.071995 0.000000
vt 0.000000 0.071995 0.000000
vt -0.970000 0.026180 0.000000
vt -0.831429 0.019635 0.000000
vt -0.692857 0.013090 0.000000
vt -0.554286 0.006545 0.000000
vt -0.970000 0.019635 0.000000
vt -0.831429 0.013090 0.000000
vt -0.692857 0.006545 0.000000
vt -0.970000 0.000000 0.000000
vt -0.970000 0.013090 0.000000
vt -0.831429 0.006545 0.000000
vt -0.970000 0.006545 0.000000
vt -0.277143 0.013090 0.000000
vt -0.277143 0.019635 0.000000
vt -0.277143 0.026180 0.000000
vt -0.277143 0.032725 0.000000
vt -0.277143 0.039270 0.000000
vt -0.277143 0.045815 0.000000
vt -0.415714 0.019635 0.000000
vt -0.554286 0.026180 0.000000
vt -0.692857 0.032725 0.000000
vt -0.415714 0.026180 0.000000
vt -0.415714 0.032725 0.000000
vt -0.415714 0.039270 0.000000
vt -0.415714 0.045815 0.000000
vt -0.415714 0.052360 0.000000
vt -0.554286 0.032725 0.000000
vt -0.692857 0.039270 0.000000
vt -0.554286 0.039270 0.000000
vt -0.554286 0.045815 0.000000
vt -0.554286 0.052360 0.000000
vt -0.554286 0.058905 0.000000
vt -0.692857 0.045815 0.000000
vt -0.692857 0.052360 0.000000
vt -0.692857 0.058905 0.000000
vt -0.692857 0.065450 0.000000
vt 0.000000 0.295000 0.000000
vt 0.970000 0.295000 0.000000
vt 0.000000 0.637500 0.000000
vt 0.970000 0.637500 0.000000
vt -0.000000 0.006545 0.000000
vt -0.138571 0.006545 0.000000
vt -0.000000 0.000000 0.000000
vt -0.277143 0.006545 0.000000
vt -0.415714 0.006545 0.000000
vt -0.415714 0.013090 0.000000
vt -0.554286 0.013090 0.000000
vt -0.554286 0.019635 0.000000
vt -0.692857 0.019635 0.000000
vt -0.692857 0.026180 0.000000
vt -0.831429 0.026180 0.000000
vt -0.831429 0.032725 0.000000
vt -0.970000 0.032725 0.000000
vt -0.970000 0.039270 0.000000
vt -0.831429 0.039270 0.000000
vt -0.970000 0.045815 0.000000
vt -0.831429 0.045815 0.000000
vt -0.970000 0.052360 0.000000
vt -0.831429 0.052360 0.000000
vt -0.970000 0.058905 0.000000
vt -0.831429 0.058905 0.000000
vt -0.970000 0.065450 0.000000
vt -0.831429 0.065450 0.000000
vt -0.970000 0.071995 0.000000
vt -0.831429 0.071995 0.000000
vt -0.970000 0.078540 0.000000
vt -0.692857 0.071995 0.000000
vt -0.554286 0.071995 0.000000
vt -0.554286 0.065450 0.000000
vt -0.415714 0.065450 0.000000
vt -0.415714 0.058905 0.000000
vt -0.277143 0.058905 0.000000
vt -0.277143 0.052360 0.000000
vt -0.138571 0.052360 0.000000
vt -0.138571 0.045815 0.000000
vt 0.000000 0.045815 0.000000
vt 0.000000 0.039270 0.000000
vt -0.138571 0.039270 0.000000
vt -0.000000 0.032725 0.000000
vt -0.138571 0.032725 0.000000
vt -0.000000 0.026180 0.000000
vt -0.138571 0.026180 0.000000
vt -0.000000 0.019635 0.000000
vt -0.138571 0.019635 0.000000
vt -0.000000 0.013090 0.000000
vt -0.138571 0.013090 0.000000
vt 0.000000 0.052360 0.000000
vt -0.138571 0.058905 0.000000
vt -0.277143 0.065450 0.000000
vt -0.415714 0.071995 0.000000
vt 0.000000 0.058905 0.000000
vt -0.138571 0.065450 0.000000
vt -0.277143 0.071995 0.000000
vt 0.000000 0.078540 0.000000
vt 0.000000 0.065450 0.000000
vt -0.138571 0.071995 0.000000
vt 0.000000 0.071995 0.000000
vt -0.970000 0.026180 0.000000
vt -0.831429 0.019635 0.000000
vt -0.692857 0.013090 0.000000
vt -0.554286 0.006545 0.000000
vt -0.970000 0.019635 0.000000
vt -0.831429 0.013090 0.000000
vt -0.692857 0.006545 0.000000
vt -0.970000 0.000000 0.000000
vt -0.970000 0.013090 0.000000
vt -0.831429 0.006545 0.000000
vt -0.970000 0.006545 0.000000
vt -0.277143 0.013090 0.000000
vt -0.277143 0.019635 0.000000
vt -0.277143 0.026180 0.000000
vt -0.277143 0.032725 0.000000
vt -0.277143 0.039270 0.000000
vt -0.277143 0.045815 0.000000
vt -0.415714 0.019635 0.000000
vt -0.554286 0.026180 0.000000
vt -0.692857 0.032725 0.000000
vt -0.415714 0.026180 0.000000
vt -0.415714 0.032725 0.000000
vt -0.415714 0.039270 0.000000
vt -0.415714 0.045815 0.000000
vt -0.415714 0.052360 0.000000
vt -0.554286 0.032725 0.000000
vt -0.692857 0.039270 0.000000
vt -0.554286 0.039270 0.000000
vt -0.554286 0.045815 0.000000
vt -0.554286 0.052360 0.000000
vt -0.554286 0.058905 0.000000
vt -0.692857 0.045815 0.000000
vt -0.692857 0.052360 0.000000
vt -0.692857 0.058905 0.000000
vt -0.692857 0.065450 0.000000
vt 0.340000 0.890000 0.000000
vt -0.000000 0.890000 0.000000
vt 0.340000 0.000000 0.000000
vt -0.000000 -0.000000 0.000000
vt 0.265000 -0.000000 0.000000
vt 0.265000 0.890000 0.000000
vt 0.000000 -0.000000 0.000000
vt -0.000000 0.890000 0.000000
vt 0.106066 -0.000000 0.000000
vt 0.106066 0.890000 0.000000
vt 0.000000 -0.000000 0.000000
vt -0.000000 0.890000 0.000000
vt 0.190000 0.890000 0.000000
vt 0.000000 0.890000 0.000000
vt 0.190000 -0.000000 0.000000
vt 0.000000 0.000000 0.000000
vt 0.106066 0.890000 0.000000
vt 0.000000 0.890000 0.000000
vt 0.106066 -0.000000 0.000000
vt 0.000000 -0.000000 0.000000
vt 0.265000 0.890000 0.000000
vt 0.000000 0.890000 0.000000
vt 0.265000 0.000000 0.000000
vt 0.000000 0.000000 0.000000
vt 0.340000 0.000000 0.000000
vt 0.340000 0.890000 0.000000
vt 0.000000 0.000000 0.000000
vt -0.000000 0.890000 0.000000
vt 0.340000 0.890000 0.000000
vt -0.000000 0.890000 0.000000
vt 0.340000 0.000000 0.000000
vt -0.000000 -0.000000 0.000000
vt 0.340000 0.890000 0.000000
vt 0.000000 0.890000 0.000000
vt 0.340000 -0.000000 0.000000
vt 0.000000 -0.000000 0.000000
vt 0.340000 0.890000 0.000000
vt 0.000000 0.890000 0.000000
vt 0.340000 -0.000000 0.000000
vt 0.000000 0.000000 0.000000
vt -0.000000 0.000000 0.000000
vt 0.340000 0.000000 0.000000
vt 0.000000 0.890000 0.000000
vt 0.340000 0.890000 0.000000
vt -0.000000 0.890000 0.000000
vt 0.000000 0.000000 0.000000
vt 0.340000 0.890000 0.000000
vt 0.340000 0.000000 0.000000
vt 0.340000 0.890000 0.000000
vt 0.000000 0.890000 0.000000
vt 0.340000 0.000000 0.000000
vt 0.000000 0.000000 0.000000
vt 0.340000 0.890000 0.000000
vt 0.000000 0.890000 0.000000
vt 0.340000 -0.000000 0.000000
vt -0.000000 0.000000 0.000000
vt 0.190000 -0.000000 0.000000
vt 0.190000 0.890000 0.000000
vt -0.000000 0.000000 0.000000
vt -0.000000 0.890000 0.000000
vt 0.106066 0.890000 0.000000
vt -0.000000 0.890000 0.000000
vt 0.106066 -0.000000 0.000000
vt -0.000000 0.000000 0.000000
vt 0.265000 0.000000 0.000000
vt 0.265000 0.890000 0.000000
vt 0.000000 0.000000 0.000000
vt -0.000000 0.890000 0.000000
vt 0.340000 0.890000 0.000000
vt 0.000000 0.890000 0.000000
vt 0.340000 0.000000 0.000000
vt 0.000000 0.000000 0.000000
vt 0.265000 0.890000 0.000000
vt 0.000000 0.890000 0.000000
vt 0.265000 0.000000 0.000000
vt 0.000000 0.000000 0.000000
vt 0.106066 -0.000000 0.000000
vt 0.106066 0.890000 0.000000
vt 0.000000 0.000000 0.000000
vt -0.000000 0.890000 0.000000
vt -0.000000 -0.000000 0.000000
vt 0.340000 -0.000000 0.000000
vt 0.000000 0.890000 0.000000
vt 0.340000 0.890000 0.000000
vt 0.340000 0.890000 0.000000
vt -0.000000 0.890000 0.000000
vt 0.340000 0.000000 0.000000
vt -0.000000 -0.000000 0.000000
vt 0.340000 0.890000 0.000000
vt -0.000000 0.890000 0.000000
vt 0.340000 -0.000000 0.000000
vt 0.000000 -0.000000 0.000000
vt 0.340000 0.890000 0.000000
vt 0.000000 0.890000 0.000000
vt 0.340000 -0.000000 0.000000
vt 0.000000 -0.000000 0.000000
vt 0.190000 0.890000 0.000000
vt 0.000000 0.890000 0.000000
vt 0.190000 -0.000000 0.000000
vt 0.000000 -0.000000 0.000000
vt 0.106066 0.890000 0.000000
vt -0.000000 0.890000 0.000000
vt 0.106066 -0.000000 0.000000
vt -0.000000 -0.000000 0.000000
vt 0.265000 -0.000000 0.000000
vt 0.265000 0.890000 0.000000
vt 0.000000 -0.000000 0.000000
vt -0.000000 0.890000 0.000000
vt 0.340000 0.890000 0.000000
vt -0.000000 0.890000 0.000000
vt 0.340000 0.000000 0.000000
vt -0.000000 -0.000000 0.000000
vt 0.265000 0.890000 0.000000
vt 0.000000 0.890000 0.000000
vt 0.265000 -0.000000 0.000000
vt 0.000000 -0.000000 0.000000
vt 0.106066 0.890000 0.000000
vt 0.000000 0.890000 0.000000
vt 0.106066 -0.000000 0.000000
vt 0.000000 -0.000000 0.000000
vt -1.060000 1.040000 0.000000
vt -1.030000 1.380000 0.000000
vt -1.060000 1.350000 0.000000
vt -1.037765 1.378978 0.000000
vt -1.045000 1.375981 0.000000
vt -0.960000 1.040000 0.000000
vt -0.960000 1.380000 0.000000
vt -1.051213 1.371213 0.000000
vt -1.055981 1.365000 0.000000
vt -1.058978 1.357765 0.000000
vt -0.095000 0.480000 0.000000
vt -0.102765 0.481022 0.000000
vt -0.305000 0.480000 0.000000
vt -0.297235 0.481022 0.000000
vt -0.110000 0.484019 0.000000
vt -0.290000 0.484019 0.000000
vt -0.283787 0.488787 0.000000
vt -0.116213 0.488787 0.000000
vt -0.279019 0.495000 0.000000
vt -0.120981 0.495000 0.000000
vt -0.123978 0.502235 0.000000
vt -0.125000 0.510000 0.000000
vt -0.275000 0.510000 0.000000
vt -0.276022 0.502235 0.000000
vt -0.125000 0.760000 0.000000
vt -0.277396 0.609492 0.000000
vt -0.275608 0.604895 0.000000
vt -0.275000 0.600000 0.000000
vt -0.650000 0.760000 0.000000
vt -0.293257 0.619924 0.000000
vt -0.288434 0.618891 0.000000
vt -0.284010 0.616710 0.000000
vt -0.850000 0.668633 0.000000
vt -0.700000 0.830000 0.000000
vt -0.850000 0.860000 0.000000
vt -0.700000 0.860000 0.000000
vt -0.280254 0.613512 0.000000
vt 0.120000 0.047124 0.000000
vt -0.000000 0.047124 0.000000
vt 0.120000 0.039270 0.000000
vt 0.000000 0.039270 0.000000
vt 0.120000 0.031416 0.000000
vt 0.000000 0.031416 0.000000
vt 0.120000 0.023562 0.000000
vt 0.000000 0.023562 0.000000
vt 0.120000 0.015708 0.000000
vt 0.000000 0.015708 0.000000
vt 0.120000 0.007854 0.000000
vt 0.000000 0.007854 0.000000
vt 0.120000 0.000000 0.000000
vt 0.000000 0.000000 0.000000
vt 0.408427 0.630000 0.000000
vt 0.125000 0.630000 0.000000
vt 0.293257 0.619924 0.000000
vt 0.288434 0.618891 0.000000
vt 0.284010 0.616710 0.000000
vt 0.280254 0.613512 0.000000
vt 0.277396 0.609492 0.000000
vt 0.275608 0.604895 0.000000
vt 0.275000 0.600000 0.000000
vt 0.125000 0.510000 0.000000
vt 0.275000 0.510000 0.000000
vt 0.123978 0.502235 0.000000
vt 0.276022 0.502235 0.000000
vt 0.120981 0.495000 0.000000
vt 0.279019 0.495000 0.000000
vt 0.283787 0.488787 0.000000
vt 0.116213 0.488787 0.000000
vt 0.290000 0.484019 0.000000
vt 0.110000 0.484019 0.000000
vt 0.297235 0.481022 0.000000
vt 0.102765 0.481022 0.000000
vt 0.095000 0.480000 0.000000
vt 0.305000 0.480000 0.000000
vt -0.000000 -0.094248 0.000000
vt -0.000000 -0.102102 0.000000
vt 0.120000 -0.094248 0.000000
vt 0.120000 -0.102102 0.000000
vt 0.120000 -0.109956 0.000000
vt -0.000000 -0.109956 0.000000
vt 0.120000 -0.117810 0.000000
vt -0.000000 -0.117810 0.000000
vt 0.120000 -0.125664 0.000000
vt -0.000000 -0.125664 0.000000
vt 0.120000 -0.133518 0.000000
vt -0.000000 -0.133518 0.000000
vt 0.120000 -0.141372 0.000000
vt -0.000000 -0.141372 0.000000
vt 0.095000 0.480000 0.000000
vt 0.305000 0.480000 0.000000
vt 0.102765 0.481022 0.000000
vt 0.297235 0.481022 0.000000
vt 0.110000 0.484019 0.000000
vt 0.290000 0.484019 0.000000
vt 0.116213 0.488787 0.000000
vt 0.283787 0.488787 0.000000
vt 0.120981 0.495000 0.000000
vt 0.279019 0.495000 0.000000
vt 0.123978 0.502235 0.000000
vt 0.276022 0.502235 0.000000
vt 0.275000 0.510000 0.000000
vt 0.125000 0.510000 0.000000
vt 0.275000 0.600000 0.000000
vt 0.275608 0.604895 0.000000
vt 0.277396 0.609492 0.000000
vt 0.125000 0.760000 0.000000
vt 0.280254 0.613512 0.000000
vt 0.284010 0.616710 0.000000
vt 0.288434 0.618891 0.000000
vt 0.293257 0.619924 0.000000
vt 0.650000 0.760000 0.000000
vt 0.850000 0.668633 0.000000
vt 0.700000 0.830000 0.000000
vt 0.850000 0.860000 0.000000
vt 0.700000 0.860000 0.000000
vt 0.540000 0.047124 0.000000
vt 0.540000 0.054978 0.000000
vt 0.420000 0.047124 0.000000
vt 0.420000 0.054978 0.000000
vt 0.420000 0.062832 0.000000
vt 0.540000 0.062832 0.000000
vt 0.420000 0.070686 0.000000
vt 0.540000 0.070686 0.000000
vt 0.420000 0.078540 0.000000
vt 0.540000 0.078540 0.000000
vt 0.420000 0.086394 0.000000
vt 0.540000 0.086394 0.000000
vt 0.420000 0.094248 0.000000
vt 0.540000 0.094248 0.000000
vt -0.408427 0.630000 0.000000
vt -0.293257 0.619924 0.000000
vt -0.125000 0.630000 0.000000
vt -0.288434 0.618891 0.000000
vt -0.284010 0.616710 0.000000
vt -0.280254 0.613512 0.000000
vt -0.277396 0.609492 0.000000
vt -0.275608 0.604895 0.000000
vt -0.275000 0.600000 0.000000
vt -0.125000 0.510000 0.000000
vt -0.275000 0.510000 0.000000
vt -0.123978 0.502235 0.000000
vt -0.276022 0.502235 0.000000
vt -0.120981 0.495000 0.000000
vt -0.279019 0.495000 0.000000
vt -0.116213 0.488787 0.000000
vt -0.283787 0.488787 0.000000
vt -0.110000 0.484019 0.000000
vt -0.290000 0.484019 0.000000
vt -0.102765 0.481022 0.000000
vt -0.297235 0.481022 0.000000
vt -0.305000 0.480000 0.000000
vt -0.095000 0.480000 0.000000
vt 0.540000 0.000000 0.000000
vt 0.540000 0.007854 0.000000
vt 0.420000 0.000000 0.000000
vt 0.420000 0.007854 0.000000
vt 0.540000 0.015708 0.000000
vt 0.420000 0.015708 0.000000
vt 0.540000 0.023562 0.000000
vt 0.420000 0.023562 0.000000
vt 0.420000 0.031416 0.000000
vt 0.540000 0.031416 0.000000
vt 0.420000 0.039270 0.000000
vt 0.540000 0.039270 0.000000
vt 0.420000 0.047124 0.000000
vt 0.540000 0.047124 0.000000
vt -0.150000 -1.860000 0.000000
vt -0.000000 -1.860000 0.000000
vt -0.150000 -0.890000 0.000000
vt 0.000000 -0.890000 0.000000
vt 0.005000 -0.000000 0.000000
vt 0.005000 -0.890000 0.000000
vt -0.155000 0.000000 0.000000
vt -0.155000 -0.890000 0.000000
vt -0.137500 -1.860000 0.000000
vt -0.000000 -1.860000 0.000000
vt -0.050000 -0.990000 0.000000
vt 0.000000 -0.890000 0.000000
vt -0.050000 -0.890000 0.000000
vt -0.100000 -0.990000 0.000000
vt -0.137500 -0.890000 0.000000
vt -0.100000 -0.890000 0.000000
vt -0.652500 0.290000 0.000000
vt -0.615000 0.290000 0.000000
vt -0.615000 0.327500 0.000000
vt 0.000000 -1.860000 0.000000
vt -0.000000 -0.000000 0.000000
vt -0.075000 -1.860000 0.000000
vt -0.075000 -0.000000 0.000000
vt -0.765000 0.327500 0.000000
vt -0.765000 0.290000 0.000000
vt -0.727500 0.290000 0.000000
vt -0.000000 -0.890000 0.000000
vt -0.037500 -0.990000 0.000000
vt -0.000000 -1.860000 0.000000
vt -0.087500 -0.990000 0.000000
vt -0.137500 -1.860000 0.000000
vt -0.137500 -0.890000 0.000000
vt -0.087500 -0.890000 0.000000
vt -0.037500 -0.890000 0.000000
vt -0.000000 -1.860000 0.000000
vt -0.000000 -0.890000 0.000000
vt -0.150000 -1.860000 0.000000
vt -0.150000 -0.890000 0.000000
vt -0.155000 0.000000 0.000000
vt -0.155000 -0.890000 0.000000
vt 0.005000 -0.890000 0.000000
vt 0.005000 -0.000000 0.000000
vt -0.137500 -1.860000 0.000000
vt -0.000000 -1.860000 0.000000
vt -0.050000 -0.990000 0.000000
vt 0.000000 -0.890000 0.000000
vt -0.050000 -0.890000 0.000000
vt -0.100000 -0.990000 0.000000
vt -0.137500 -0.890000 0.000000
vt -0.100000 -0.890000 0.000000
vt -1.072500 0.290000 0.000000
vt -1.035000 0.290000 0.000000
vt -1.035000 0.327500 0.000000
vt 0.000000 0.000000 0.000000
vt -0.075000 -0.000000 0.000000
vt 0.000000 -1.860000 0.000000
vt -0.075000 -1.860000 0.000000
vt -1.185000 0.327500 0.000000
vt -1.185000 0.290000 0.000000
vt -1.147500 0.290000 0.000000
vt -0.000000 -0.890000 0.000000
vt -0.037500 -0.990000 0.000000
vt -0.000000 -1.860000 0.000000
vt -0.087500 -0.990000 0.000000
vt -0.137500 -1.860000 0.000000
vt -0.137500 -0.890000 0.000000
vt -0.087500 -0.890000 0.000000
vt -0.037500 -0.890000 0.000000
vt -0.345000 0.747500 0.000000
vt -0.345000 0.710000 0.000000
vt -0.307500 0.710000 0.000000
vt -0.000000 -0.890000 0.000000
vt -0.037500 -0.990000 0.000000
vt -0.000000 -1.860000 0.000000
vt -0.087500 -0.990000 0.000000
vt -0.137500 -1.860000 0.000000
vt -0.137500 -0.890000 0.000000
vt -0.087500 -0.890000 0.000000
vt -0.037500 -0.890000 0.000000
vt 0.000000 -1.860000 0.000000
vt -0.000000 -0.890000 0.000000
vt -0.150000 -1.860000 0.000000
vt -0.150000 -0.890000 0.000000
vt -0.155000 0.000000 0.000000
vt -0.155000 -0.890000 0.000000
vt 0.005000 -0.890000 0.000000
vt 0.005000 -0.000000 0.000000
vt -0.137500 -1.860000 0.000000
vt -0.000000 -1.860000 0.000000
vt -0.050000 -0.990000 0.000000
vt 0.000000 -0.890000 0.000000
vt -0.050000 -0.890000 0.000000
vt -0.100000 -0.990000 0.000000
vt -0.137500 -0.890000 0.000000
vt -0.100000 -0.890000 0.000000
vt -0.232500 0.710000 0.000000
vt -0.195000 0.710000 0.000000
vt -0.195000 0.747500 0.000000
vt 0.000000 0.000000 0.000000
vt -0.075000 -0.000000 0.000000
vt 0.000000 -1.860000 0.000000
vt -0.075000 -1.860000 0.000000
vt -0.765000 0.747500 0.000000
vt -0.765000 0.710000 0.000000
vt -0.727500 0.710000 0.000000
vt -0.000000 -0.890000 0.000000
vt -0.037500 -0.990000 0.000000
vt -0.000000 -1.860000 0.000000
vt -0.087500 -0.990000 0.000000
vt -0.137500 -1.860000 0.000000
vt -0.137500 -0.890000 0.000000
vt -0.087500 -0.890000 0.000000
vt -0.037500 -0.890000 0.000000
vt -0.150000 -1.860000 0.000000
vt 0.000000 -1.860000 0.000000
vt -0.150000 -0.890000 0.000000
vt -0.000000 -0.890000 0.000000
vt 0.005000 -0.000000 0.000000
vt 0.005000 -0.890000 0.000000
vt -0.155000 0.000000 0.000000
vt -0.155000 -0.890000 0.000000
vt -0.137500 -1.860000 0.000000
vt -0.000000 -1.860000 0.000000
vt -0.050000 -0.990000 0.000000
vt -0.000000 -0.890000 0.000000
vt -0.050000 -0.890000 0.000000
vt -0.100000 -0.990000 0.000000
vt -0.137500 -0.890000 0.000000
vt -0.100000 -0.890000 0.000000
vt -0.652500 0.710000 0.000000
vt -0.615000 0.710000 0.000000
vt -0.615000 0.747500 0.000000
vt 0.000000 -1.860000 0.000000
vt -0.000000 -0.000000 0.000000
vt -0.075000 -1.860000 0.000000
vt -0.075000 -0.000000 0.000000
vt -1.185000 0.747500 0.000000
vt -1.185000 0.710000 0.000000
vt -1.147500 0.710000 0.000000
vt -0.000000 -0.890000 0.000000
vt -0.037500 -0.990000 0.000000
vt -0.000000 -1.860000 0.000000
vt -0.087500 -0.990000 0.000000
vt -0.137500 -1.860000 0.000000
vt -0.137500 -0.890000 0.000000
vt -0.087500 -0.890000 0.000000
vt -0.037500 -0.890000 0.000000
vt -0.150000 -1.860000 0.000000
vt 0.000000 -1.860000 0.000000
vt -0.150000 -0.890000 0.000000
vt -0.000000 -0.890000 0.000000
vt -0.155000 0.000000 0.000000
vt 0.005000 -0.000000 0.000000
vt 0.005000 -0.890000 0.000000
vt -0.155000 -0.890000 0.000000
vt -0.137500 -1.860000 0.000000
vt -0.000000 -1.860000 0.000000
vt -0.050000 -0.990000 0.000000
vt -0.000000 -0.890000 0.000000
vt -0.050000 -0.890000 0.000000
vt -0.100000 -0.990000 0.000000
vt -0.137500 -0.890000 0.000000
vt -0.100000 -0.890000 0.000000
vt -1.072500 0.710000 0.000000
vt -1.035000 0.710000 0.000000
vt -1.035000 0.747500 0.000000
vt 0.000000 0.000000 0.000000
vt -0.075000 -0.000000 0.000000
vt 0.000000 -1.860000 0.000000
vt -0.075000 -1.860000 0.000000
vt -0.150000 -1.860000 0.000000
vt 0.000000 -1.860000 0.000000
vt -0.150000 -0.890000 0.000000
vt -0.000000 -0.890000 0.000000
vt -0.155000 0.000000 0.000000
vt 0.005000 -0.000000 0.000000
vt 0.005000 -0.890000 0.000000
vt -0.155000 -0.890000 0.000000
vt -0.137500 -1.860000 0.000000
vt -0.000000 -1.860000 0.000000
vt -0.050000 -0.990000 0.000000
vt -0.000000 -0.890000 0.000000
vt -0.050000 -0.890000 0.000000
vt -0.100000 -0.990000 0.000000
vt -0.137500 -0.890000 0.000000
vt -0.100000 -0.890000 0.000000
vt -0.232500 0.290000 0.000000
vt -0.195000 0.290000 0.000000
vt -0.195000 0.327500 0.000000
vt -0.000000 -0.000000 0.000000
vt -0.075000 -0.000000 0.000000
vt 0.000000 -1.860000 0.000000
vt -0.075000 -1.860000 0.000000
vt -0.345000 0.327500 0.000000
vt -0.345000 0.290000 0.000000
vt -0.307500 0.290000 0.000000
vt -0.000000 -0.890000 0.000000
vt -0.037500 -0.990000 0.000000
vt -0.000000 -1.860000 0.000000
vt -0.087500 -0.990000 0.000000
vt -0.137500 -1.860000 0.000000
vt -0.137500 -0.890000 0.000000
vt -0.087500 -0.890000 0.000000
vt -0.037500 -0.890000 0.000000
vt -0.610000 0.175000 0.000000
vt -0.720000 0.190000 0.000000
vt -0.685000 0.100000 0.000000
vt -0.785000 0.180000 0.000000
vt -0.835000 0.180000 0.000000
vt -0.610000 0.365000 0.000000
vt -0.710000 0.307500 0.000000
vt -0.710000 0.232500 0.000000
vt -0.720000 0.222500 0.000000
vt -0.720000 0.350000 0.000000
vt -0.685000 0.440000 0.000000
vt -0.785000 0.360000 0.000000
vt -0.835000 0.360000 0.000000
vt -0.950000 0.440000 0.000000
vt -0.885000 0.350000 0.000000
vt -0.885000 0.190000 0.000000
vt -0.950000 0.100000 0.000000
vt -0.835000 0.190000 0.000000
vt -0.835000 0.350000 0.000000
vt -0.785000 0.350000 0.000000
vt -0.720000 0.317500 0.000000
vt -0.785000 0.190000 0.000000
vt -0.530000 0.440000 0.000000
vt -0.365000 0.360000 0.000000
vt -0.190000 0.440000 0.000000
vt -0.300000 0.350000 0.000000
vt -0.290000 0.307500 0.000000
vt -0.300000 0.317500 0.000000
vt -0.530000 0.100000 0.000000
vt -0.465000 0.350000 0.000000
vt -0.415000 0.360000 0.000000
vt -0.190000 0.100000 0.000000
vt -0.365000 0.180000 0.000000
vt -0.415000 0.180000 0.000000
vt -0.465000 0.190000 0.000000
vt -0.415000 0.190000 0.000000
vt -0.290000 0.232500 0.000000
vt -0.300000 0.190000 0.000000
vt -0.365000 0.190000 0.000000
vt -0.415000 0.350000 0.000000
vt -0.365000 0.350000 0.000000
vt -0.300000 0.222500 0.000000
vt -0.610000 0.860000 0.000000
vt -0.710000 0.727500 0.000000
vt -0.610000 0.520000 0.000000
vt -0.710000 0.652500 0.000000
vt -0.720000 0.610000 0.000000
vt -0.720000 0.642500 0.000000
vt -0.950000 0.860000 0.000000
vt -0.785000 0.780000 0.000000
vt -0.720000 0.770000 0.000000
vt -0.720000 0.737500 0.000000
vt -0.950000 0.520000 0.000000
vt -0.885000 0.770000 0.000000
vt -0.835000 0.780000 0.000000
vt -0.785000 0.600000 0.000000
vt -0.835000 0.600000 0.000000
vt -0.885000 0.610000 0.000000
vt -0.835000 0.610000 0.000000
vt -0.835000 0.770000 0.000000
vt -0.785000 0.770000 0.000000
vt -0.785000 0.610000 0.000000
vt -0.530000 0.860000 0.000000
vt -0.415000 0.780000 0.000000
vt -0.265000 0.860000 0.000000
vt -0.365000 0.780000 0.000000
vt -0.300000 0.770000 0.000000
vt -0.365000 0.770000 0.000000
vt -0.530000 0.520000 0.000000
vt -0.465000 0.610000 0.000000
vt -0.465000 0.770000 0.000000
vt -0.415000 0.770000 0.000000
vt -0.415000 0.600000 0.000000
vt -0.265000 0.520000 0.000000
vt -0.365000 0.600000 0.000000
vt -0.300000 0.610000 0.000000
vt -0.365000 0.610000 0.000000
vt -0.190000 0.595000 0.000000
vt -0.290000 0.652500 0.000000
vt -0.300000 0.642500 0.000000
vt -0.190000 0.785000 0.000000
vt -0.290000 0.727500 0.000000
vt -0.300000 0.737500 0.000000
vt -0.415000 0.610000 0.000000
vt -0.610000 1.280000 0.000000
vt -0.710000 1.147500 0.000000
vt -0.610000 0.940000 0.000000
vt -0.710000 1.072500 0.000000
vt -0.720000 1.030000 0.000000
vt -0.720000 1.062500 0.000000
vt -0.950000 1.280000 0.000000
vt -0.785000 1.200000 0.000000
vt -0.720000 1.190000 0.000000
vt -0.720000 1.157500 0.000000
vt -0.950000 0.940000 0.000000
vt -0.885000 1.030000 0.000000
vt -0.885000 1.190000 0.000000
vt -0.835000 1.200000 0.000000
vt -0.835000 1.190000 0.000000
vt -0.785000 1.020000 0.000000
vt -0.835000 1.020000 0.000000
vt -0.835000 1.030000 0.000000
vt -0.785000 1.190000 0.000000
vt -0.785000 1.030000 0.000000
vt -0.530000 1.280000 0.000000
vt -0.415000 1.200000 0.000000
vt -0.265000 1.280000 0.000000
vt -0.365000 1.200000 0.000000
vt -0.300000 1.190000 0.000000
vt -0.365000 1.190000 0.000000
vt -0.465000 1.190000 0.000000
vt -0.530000 0.940000 0.000000
vt -0.465000 1.030000 0.000000
vt -0.415000 1.020000 0.000000
vt -0.415000 1.030000 0.000000
vt -0.265000 0.940000 0.000000
vt -0.365000 1.020000 0.000000
vt -0.300000 1.030000 0.000000
vt -0.365000 1.030000 0.000000
vt -0.190000 1.015000 0.000000
vt -0.290000 1.072500 0.000000
vt -0.300000 1.062500 0.000000
vt -0.290000 1.147500 0.000000
vt -0.190000 1.205000 0.000000
vt -0.415000 1.190000 0.000000
vt -0.300000 1.157500 0.000000
vt 0.000000 0.120000 0.000000
vt 0.000000 0.000000 0.000000
vt 0.130000 0.120000 0.000000
vt 0.250000 0.000000 0.000000
vt 0.250000 0.120000 0.000000
vt -0.000000 0.120000 0.000000
vt 0.000000 0.000000 0.000000
vt 0.525000 0.120000 0.000000
vt 0.525000 0.000000 0.000000
vt -0.000000 -0.000000 0.000000
vt 0.086023 0.000000 0.000000
vt -0.000000 0.120000 0.000000
vt 0.086023 0.120000 0.000000
vt 0.030000 0.540000 0.000000
vt 0.000000 0.540000 0.000000
vt 0.030000 0.420000 0.000000
vt 0.030000 0.120000 0.000000
vt 0.000000 0.000000 0.000000
vt 0.030000 0.000000 0.000000
vt 0.150000 0.540000 0.000000
vt -0.000000 0.540000 0.000000
vt 0.150000 0.000000 0.000000
vt 0.000000 0.000000 0.000000
vt 0.191367 0.540000 0.000000
vt -0.000000 0.540000 0.000000
vt 0.191367 0.000000 0.000000
vt -0.000000 0.000000 0.000000
vt 0.115610 0.120000 0.000000
vt 0.558870 -0.000000 0.000000
vt 0.115610 0.420000 0.000000
vt 0.558870 0.540000 0.000000
vt 0.000000 0.540000 0.000000
vt 0.000000 0.120000 0.000000
vt 0.000000 0.000000 0.000000
vt 0.000000 0.420000 0.000000
vt 0.120000 -0.067777 0.000000
vt 0.120000 -0.062832 0.000000
vt 0.060000 -0.067777 0.000000
vt 0.000000 -0.062832 0.000000
vt 0.000000 -0.067777 0.000000
vt 0.060000 -0.072722 0.000000
vt 0.000000 -0.072722 0.000000
vt 0.060000 -0.077667 0.000000
vt 0.000000 -0.077667 0.000000
vt 0.060000 -0.082612 0.000000
vt 0.000000 -0.082612 0.000000
vt 0.060000 -0.087557 0.000000
vt 0.000000 -0.087557 0.000000
vt 0.000000 -0.092502 0.000000
vt 0.120000 -0.092502 0.000000
vt 0.120000 -0.087557 0.000000
vt 0.120000 -0.082612 0.000000
vt 0.120000 -0.077667 0.000000
vt 0.120000 -0.072722 0.000000
vt 0.000000 0.000000 0.000000
vt 0.090000 0.000000 0.000000
vt 0.000000 0.120000 0.000000
vt 0.090000 0.120000 0.000000
vt 0.000000 0.300000 0.000000
vt 0.000000 0.000000 0.000000
vt 0.468123 0.300000 0.000000
vt 0.468123 -0.000000 0.000000
vt 0.751551 -0.000000 0.000000
vt 0.751551 0.300000 0.000000
vt 0.090000 0.540000 0.000000
vt 0.000000 0.540000 0.000000
vt 0.090000 0.420000 0.000000
vt -0.000000 0.420000 0.000000
vt 0.420000 0.038106 0.000000
vt 0.420000 0.033161 0.000000
vt 0.480000 0.038106 0.000000
vt 0.540000 0.033161 0.000000
vt 0.540000 0.038106 0.000000
vt 0.480000 0.043051 0.000000
vt 0.540000 0.043051 0.000000
vt 0.480000 0.047997 0.000000
vt 0.540000 0.047997 0.000000
vt 0.480000 0.052942 0.000000
vt 0.540000 0.052942 0.000000
vt 0.480000 0.057887 0.000000
vt 0.540000 0.057887 0.000000
vt 0.540000 0.062832 0.000000
vt 0.420000 0.062832 0.000000
vt 0.420000 0.057887 0.000000
vt 0.420000 0.052942 0.000000
vt 0.420000 0.047997 0.000000
vt 0.420000 0.043051 0.000000
vt 0.086023 0.540000 0.000000
vt -0.000000 0.540000 0.000000
vt 0.086023 0.420000 0.000000
vt 0.000000 0.420000 0.000000
vt 0.525000 0.420000 0.000000
vt 0.525000 0.540000 0.000000
vt -0.000000 0.420000 0.000000
vt -0.000000 0.540000 0.000000
vt 0.250000 0.420000 0.000000
vt 0.250000 0.540000 0.000000
vt 0.130000 0.420000 0.000000
vt 0.000000 0.540000 0.000000
vt 0.000000 0.420000 0.000000
vt 0.595000 0.770000 0.000000
vt 0.595000 0.765000 0.000000
vt 0.645000 0.770000 0.000000
vt 0.645000 0.765000 0.000000
vt -0.115000 0.000000 0.000000
vt -0.165000 0.000000 0.000000
vt -0.115000 -0.890000 0.000000
vt -0.165000 -0.890000 0.000000
vt 0.000000 -0.890000 0.000000
vt 0.000000 0.000000 0.000000
vt -0.050000 -0.890000 0.000000
vt -0.050000 0.000000 0.000000
vt 0.645000 0.615000 0.000000
vt 0.595000 0.615000 0.000000
vt 0.645000 0.610000 0.000000
vt 0.595000 0.610000 0.000000
vt -0.170000 0.000000 0.000000
vt -0.180000 0.000000 0.000000
vt -0.170000 -0.890000 0.000000
vt -0.180000 -0.990000 0.000000
vt -0.165000 -0.990000 0.000000
vt -0.165000 -0.890000 0.000000
vt 0.645000 0.600000 0.000000
vt 0.695000 0.600000 0.000000
vt 0.645000 0.615000 0.000000
vt 0.695000 0.615000 0.000000
vt -0.010000 -0.000000 0.000000
vt -0.010000 -0.890000 0.000000
vt -0.000000 0.000000 0.000000
vt 0.000000 -0.990000 0.000000
vt -0.015000 -0.990000 0.000000
vt -0.015000 -0.890000 0.000000
vt 0.695000 0.615000 0.000000
vt 0.695000 0.610000 0.000000
vt 0.732500 0.615000 0.000000
vt 0.760000 0.610000 0.000000
vt 0.760000 0.642500 0.000000
vt 0.000000 -0.890000 0.000000
vt -0.038891 -0.890000 0.000000
vt 0.000000 -1.860000 0.000000
vt -0.053033 -1.860000 0.000000
vt -0.053033 -0.000000 0.000000
vt -0.038891 -0.000000 0.000000
vt -0.053033 -1.860000 0.000000
vt -0.000000 -1.860000 0.000000
vt -0.014142 -0.890000 0.000000
vt -0.000000 -0.000000 0.000000
vt -0.014142 -0.000000 0.000000
vt -0.053033 -0.890000 0.000000
vt 0.695000 0.765000 0.000000
vt 0.732500 0.765000 0.000000
vt 0.695000 0.770000 0.000000
vt 0.760000 0.770000 0.000000
vt 0.760000 0.737500 0.000000
vt -0.170000 -0.000000 0.000000
vt -0.180000 -0.000000 0.000000
vt -0.170000 -0.890000 0.000000
vt -0.180000 -0.990000 0.000000
vt -0.165000 -0.990000 0.000000
vt -0.165000 -0.890000 0.000000
vt 0.695000 0.780000 0.000000
vt 0.645000 0.780000 0.000000
vt 0.695000 0.765000 0.000000
vt 0.645000 0.765000 0.000000
vt -0.010000 0.000000 0.000000
vt -0.010000 -0.890000 0.000000
vt 0.000000 -0.000000 0.000000
vt 0.000000 -0.990000 0.000000
vt -0.015000 -0.990000 0.000000
vt -0.015000 -0.890000 0.000000
vt 0.645000 1.190000 0.000000
vt 0.595000 1.190000 0.000000
vt 0.645000 1.185000 0.000000
vt 0.595000 1.185000 0.000000
vt -0.115000 -0.000000 0.000000
vt -0.165000 -0.000000 0.000000
vt -0.115000 -0.890000 0.000000
vt -0.165000 -0.890000 0.000000
vt 0.000000 -0.890000 0.000000
vt 0.000000 -0.000000 0.000000
vt -0.050000 -0.890000 0.000000
vt -0.050000 -0.000000 0.000000
vt 0.645000 1.035000 0.000000
vt 0.595000 1.035000 0.000000
vt 0.645000 1.030000 0.000000
vt 0.595000 1.030000 0.000000
vt -0.170000 0.000000 0.000000
vt -0.180000 0.000000 0.000000
vt -0.170000 -0.890000 0.000000
vt -0.180000 -0.990000 0.000000
vt -0.165000 -0.990000 0.000000
vt -0.165000 -0.890000 0.000000
vt 0.645000 1.020000 0.000000
vt 0.695000 1.020000 0.000000
vt 0.645000 1.035000 0.000000
vt 0.695000 1.035000 0.000000
vt -0.010000 -0.000000 0.000000
vt -0.010000 -0.890000 0.000000
vt 0.000000 0.000000 0.000000
vt 0.000000 -0.990000 0.000000
vt -0.015000 -0.990000 0.000000
vt -0.015000 -0.890000 0.000000
vt 0.695000 1.035000 0.000000
vt 0.695000 1.030000 0.000000
vt 0.732500 1.035000 0.000000
vt 0.760000 1.030000 0.000000
vt 0.760000 1.062500 0.000000
vt 0.000000 -0.890000 0.000000
vt -0.038891 -0.890000 0.000000
vt 0.000000 -1.860000 0.000000
vt -0.053033 -1.860000 0.000000
vt -0.053033 -0.000000 0.000000
vt -0.038891 -0.000000 0.000000
vt -0.053033 -1.860000 0.000000
vt -0.000000 -1.860000 0.000000
vt -0.014142 -0.890000 0.000000
vt 0.000000 0.000000 0.000000
vt -0.014142 -0.000000 0.000000
vt -0.053033 -0.890000 0.000000
vt 0.695000 1.185000 0.000000
vt 0.732500 1.185000 0.000000
vt 0.695000 1.190000 0.000000
vt 0.760000 1.190000 0.000000
vt 0.760000 1.157500 0.000000
vt -0.170000 -0.000000 0.000000
vt -0.180000 -0.000000 0.000000
vt -0.170000 -0.890000 0.000000
vt -0.180000 -0.990000 0.000000
vt -0.165000 -0.990000 0.000000
vt -0.165000 -0.890000 0.000000
vt 0.695000 1.200000 0.000000
vt 0.645000 1.200000 0.000000
vt 0.695000 1.185000 0.000000
vt 0.645000 1.185000 0.000000
vt -0.010000 0.000000 0.000000
vt -0.010000 -0.890000 0.000000
vt -0.000000 0.000000 0.000000
vt -0.000000 -0.990000 0.000000
vt -0.015000 -0.990000 0.000000
vt -0.015000 -0.890000 0.000000
vt -0.053033 -1.860000 0.000000
vt -0.000000 -1.860000 0.000000
vt -0.014142 -0.890000 0.000000
vt 0.000000 0.000000 0.000000
vt -0.014142 -0.000000 0.000000
vt -0.053033 -0.890000 0.000000
vt 0.275000 0.345000 0.000000
vt 0.312500 0.345000 0.000000
vt 0.275000 0.350000 0.000000
vt 0.340000 0.350000 0.000000
vt 0.340000 0.317500 0.000000
vt -0.170000 -0.000000 0.000000
vt -0.180000 -0.000000 0.000000
vt -0.170000 -0.890000 0.000000
vt -0.180000 -0.990000 0.000000
vt -0.165000 -0.990000 0.000000
vt -0.165000 -0.890000 0.000000
vt 0.275000 0.360000 0.000000
vt 0.225000 0.360000 0.000000
vt 0.275000 0.345000 0.000000
vt 0.225000 0.345000 0.000000
vt -0.010000 0.000000 0.000000
vt -0.010000 -0.890000 0.000000
vt -0.000000 0.000000 0.000000
vt -0.000000 -0.990000 0.000000
vt -0.015000 -0.990000 0.000000
vt -0.015000 -0.890000 0.000000
vt 0.225000 0.350000 0.000000
vt 0.175000 0.350000 0.000000
vt 0.225000 0.345000 0.000000
vt 0.175000 0.345000 0.000000
vt -0.115000 0.000000 0.000000
vt -0.165000 0.000000 0.000000
vt -0.115000 -0.890000 0.000000
vt -0.165000 -0.890000 0.000000
vt 0.000000 -0.890000 0.000000
vt -0.000000 0.000000 0.000000
vt -0.050000 -0.890000 0.000000
vt -0.050000 -0.000000 0.000000
vt 0.225000 0.195000 0.000000
vt 0.175000 0.195000 0.000000
vt 0.225000 0.190000 0.000000
vt 0.175000 0.190000 0.000000
vt -0.170000 0.000000 0.000000
vt -0.180000 0.000000 0.000000
vt -0.170000 -0.890000 0.000000
vt -0.180000 -0.990000 0.000000
vt -0.165000 -0.990000 0.000000
vt -0.165000 -0.890000 0.000000
vt 0.225000 0.180000 0.000000
vt 0.275000 0.180000 0.000000
vt 0.225000 0.195000 0.000000
vt 0.275000 0.195000 0.000000
vt -0.010000 -0.000000 0.000000
vt -0.010000 -0.890000 0.000000
vt -0.000000 0.000000 0.000000
vt 0.000000 -0.990000 0.000000
vt -0.015000 -0.990000 0.000000
vt -0.015000 -0.890000 0.000000
vt 0.275000 0.195000 0.000000
vt 0.275000 0.190000 0.000000
vt 0.312500 0.195000 0.000000
vt 0.340000 0.190000 0.000000
vt 0.340000 0.222500 0.000000
vt 0.000000 -0.890000 0.000000
vt -0.038891 -0.890000 0.000000
vt 0.000000 -1.860000 0.000000
vt -0.053033 -1.860000 0.000000
vt -0.053033 -0.000000 0.000000
vt -0.038891 -0.000000 0.000000
vt -0.053033 -1.860000 0.000000
vt -0.000000 -1.860000 0.000000
vt -0.014142 -0.890000 0.000000
vt -0.000000 -0.000000 0.000000
vt -0.014142 -0.000000 0.000000
vt -0.053033 -0.890000 0.000000
vt 0.275000 0.765000 0.000000
vt 0.312500 0.765000 0.000000
vt 0.275000 0.770000 0.000000
vt 0.340000 0.770000 0.000000
vt 0.340000 0.737500 0.000000
vt -0.170000 -0.000000 0.000000
vt -0.180000 -0.000000 0.000000
vt -0.170000 -0.890000 0.000000
vt -0.180000 -0.990000 0.000000
vt -0.165000 -0.990000 0.000000
vt -0.165000 -0.890000 0.000000
vt 0.275000 0.780000 0.000000
vt 0.225000 0.780000 0.000000
vt 0.275000 0.765000 0.000000
vt 0.225000 0.765000 0.000000
vt -0.010000 0.000000 0.000000
vt -0.010000 -0.890000 0.000000
vt 0.000000 -0.000000 0.000000
vt -0.000000 -0.990000 0.000000
vt -0.015000 -0.990000 0.000000
vt -0.015000 -0.890000 0.000000
vt 0.175000 0.770000 0.000000
vt 0.175000 0.765000 0.000000
vt 0.225000 0.770000 0.000000
vt 0.225000 0.765000 0.000000
vt -0.115000 0.000000 0.000000
vt -0.165000 0.000000 0.000000
vt -0.115000 -0.890000 0.000000
vt -0.165000 -0.890000 0.000000
vt 0.000000 -0.890000 0.000000
vt -0.000000 0.000000 0.000000
vt -0.050000 -0.890000 0.000000
vt -0.050000 0.000000 0.000000
vt 0.225000 0.615000 0.000000
vt 0.175000 0.615000 0.000000
vt 0.225000 0.610000 0.000000
vt 0.175000 0.610000 0.000000
vt -0.170000 0.000000 0.000000
vt -0.180000 0.000000 0.000000
vt -0.170000 -0.890000 0.000000
vt -0.180000 -0.990000 0.000000
vt -0.165000 -0.990000 0.000000
vt -0.165000 -0.890000 0.000000
vt 0.225000 0.600000 0.000000
vt 0.275000 0.600000 0.000000
vt 0.225000 0.615000 0.000000
vt 0.275000 0.615000 0.000000
vt -0.010000 -0.000000 0.000000
vt -0.010000 -0.890000 0.000000
vt -0.000000 0.000000 0.000000
vt 0.000000 -0.990000 0.000000
vt -0.015000 -0.990000 0.000000
vt -0.015000 -0.890000 0.000000
vt 0.275000 0.615000 0.000000
vt 0.275000 0.610000 0.000000
vt 0.312500 0.615000 0.000000
vt 0.340000 0.610000 0.000000
vt 0.340000 0.642500 0.000000
vt 0.000000 -0.890000 0.000000
vt -0.038891 -0.890000 0.000000
vt 0.000000 -1.860000 0.000000
vt -0.053033 -1.860000 0.000000
vt -0.053033 -0.000000 0.000000
vt -0.038891 -0.000000 0.000000
vt -0.053033 -1.860000 0.000000
vt -0.000000 -1.860000 0.000000
vt -0.014142 -0.890000 0.000000
vt 0.000000 0.000000 0.000000
vt -0.014142 -0.000000 0.000000
vt -0.053033 -0.890000 0.000000
vt 0.275000 1.185000 0.000000
vt 0.312500 1.185000 0.000000
vt 0.275000 1.190000 0.000000
vt 0.340000 1.190000 0.000000
vt 0.340000 1.157500 0.000000
vt -0.170000 -0.000000 0.000000
vt -0.180000 -0.000000 0.000000
vt -0.170000 -0.890000 0.000000
vt -0.180000 -0.990000 0.000000
vt -0.165000 -0.990000 0.000000
vt -0.165000 -0.890000 0.000000
vt 0.275000 1.200000 0.000000
vt 0.225000 1.200000 0.000000
vt 0.275000 1.185000 0.000000
vt 0.225000 1.185000 0.000000
vt -0.010000 0.000000 0.000000
vt -0.010000 -0.890000 0.000000
vt 0.000000 0.000000 0.000000
vt -0.000000 -0.990000 0.000000
vt -0.015000 -0.990000 0.000000
vt -0.015000 -0.890000 0.000000
vt 0.175000 1.190000 0.000000
vt 0.175000 1.185000 0.000000
vt 0.225000 1.190000 0.000000
vt 0.225000 1.185000 0.000000
vt -0.115000 -0.000000 0.000000
vt -0.165000 -0.000000 0.000000
vt -0.115000 -0.890000 0.000000
vt -0.165000 -0.890000 0.000000
vt 0.000000 -0.890000 0.000000
vt -0.000000 -0.000000 0.000000
vt -0.050000 -0.890000 0.000000
vt -0.050000 -0.000000 0.000000
vt 0.225000 1.035000 0.000000
vt 0.175000 1.035000 0.000000
vt 0.225000 1.030000 0.000000
vt 0.175000 1.030000 0.000000
vt -0.170000 0.000000 0.000000
vt -0.180000 0.000000 0.000000
vt -0.170000 -0.890000 0.000000
vt -0.180000 -0.990000 0.000000
vt -0.165000 -0.990000 0.000000
vt -0.165000 -0.890000 0.000000
vt 0.225000 1.020000 0.000000
vt 0.275000 1.020000 0.000000
vt 0.225000 1.035000 0.000000
vt 0.275000 1.035000 0.000000
vt -0.010000 -0.000000 0.000000
vt -0.010000 -0.890000 0.000000
vt 0.000000 0.000000 0.000000
vt 0.000000 -0.990000 0.000000
vt -0.015000 -0.990000 0.000000
vt -0.015000 -0.890000 0.000000
vt 0.275000 1.035000 0.000000
vt 0.275000 1.030000 0.000000
vt 0.312500 1.035000 0.000000
vt 0.340000 1.030000 0.000000
vt 0.340000 1.062500 0.000000
vt 0.000000 -0.890000 0.000000
vt -0.038891 -0.890000 0.000000
vt 0.000000 -1.860000 0.000000
vt -0.053033 -1.860000 0.000000
vt -0.053033 -0.000000 0.000000
vt -0.038891 -0.000000 0.000000
vt 0.595000 0.350000 0.000000
vt 0.595000 0.345000 0.000000
vt 0.645000 0.350000 0.000000
vt 0.645000 0.345000 0.000000
vt -0.115000 0.000000 0.000000
vt -0.165000 -0.000000 0.000000
vt -0.115000 -0.890000 0.000000
vt -0.165000 -0.890000 0.000000
vt 0.000000 -0.890000 0.000000
vt -0.000000 0.000000 0.000000
vt -0.050000 -0.890000 0.000000
vt -0.050000 -0.000000 0.000000
vt 0.645000 0.195000 0.000000
vt 0.595000 0.195000 0.000000
vt 0.645000 0.190000 0.000000
vt 0.595000 0.190000 0.000000
vt -0.170000 0.000000 0.000000
vt -0.180000 0.000000 0.000000
vt -0.170000 -0.890000 0.000000
vt -0.180000 -0.990000 0.000000
vt -0.165000 -0.990000 0.000000
vt -0.165000 -0.890000 0.000000
vt 0.645000 0.180000 0.000000
vt 0.695000 0.180000 0.000000
vt 0.645000 0.195000 0.000000
vt 0.695000 0.195000 0.000000
vt -0.010000 -0.000000 0.000000
vt -0.010000 -0.890000 0.000000
vt -0.000000 -0.000000 0.000000
vt -0.000000 -0.990000 0.000000
vt -0.015000 -0.990000 0.000000
vt -0.015000 -0.890000 0.000000
vt 0.695000 0.195000 0.000000
vt 0.695000 0.190000 0.000000
vt 0.732500 0.195000 0.000000
vt 0.760000 0.190000 0.000000
vt 0.760000 0.222500 0.000000
vt 0.000000 -0.890000 0.000000
vt -0.038891 -0.890000 0.000000
vt 0.000000 -1.860000 0.000000
vt -0.053033 -1.860000 0.000000
vt -0.053033 -0.000000 0.000000
vt -0.038891 -0.000000 0.000000
vt -0.053033 -1.860000 0.000000
vt -0.000000 -1.860000 0.000000
vt -0.014142 -0.890000 0.000000
vt -0.000000 0.000000 0.000000
vt -0.014142 -0.000000 0.000000
vt -0.053033 -0.890000 0.000000
vt 0.695000 0.345000 0.000000
vt 0.732500 0.345000 0.000000
vt 0.695000 0.350000 0.000000
vt 0.760000 0.350000 0.000000
vt 0.760000 0.317500 0.000000
vt -0.170000 -0.000000 0.000000
vt -0.180000 -0.000000 0.000000
vt -0.170000 -0.890000 0.000000
vt -0.180000 -0.990000 0.000000
vt -0.165000 -0.990000 0.000000
vt -0.165000 -0.890000 0.000000
vt 0.695000 0.345000 0.000000
vt 0.695000 0.360000 0.000000
vt 0.645000 0.345000 0.000000
vt 0.645000 0.360000 0.000000
vt -0.010000 0.000000 0.000000
vt -0.010000 -0.890000 0.000000
vt -0.000000 0.000000 0.000000
vt -0.000000 -0.990000 0.000000
vt -0.015000 -0.990000 0.000000
vt -0.015000 -0.890000 0.000000
vt -0.050000 -0.990000 0.000000
vt -0.000000 -0.990000 0.000000
vt -0.050000 0.000000 0.000000
vt 0.000000 -0.000000 0.000000
vt -0.065000 -0.890000 0.000000
vt 0.000000 -0.890000 0.000000
vt -0.065000 0.000000 0.000000
vt 0.000000 0.000000 0.000000
vt -0.160000 -0.000000 0.000000
vt -0.160000 -0.890000 0.000000
vt -0.127500 -0.000000 0.000000
vt -0.127500 -0.890000 0.000000
vt -0.032500 -0.890000 0.000000
vt -0.000000 -0.890000 0.000000
vt -0.032500 -0.000000 0.000000
vt -0.000000 -0.000000 0.000000
vt -0.165000 -0.000000 0.000000
vt -0.165000 -0.890000 0.000000
vt -0.100000 0.000000 0.000000
vt -0.100000 -0.890000 0.000000
vt -0.050000 0.000000 0.000000
vt -0.050000 -0.990000 0.000000
vt -0.000000 -0.000000 0.000000
vt -0.000000 -0.990000 0.000000
vt -0.050000 -0.000000 0.000000
vt -0.050000 -0.990000 0.000000
vt 0.000000 -0.000000 0.000000
vt 0.000000 -0.990000 0.000000
vt -0.050000 -0.990000 0.000000
vt -0.000000 -0.990000 0.000000
vt -0.050000 0.000000 0.000000
vt -0.000000 -0.000000 0.000000
vt -0.065000 -0.890000 0.000000
vt -0.000000 -0.890000 0.000000
vt -0.065000 0.000000 0.000000
vt -0.000000 0.000000 0.000000
vt -0.160000 -0.890000 0.000000
vt -0.127500 -0.890000 0.000000
vt -0.160000 -0.000000 0.000000
vt -0.127500 -0.000000 0.000000
vt -0.032500 -0.890000 0.000000
vt -0.000000 -0.890000 0.000000
vt -0.032500 -0.000000 0.000000
vt -0.000000 -0.000000 0.000000
vt -0.165000 -0.000000 0.000000
vt -0.165000 -0.890000 0.000000
vt -0.100000 -0.000000 0.000000
vt -0.100000 -0.890000 0.000000
vt -0.050000 -0.990000 0.000000
vt -0.000000 -0.990000 0.000000
vt -0.050000 -0.000000 0.000000
vt 0.000000 -0.000000 0.000000
vt -0.065000 -0.890000 0.000000
vt 0.000000 -0.890000 0.000000
vt -0.065000 0.000000 0.000000
vt 0.000000 0.000000 0.000000
vt -0.160000 -0.000000 0.000000
vt -0.160000 -0.890000 0.000000
vt -0.127500 -0.000000 0.000000
vt -0.127500 -0.890000 0.000000
vt -0.032500 -0.890000 0.000000
vt 0.000000 -0.890000 0.000000
vt -0.032500 -0.000000 0.000000
vt 0.000000 0.000000 0.000000
vt -0.165000 0.000000 0.000000
vt -0.165000 -0.890000 0.000000
vt -0.100000 0.000000 0.000000
vt -0.100000 -0.890000 0.000000
vt -0.050000 0.000000 0.000000
vt -0.050000 -0.990000 0.000000
vt -0.000000 0.000000 0.000000
vt -0.000000 -0.990000 0.000000
vt -0.050000 0.000000 0.000000
vt -0.050000 -0.990000 0.000000
vt 0.000000 0.000000 0.000000
vt 0.000000 -0.990000 0.000000
vt -0.050000 -0.990000 0.000000
vt -0.000000 -0.990000 0.000000
vt -0.050000 -0.000000 0.000000
vt -0.000000 -0.000000 0.000000
vt -0.065000 -0.890000 0.000000
vt -0.000000 -0.890000 0.000000
vt -0.065000 0.000000 0.000000
vt -0.000000 0.000000 0.000000
vt -0.160000 -0.000000 0.000000
vt -0.160000 -0.890000 0.000000
vt -0.127500 -0.000000 0.000000
vt -0.127500 -0.890000 0.000000
vt -0.032500 -0.890000 0.000000
vt 0.000000 -0.890000 0.000000
vt -0.032500 -0.000000 0.000000
vt 0.000000 0.000000 0.000000
vt -0.165000 0.000000 0.000000
vt -0.165000 -0.890000 0.000000
vt -0.100000 0.000000 0.000000
vt -0.100000 -0.890000 0.000000
vt -0.050000 -0.990000 0.000000
vt -0.000000 -0.990000 0.000000
vt -0.050000 0.000000 0.000000
vt 0.000000 0.000000 0.000000
vt -0.065000 -0.890000 0.000000
vt 0.000000 -0.890000 0.000000
vt -0.065000 0.000000 0.000000
vt 0.000000 -0.000000 0.000000
vt -0.160000 -0.890000 0.000000
vt -0.127500 -0.890000 0.000000
vt -0.160000 -0.000000 0.000000
vt -0.127500 -0.000000 0.000000
vt -0.032500 -0.890000 0.000000
vt -0.000000 -0.890000 0.000000
vt -0.032500 -0.000000 0.000000
vt -0.000000 -0.000000 0.000000
vt -0.165000 -0.000000 0.000000
vt -0.165000 -0.890000 0.000000
vt -0.100000 -0.000000 0.000000
vt -0.100000 -0.890000 0.000000
vt -0.050000 0.000000 0.000000
vt -0.050000 -0.990000 0.000000
vt -0.000000 0.000000 0.000000
vt -0.000000 -0.990000 0.000000
vt -0.050000 0.000000 0.000000
vt -0.050000 -0.990000 0.000000
vt 0.000000 0.000000 0.000000
vt 0.000000 -0.990000 0.000000
vt -0.050000 -0.990000 0.000000
vt -0.000000 -0.990000 0.000000
vt -0.050000 0.000000 0.000000
vt -0.000000 0.000000 0.000000
vt -0.065000 -0.890000 0.000000
vt -0.000000 -0.890000 0.000000
vt -0.065000 0.000000 0.000000
vt -0.000000 -0.000000 0.000000
vt -0.160000 -0.890000 0.000000
vt -0.127500 -0.890000 0.000000
vt -0.160000 -0.000000 0.000000
vt -0.127500 -0.000000 0.000000
vt -0.032500 -0.890000 0.000000
vt -0.000000 -0.890000 0.000000
vt -0.032500 -0.000000 0.000000
vt -0.000000 -0.000000 0.000000
vt -0.165000 -0.000000 0.000000
vt -0.165000 -0.890000 0.000000
vt -0.100000 -0.000000 0.000000
vt -0.100000 -0.890000 0.000000
vt -0.125000 0.630000 0.000000
vt 0.343123 0.630000 0.000000
vt -0.125000 0.760000 0.000000
vt 0.630000 0.760000 0.000000
vt 0.560000 0.830000 0.000000
vt 0.330000 0.480000 0.000000
vt 0.480000 0.480000 0.000000
vt 0.630000 0.630000 0.000000
vt -0.700000 0.830000 0.000000
vt -0.650000 0.760000 0.000000
vt -0.000000 -0.000000 0.000000
vt 1.260000 0.000000 0.000000
vt -0.000000 0.300000 0.000000
vt 1.260000 0.300000 0.000000
vt 0.150573 0.300000 0.000000
vt 0.000000 0.300000 0.000000
vt 0.150573 0.000000 0.000000
vt 0.000000 0.000000 0.000000
vt 0.650000 0.760000 0.000000
vt 0.700000 0.830000 0.000000
vt 0.125000 0.760000 0.000000
vt -0.560000 0.830000 0.000000
vt -0.630000 0.760000 0.000000
vt -0.343123 0.630000 0.000000
vt -0.630000 0.630000 0.000000
vt -0.480000 0.480000 0.000000
vt -0.330000 0.480000 0.000000
vt 0.125000 0.630000 0.000000
vt 0.150000 0.300000 0.000000
vt -0.000000 0.300000 0.000000
vt 0.150000 -0.000000 0.000000
vt -0.000000 0.000000 0.000000
vt 0.212132 0.300000 0.000000
vt -0.000000 0.300000 0.000000
vt 0.212132 -0.000000 0.000000
vt -0.000000 0.000000 0.000000
vt 0.130000 0.300000 0.000000
vt 0.000000 0.300000 0.000000
vt 0.130000 0.000000 0.000000
vt 0.000000 0.000000 0.000000
vt 0.098995 0.300000 0.000000
vt -0.000000 0.300000 0.000000
vt 0.098995 0.000000 0.000000
vt -0.000000 -0.000000 0.000000
vn 0.000000 1.000000 -0.000000
vn 0.000000 1.000000 -0.000000
vn 0.000000 1.000000 -0.000000
vn 0.000000 1.000000 -0.000000
vn 0.000000 1.000000 -0.000000
vn 0.000000 1.000000 -0.000000
vn 0.000000 1.000000 -0.000000
vn 0.000000 1.000000 -0.000000
vn 1.000000 -0.000000 -0.000000
vn 1.000000 -0.000000 -0.000000
vn 1.000000 -0.000000 -0.000000
vn 1.000000 -0.000000 -0.000000
vn 1.000000 -0.000000 -0.000000
vn 1.000000 -0.000000 -0.000000
vn 1.000000 -0.000000 -0.000000
vn 1.000000 -0.000000 -0.000000
vn 1.000000 -0.000000 -0.000000
vn 1.000000 -0.000000 -0.000000
vn 1.000000 -0.000000 -0.000000
vn 1.000000 -0.000000 -0.000000
vn 1.000000 -0.000000 -0.000000
vn 1.000000 -0.000000 -0.000000
vn 1.000000 -0.000000 -0.000000
vn 1.000000 -0.000000 -0.000000
vn 1.000000 -0.000000 -0.000000
vn 1.000000 -0.000000 -0.000000
vn 1.000000 -0.000000 -0.000000
vn 1.000000 -0.000000 -0.000000
vn 1.000000 -0.000000 -0.000000
vn 1.000000 -0.000000 -0.000000
vn 1.000000 -0.000000 -0.000000
vn 1.000000 -0.000000 -0.000000
vn 1.000000 -0.000000 -0.000000
vn 1.000000 -0.000000 -0.000000
vn 1.000000 -0.000000 -0.000000
vn 1.000000 -0.000000 -0.000000
vn 1.000000 -0.000000 -0.000000
vn 1.000000 -0.000000 -0.000000
vn 1.000000 -0.000000 -0.000000
vn 1.000000 -0.000000 -0.000000
vn 1.000000 -0.000000 -0.000000
vn 1.000000 -0.000000 -0.000000
vn 1.000000 -0.000000 -0.000000
vn 1.000000 -0.000000 -0.000000
vn 1.000000 -0.000000 -0.000000
vn 1.000000 -0.000000 -0.000000
vn 1.000000 -0.000000 -0.000000
vn 1.000000 -0.000000 -0.000000
vn 1.000000 -0.000000 -0.000000
vn 1.000000 -0.000000 -0.000000
vn 1.000000 -0.000000 -0.000000
vn 1.000000 -0.000000 -0.000000
vn 1.000000 -0.000000 -0.000000
vn 1.000000 -0.000000 -0.000000
vn 1.000000 -0.000000 -0.000000
vn 1.000000 -0.000000 -0.000000
vn 1.000000 -0.000000 -0.000000
vn 1.000000 -0.000000 -0.000000
vn 1.000000 -0.000000 -0.000000
vn 1.000000 -0.000000 -0.000000
vn 1.000000 -0.000000 -0.000000
vn 1.000000 -0.000000 -0.000000
vn 1.000000 -0.000000 -0.000000
vn 1.000000 -0.000000 -0.000000
vn 0.000000 0.965926 -0.258819
vn 0.000000 0.965926 -0.258819
vn 0.000000 0.866025 -0.500000
vn 0.000000 0.866025 -0.500000
vn 0.000000 0.707107 -0.707107
vn 0.000000 0.707107 -0.707107
vn 0.000000 0.500000 -0.866025
vn 0.000000 0.500000 -0.866025
vn -0.000000 0.258819 -0.965926
vn -0.000000 0.258819 -0.965926
vn -0.000000 -0.000000 -1.000000
vn -0.000000 -0.000000 -1.000000
vn -1.000000 0.000000 0.000000
vn -1.000000 0.000000 0.000000
vn -1.000000 0.000000 0.000000
vn -1.000000 0.000000 0.000000
vn -1.000000 0.000000 0.000000
vn -1.000000 0.000000 0.000000
vn -1.000000 0.000000 0.000000
vn -1.000000 0.000000 0.000000
vn -1.000000 0.000000 0.000000
vn -1.000000 0.000000 0.000000
vn -1.000000 0.000000 0.000000
vn -1.000000 0.000000 0.000000
vn -1.000000 0.000000 0.000000
vn -1.000000 0.000000 0.000000
vn -1.000000 0.000000 0.000000
vn -1.000000 0.000000 0.000000
vn -1.000000 0.000000 0.000000
vn -1.000000 0.000000 0.000000
vn -1.000000 0.000000 0.000000
vn -1.000000 0.000000 0.000000
vn -1.000000 0.000000 0.000000
vn -1.000000 0.000000 0.000000
vn -1.000000 0.000000 0.000000
vn -1.000000 0.000000 0.000000
vn -1.000000 0.000000 0.000000
vn -1.000000 0.000000 0.000000
vn -1.000000 0.000000 0.000000
vn -1.000000 0.000000 0.000000
vn -1.000000 0.000000 0.000000
vn -1.000000 0.000000 0.000000
vn -1.000000 0.000000 0.000000
vn -1.000000 0.000000 0.000000
vn -1.000000 0.000000 0.000000
vn -1.000000 0.000000 0.000000
vn -1.000000 0.000000 0.000000
vn -1.000000 0.000000 0.000000
vn -1.000000 0.000000 0.000000
vn -1.000000 0.000000 0.000000
vn -1.000000 0.000000 0.000000
vn -1.000000 0.000000 0.000000
vn -1.000000 0.000000 0.000000
vn -1.000000 0.000000 0.000000
vn -1.000000 0.000000 0.000000
vn -1.000000 0.000000 0.000000
vn -1.000000 0.000000 0.000000
vn -1.000000 0.000000 0.000000
vn -1.000000 0.000000 0.000000
vn -1.000000 0.000000 0.000000
vn -1.000000 0.000000 0.000000
vn -1.000000 0.000000 0.000000
vn -1.000000 0.000000 0.000000
vn -1.000000 0.000000 0.000000
vn -1.000000 0.000000 0.000000
vn -1.000000 0.000000 0.000000
vn -1.000000 0.000000 0.000000
vn -1.000000 0.000000 0.000000
vn -1.000000 0.000000 0.000000
vn -1.000000 0.000000 0.000000
vn -1.000000 0.000000 0.000000
vn -1.000000 0.000000 0.000000
vn -1.000000 0.000000 0.000000
vn -1.000000 0.000000 0.000000
vn -1.000000 0.000000 0.000000
vn -1.000000 0.000000 0.000000
vn -1.000000 0.000000 0.000000
vn -1.000000 0.000000 0.000000
vn -1.000000 0.000000 0.000000
vn -1.000000 0.000000 0.000000
vn -1.000000 0.000000 0.000000
vn -1.000000 0.000000 0.000000
vn -1.000000 0.000000 0.000000
vn -1.000000 0.000000 0.000000
vn -1.000000 0.000000 0.000000
vn -1.000000 0.000000 0.000000
vn -1.000000 0.000000 0.000000
vn -1.000000 0.000000 0.000000
vn -1.000000 0.000000 0.000000
vn -1.000000 0.000000 0.000000
vn -1.000000 0.000000 0.000000
vn -1.000000 0.000000 0.000000
vn -1.000000 0.000000 0.000000
vn -1.000000 0.000000 0.000000
vn -1.000000 0.000000 0.000000
vn -1.000000 0.000000 0.000000
vn -1.000000 0.000000 0.000000
vn -1.000000 0.000000 0.000000
vn -1.000000 0.000000 0.000000
vn -1.000000 0.000000 0.000000
vn -1.000000 0.000000 0.000000
vn -1.000000 0.000000 0.000000
vn -1.000000 0.000000 0.000000
vn -1.000000 0.000000 0.000000
vn -1.000000 0.000000 0.000000
vn -1.000000 0.000000 0.000000
vn -0.000000 -0.000000 -1.000000
vn -0.000000 -0.000000 -1.000000
vn -0.000000 -0.000000 -1.000000
vn -0.000000 -0.000000 -1.000000
vn -1.000000 0.000000 0.000000
vn -1.000000 0.000000 0.000000
vn -1.000000 0.000000 0.000000
vn -1.000000 0.000000 0.000000
vn -1.000000 0.000000 0.000000
vn -1.000000 0.000000 0.000000
vn -1.000000 0.000000 0.000000
vn -1.000000 0.000000 0.000000
vn -1.000000 0.000000 0.000000
vn -1.000000 0.000000 0.000000
vn -1.000000 0.000000 0.000000
vn -1.000000 0.000000 0.000000
vn -1.000000 0.000000 0.000000
vn -1.000000 0.000000 0.000000
vn -1.000000 0.000000 0.000000
vn -1.000000 0.000000 0.000000
vn -1.000000 0.000000 0.000000
vn -1.000000 0.000000 0.000000
vn -1.000000 0.000000 0.000000
vn -1.000000 0.000000 0.000000
vn -1.000000 0.000000 0.000000
vn -1.000000 0.000000 0.000000
vn -1.000000 0.000000 0.000000
vn -1.000000 0.000000 0.000000
vn -1.000000 0.000000 0.000000
vn -1.000000 0.000000 0.000000
vn -1.000000 0.000000 0.000000
vn -1.000000 0.000000 0.000000
vn -1.000000 0.000000 0.000000
vn -1.000000 0.000000 0.000000
vn -1.000000 0.000000 0.000000
vn -1.000000 0.000000 0.000000
vn -1.000000 0.000000 0.000000
vn -1.000000 0.000000 0.000000
vn -1.000000 0.000000 0.000000
vn -1.000000 0.000000 0.000000
vn -1.000000 0.000000 0.000000
vn -1.000000 0.000000 0.000000
vn -1.000000 0.000000 0.000000
vn -1.000000 0.000000 0.000000
vn -1.000000 0.000000 0.000000
vn -1.000000 0.000000 0.000000
vn -1.000000 0.000000 0.000000
vn -1.000000 0.000000 0.000000
vn -1.000000 0.000000 0.000000
vn -1.000000 0.000000 0.000000
vn -1.000000 0.000000 0.000000
vn -1.000000 0.000000 0.000000
vn -1.000000 0.000000 0.000000
vn -1.000000 0.000000 0.000000
vn -1.000000 0.000000 0.000000
vn -1.000000 0.000000 0.000000
vn -1.000000 0.000000 0.000000
vn -1.000000 0.000000 0.000000
vn -1.000000 0.000000 0.000000
vn -1.000000 0.000000 0.000000
vn -1.000000 0.000000 0.000000
vn -1.000000 0.000000 0.000000
vn -1.000000 0.000000 0.000000
vn -1.000000 0.000000 0.000000
vn -1.000000 0.000000 0.000000
vn -1.000000 0.000000 0.000000
vn -1.000000 0.000000 0.000000
vn -1.000000 0.000000 0.000000
vn -1.000000 0.000000 0.000000
vn -1.000000 0.000000 0.000000
vn -1.000000 0.000000 0.000000
vn -1.000000 0.000000 0.000000
vn -1.000000 0.000000 0.000000
vn -1.000000 0.000000 0.000000
vn -1.000000 0.000000 0.000000
vn -1.000000 0.000000 0.000000
vn -1.000000 0.000000 0.000000
vn -1.000000 0.000000 0.000000
vn -1.000000 0.000000 0.000000
vn -1.000000 0.000000 0.000000
vn -1.000000 0.000000 0.000000
vn -1.000000 0.000000 0.000000
vn -1.000000 0.000000 0.000000
vn -1.000000 0.000000 0.000000
vn -1.000000 0.000000 0.000000
vn -1.000000 0.000000 0.000000
vn -1.000000 0.000000 0.000000
vn -1.000000 0.000000 0.000000
vn -1.000000 0.000000 0.000000
vn -1.000000 0.000000 0.000000
vn -1.000000 0.000000 0.000000
vn -1.000000 0.000000 0.000000
vn -1.000000 0.000000 0.000000
vn -1.000000 0.000000 0.000000
vn -1.000000 0.000000 0.000000
vn -1.000000 0.000000 0.000000
vn -1.000000 0.000000 0.000000
vn -1.000000 0.000000 0.000000
vn -1.000000 0.000000 0.000000
vn -1.000000 0.000000 0.000000
vn -1.000000 0.000000 0.000000
vn -1.000000 0.000000 0.000000
vn -1.000000 0.000000 0.000000
vn -1.000000 0.000000 0.000000
vn -1.000000 0.000000 0.000000
vn -1.000000 0.000000 0.000000
vn -1.000000 0.000000 0.000000
vn -1.000000 0.000000 0.000000
vn -1.000000 0.000000 0.000000
vn -1.000000 0.000000 0.000000
vn -1.000000 0.000000 0.000000
vn -1.000000 0.000000 0.000000
vn -1.000000 0.000000 0.000000
vn -1.000000 0.000000 0.000000
vn -1.000000 0.000000 0.000000
vn -1.000000 0.000000 0.000000
vn 0.000000 0.000000 1.000000
vn 0.000000 0.000000 1.000000
vn 0.000000 0.000000 1.000000
vn 0.000000 0.000000 1.000000
vn 0.000000 0.000000 1.000000
vn 0.000000 0.000000 1.000000
vn 0.000000 0.000000 1.000000
vn 0.000000 0.000000 1.000000
vn 0.000000 0.000000 1.000000
vn 0.000000 0.000000 1.000000
vn 0.000000 0.000000 1.000000
vn 0.000000 0.000000 1.000000
vn 0.000000 0.000000 1.000000
vn 0.000000 0.000000 1.000000
vn 0.000000 0.000000 1.000000
vn 0.000000 0.000000 1.000000
vn -1.000000 0.000000 0.000000
vn -1.000000 0.000000 0.000000
vn -1.000000 0.000000 0.000000
vn -1.000000 0.000000 0.000000
vn -1.000000 0.000000 0.000000
vn -1.000000 0.000000 0.000000
vn -1.000000 0.000000 0.000000
vn -1.000000 0.000000 0.000000
vn -1.000000 0.000000 0.000000
vn -1.000000 0.000000 0.000000
vn 0.000000 0.965926 0.258819
vn 0.000000 0.965926 0.258819
vn 0.000000 0.866025 0.500000
vn 0.000000 0.866025 0.500000
vn 0.000000 0.707107 0.707107
vn 0.000000 0.707107 0.707107
vn 0.000000 0.500000 0.866025
vn 0.000000 0.500000 0.866025
vn 0.000000 0.258819 0.965926
vn 0.000000 0.258819 0.965926
vn 0.000000 0.000000 1.000000
vn 0.000000 0.000000 1.000000
vn 0.000000 0.000000 1.000000
vn 0.000000 0.000000 1.000000
vn -0.000000 -1.000000 0.000000
vn -0.000000 -1.000000 0.000000
vn -0.000000 -1.000000 0.000000
vn -0.000000 -1.000000 0.000000
vn 0.000000 1.000000 -0.000000
vn 0.000000 1.000000 -0.000000
vn 0.000000 1.000000 -0.000000
vn 0.000000 1.000000 -0.000000
vn 0.000000 0.000000 1.000000
vn 0.000000 0.000000 1.000000
vn 0.000000 0.000000 1.000000
vn 0.000000 0.000000 1.000000
vn 0.000000 -0.258819 0.965926
vn 0.000000 -0.258819 0.965926
vn -0.000000 -0.500000 0.866025
vn -0.000000 -0.707107 0.707107
vn -0.000000 -0.707107 0.707107
vn -0.000000 -0.500000 0.866025
vn -0.000000 -0.866025 0.500000
vn -0.000000 -0.866025 0.500000
vn -0.000000 -0.965926 0.258819
vn -0.000000 -0.965926 0.258819
vn -0.000000 -1.000000 0.000000
vn -0.000000 -1.000000 0.000000
vn -0.000000 -1.000000 0.000000
vn -0.000000 -1.000000 0.000000
vn -0.000000 -1.000000 0.000000
vn -0.000000 -1.000000 0.000000
vn -0.000000 -1.000000 0.000000
vn -0.000000 -1.000000 0.000000
vn -0.000000 -1.000000 0.000000
vn -0.000000 -1.000000 0.000000
vn -0.000000 -1.000000 0.000000
vn -0.000000 -0.965926 -0.258819
vn -0.000000 -0.965926 -0.258819
vn -0.000000 -0.866025 -0.500000
vn -0.000000 -0.866025 -0.500000
vn -0.000000 -0.707107 -0.707107
vn -0.000000 -0.707107 -0.707107
vn -0.000000 -0.500000 -0.866025
vn -0.000000 -0.500000 -0.866025
vn -0.000000 -0.258819 -0.965926
vn -0.000000 -0.258819 -0.965926
vn -0.000000 -0.000000 -1.000000
vn -0.000000 -0.000000 -1.000000
vn -0.000000 -0.000000 -1.000000
vn -0.000000 -0.000000 -1.000000
vn 0.668965 -0.000000 -0.743294
vn 0.668965 -0.000000 -0.743294
vn 0.668965 -0.000000 -0.743294
vn 0.668965 -0.000000 -0.743294
vn 0.724138 -0.689655 0.000000
vn 0.724138 -0.689655 0.000000
vn 0.724138 -0.689655 0.000000
vn 0.724138 -0.689655 0.000000
vn 0.724138 -0.689655 0.000000
vn 0.668965 0.000000 0.743294
vn 0.668965 0.000000 0.743294
vn 0.668965 0.000000 0.743294
vn 0.668965 0.000000 0.743294
vn 0.668965 0.000000 0.743294
vn 0.668965 0.000000 0.743294
vn 0.724138 0.689655 -0.000000
vn 0.724138 0.689655 -0.000000
vn 0.724138 0.689655 -0.000000
vn 0.724138 0.689655 -0.000000
vn 0.724138 0.689655 -0.000000
vn 0.668965 -0.000000 -0.743294
vn 0.668965 -0.000000 -0.743294
vn 0.668965 -0.000000 -0.743294
vn 0.668965 -0.000000 -0.743294
vn 0.724138 -0.689655 0.000000
vn 0.724138 -0.689655 0.000000
vn 0.724138 -0.689655 0.000000
vn 0.724138 -0.689655 0.000000
vn 0.724138 -0.689655 0.000000
vn 0.668965 0.000000 0.743294
vn 0.668965 0.000000 0.743294
vn 0.668965 0.000000 0.743294
vn 0.668965 0.000000 0.743294
vn 0.668965 0.000000 0.743294
vn 0.668965 0.000000 0.743294
vn 0.724138 0.689655 -0.000000
vn 0.724138 0.689655 -0.000000
vn 0.724138 0.689655 -0.000000
vn 0.724138 0.689655 -0.000000
vn 0.724138 0.689655 -0.000000
vn 0.724138 0.689655 -0.000000
vn 0.724138 0.689655 -0.000000
vn 0.724138 0.689655 -0.000000
vn 0.724138 0.689655 -0.000000
vn 0.724138 0.689655 -0.000000
vn 0.688749 -0.000000 -0.724999
vn 0.688749 -0.000000 -0.724999
vn 0.688749 -0.000000 -0.724999
vn 0.688749 -0.000000 -0.724999
vn 0.724138 -0.689655 0.000000
vn 0.724138 -0.689655 0.000000
vn 0.724138 -0.689655 0.000000
vn 0.724138 -0.689655 0.000000
vn 0.724138 -0.689655 0.000000
vn 0.688749 0.000000 0.724999
vn 0.688749 0.000000 0.724999
vn 0.688749 0.000000 0.724999
vn 0.688749 0.000000 0.724999
vn 0.688749 0.000000 0.724999
vn 0.688749 0.000000 0.724999
vn 0.724138 0.689655 -0.000000
vn 0.724138 0.689655 -0.000000
vn 0.724138 0.689655 -0.000000
vn 0.724138 0.689655 -0.000000
vn 0.724138 0.689655 -0.000000
vn 0.688749 -0.000000 -0.724999
vn 0.688749 -0.000000 -0.724999
vn 0.688749 -0.000000 -0.724999
vn 0.688749 -0.000000 -0.724999
vn 0.724138 -0.689655 0.000000
vn 0.724138 -0.689655 0.000000
vn 0.724138 -0.689655 0.000000
vn 0.724138 -0.689655 0.000000
vn 0.724138 -0.689655 0.000000
vn 0.688749 0.000000 0.724999
vn 0.688749 0.000000 0.724999
vn 0.688749 0.000000 0.724999
vn 0.688749 0.000000 0.724999
vn 0.688749 0.000000 0.724999
vn 0.688749 0.000000 0.724999
vn 0.724138 0.689655 -0.000000
vn 0.724138 0.689655 -0.000000
vn 0.724138 0.689655 -0.000000
vn 0.724138 0.689655 -0.000000
vn 0.724138 0.689655 -0.000000
vn 0.688749 -0.000000 -0.724999
vn 0.688749 -0.000000 -0.724999
vn 0.688749 -0.000000 -0.724999
vn 0.688749 -0.000000 -0.724999
vn 0.724138 -0.689655 0.000000
vn 0.724138 -0.689655 0.000000
vn 0.724138 -0.689655 0.000000
vn 0.724138 -0.689655 0.000000
vn 0.724138 -0.689655 0.000000
vn 0.688749 0.000000 0.724999
vn 0.688749 0.000000 0.724999
vn 0.688749 0.000000 0.724999
vn 0.688749 0.000000 0.724999
vn 0.688749 0.000000 0.724999
vn 0.688749 0.000000 0.724999
vn 0.668965 -0.000000 -0.743294
vn 0.668965 -0.000000 -0.743294
vn 0.668965 -0.000000 -0.743294
vn 0.668965 -0.000000 -0.743294
vn 0.724138 -0.689655 0.000000
vn 0.724138 -0.689655 0.000000
vn 0.724138 -0.689655 0.000000
vn 0.724138 -0.689655 0.000000
vn 0.724138 -0.689655 0.000000
vn 0.668965 0.000000 0.743294
vn 0.668965 0.000000 0.743294
vn 0.668965 0.000000 0.743294
vn 0.668965 0.000000 0.743294
vn 0.668965 0.000000 0.743294
vn 0.668965 0.000000 0.743294
vn 0.724138 0.689655 -0.000000
vn 0.724138 0.689655 -0.000000
vn 0.724138 0.689655 -0.000000
vn 0.724138 0.689655 -0.000000
vn 0.724138 0.689655 -0.000000
vn -0.000000 -0.000000 -1.000000
vn -0.000000 -0.000000 -1.000000
vn -0.000000 -0.000000 -1.000000
vn -0.000000 -0.000000 -1.000000
vn -0.000000 -0.965926 -0.258819
vn -0.000000 -0.965926 -0.258819
vn -0.000000 -1.000000 0.000000
vn -0.000000 -0.965926 -0.258819
vn -0.000000 -0.965926 -0.258819
vn -0.000000 -0.866025 -0.500000
vn -0.000000 -0.866025 -0.500000
vn -0.000000 -0.707107 -0.707107
vn -0.000000 -0.707107 -0.707107
vn -0.000000 -0.500000 -0.866025
vn -0.000000 -0.500000 -0.866025
vn -0.000000 -0.258819 -0.965926
vn -0.000000 -0.258819 -0.965926
vn -0.000000 -0.000000 -1.000000
vn -0.000000 0.000000 -1.000000
vn -0.000000 0.258819 -0.965926
vn -0.000000 0.258819 -0.965926
vn 0.000000 0.500000 -0.866025
vn 0.000000 0.500000 -0.866025
vn 0.000000 0.707107 -0.707107
vn 0.000000 0.707107 -0.707107
vn 0.000000 0.866025 -0.500000
vn 0.000000 0.866025 -0.500000
vn 0.000000 0.965926 -0.258819
vn 0.000000 0.965926 -0.258819
vn 0.000000 1.000000 -0.000000
vn 0.000000 0.965926 -0.258819
vn 0.000000 0.965926 -0.258819
vn 0.000000 0.866025 -0.500000
vn 0.000000 0.866025 -0.500000
vn 0.000000 0.707107 -0.707107
vn 0.000000 0.707107 -0.707107
vn 0.000000 0.500000 -0.866025
vn 0.000000 0.500000 -0.866025
vn -0.000000 0.258819 -0.965926
vn -0.000000 0.258819 -0.965926
vn -0.000000 0.000000 -1.000000
vn -0.000000 0.000000 -1.000000
vn -0.000000 -0.258819 -0.965926
vn -0.000000 -0.258819 -0.965926
vn -0.000000 -0.500000 -0.866025
vn -0.000000 -0.500000 -0.866025
vn -0.000000 -0.707107 -0.707107
vn -0.000000 -0.707107 -0.707107
vn -0.000000 -0.866025 -0.500000
vn -0.000000 -0.866025 -0.500000
vn 0.000000 0.500000 -0.866025
vn 0.000000 0.707107 -0.707107
vn 0.000000 0.866025 -0.500000
vn 0.000000 0.965926 -0.258819
vn 0.000000 0.707107 -0.707107
vn 0.000000 0.866025 -0.500000
vn 0.000000 0.965926 -0.258819
vn 0.000000 1.000000 0.000000
vn 0.000000 0.866025 -0.500000
vn 0.000000 0.965926 -0.258819
vn 0.000000 0.965926 -0.258819
vn -0.000000 -0.500000 -0.866025
vn -0.000000 -0.707107 -0.707107
vn -0.000000 -0.866025 -0.500000
vn -0.000000 -0.965926 -0.258819
vn -0.000000 -0.707107 -0.707107
vn -0.000000 -0.866025 -0.500000
vn -0.000000 -0.965926 -0.258819
vn -0.000000 -1.000000 0.000000
vn -0.000000 -0.866025 -0.500000
vn -0.000000 -0.965926 -0.258819
vn -0.000000 -0.965926 -0.258819
vn -0.000000 -0.866025 -0.500000
vn -0.000000 -0.707107 -0.707107
vn -0.000000 -0.500000 -0.866025
vn -0.000000 -0.258819 -0.965926
vn -0.000000 0.000000 -1.000000
vn -0.000000 0.258819 -0.965926
vn -0.000000 -0.707107 -0.707107
vn -0.000000 -0.500000 -0.866025
vn -0.000000 -0.258819 -0.965926
vn -0.000000 -0.500000 -0.866025
vn -0.000000 -0.258819 -0.965926
vn -0.000000 0.000000 -1.000000
vn -0.000000 0.258819 -0.965926
vn 0.000000 0.500000 -0.866025
vn -0.000000 -0.258819 -0.965926
vn -0.000000 0.000000 -1.000000
vn -0.000000 0.000000 -1.000000
vn -0.000000 0.258819 -0.965926
vn 0.000000 0.500000 -0.866025
vn 0.000000 0.707107 -0.707107
vn -0.000000 0.258819 -0.965926
vn 0.000000 0.500000 -0.866025
vn 0.000000 0.707107 -0.707107
vn 0.000000 0.866025 -0.500000
vn -0.000000 -0.000000 -1.000000
vn -0.000000 -0.000000 -1.000000
vn -0.000000 -0.000000 -1.000000
vn -0.000000 -0.000000 -1.000000
vn -0.000000 -0.965926 -0.258819
vn -0.000000 -0.965926 -0.258819
vn -0.000000 -1.000000 0.000000
vn -0.000000 -0.965926 -0.258819
vn -0.000000 -0.965926 -0.258819
vn -0.000000 -0.866025 -0.500000
vn -0.000000 -0.866025 -0.500000
vn -0.000000 -0.707107 -0.707107
vn -0.000000 -0.707107 -0.707107
vn -0.000000 -0.500000 -0.866025
vn -0.000000 -0.500000 -0.866025
vn -0.000000 -0.258819 -0.965926
vn -0.000000 -0.258819 -0.965926
vn -0.000000 -0.000000 -1.000000
vn -0.000000 0.000000 -1.000000
vn -0.000000 0.258819 -0.965926
vn -0.000000 0.258819 -0.965926
vn 0.000000 0.500000 -0.866025
vn 0.000000 0.500000 -0.866025
vn 0.000000 0.707107 -0.707107
vn 0.000000 0.707107 -0.707107
vn 0.000000 0.866025 -0.500000
vn 0.000000 0.866025 -0.500000
vn 0.000000 0.965926 -0.258819
vn 0.000000 0.965926 -0.258819
vn 0.000000 1.000000 -0.000000
vn 0.000000 0.965926 -0.258819
vn 0.000000 0.965926 -0.258819
vn 0.000000 0.866025 -0.500000
vn 0.000000 0.866025 -0.500000
vn 0.000000 0.707107 -0.707107
vn 0.000000 0.707107 -0.707107
vn 0.000000 0.500000 -0.866025
vn 0.000000 0.500000 -0.866025
vn -0.000000 0.258819 -0.965926
vn -0.000000 0.258819 -0.965926
vn -0.000000 0.000000 -1.000000
vn -0.000000 0.000000 -1.000000
vn -0.000000 -0.258819 -0.965926
vn -0.000000 -0.258819 -0.965926
vn -0.000000 -0.500000 -0.866025
vn -0.000000 -0.500000 -0.866025
vn -0.000000 -0.707107 -0.707107
vn -0.000000 -0.707107 -0.707107
vn -0.000000 -0.866025 -0.500000
vn -0.000000 -0.866025 -0.500000
vn 0.000000 0.500000 -0.866025
vn 0.000000 0.707107 -0.707107
vn 0.000000 0.866025 -0.500000
vn 0.000000 0.965926 -0.258819
vn 0.000000 0.707107 -0.707107
vn 0.000000 0.866025 -0.500000
vn 0.000000 0.965926 -0.258819
vn 0.000000 1.000000 0.000000
vn 0.000000 0.866025 -0.500000
vn 0.000000 0.965926 -0.258819
vn 0.000000 0.965926 -0.258819
vn -0.000000 -0.500000 -0.866025
vn -0.000000 -0.707107 -0.707107
vn -0.000000 -0.866025 -0.500000
vn -0.000000 -0.965926 -0.258819
vn -0.000000 -0.707107 -0.707107
vn -0.000000 -0.866025 -0.500000
vn -0.000000 -0.965926 -0.258819
vn -0.000000 -1.000000 0.000000
vn -0.000000 -0.866025 -0.500000
vn -0.000000 -0.965926 -0.258819
vn -0.000000 -0.965926 -0.258819
vn -0.000000 -0.866025 -0.500000
vn -0.000000 -0.707107 -0.707107
vn -0.000000 -0.500000 -0.866025
vn -0.000000 -0.258819 -0.965926
vn -0.000000 0.000000 -1.000000
vn -0.000000 0.258819 -0.965926
vn -0.000000 -0.707107 -0.707107
vn -0.000000 -0.500000 -0.866025
vn -0.000000 -0.258819 -0.965926
vn -0.000000 -0.500000 -0.866025
vn -0.000000 -0.258819 -0.965926
vn -0.000000 0.000000 -1.000000
vn -0.000000 0.258819 -0.965926
vn 0.000000 0.500000 -0.866025
vn -0.000000 -0.258819 -0.965926
vn -0.000000 0.000000 -1.000000
vn -0.000000 0.000000 -1.000000
vn -0.000000 0.258819 -0.965926
vn 0.000000 0.500000 -0.866025
vn 0.000000 0.707107 -0.707107
vn -0.000000 0.258819 -0.965926
vn 0.000000 0.500000 -0.866025
vn 0.000000 0.707107 -0.707107
vn 0.000000 0.866025 -0.500000
vn -0.000000 -0.000000 -1.000000
vn -0.000000 -0.000000 -1.000000
vn -0.000000 -0.000000 -1.000000
vn -0.000000 -0.000000 -1.000000
vn -0.000000 -0.965926 -0.258819
vn -0.000000 -0.965926 -0.258819
vn -0.000000 -1.000000 0.000000
vn -0.000000 -0.965926 -0.258819
vn -0.000000 -0.965926 -0.258819
vn -0.000000 -0.866025 -0.500000
vn -0.000000 -0.866025 -0.500000
vn -0.000000 -0.707107 -0.707107
vn -0.000000 -0.707107 -0.707107
vn -0.000000 -0.500000 -0.866025
vn -0.000000 -0.500000 -0.866025
vn -0.000000 -0.258819 -0.965926
vn -0.000000 -0.258819 -0.965926
vn -0.000000 -0.000000 -1.000000
vn -0.000000 0.000000 -1.000000
vn -0.000000 0.258819 -0.965926
vn -0.000000 0.258819 -0.965926
vn 0.000000 0.500000 -0.866025
vn 0.000000 0.500000 -0.866025
vn 0.000000 0.707107 -0.707107
vn 0.000000 0.707107 -0.707107
vn 0.000000 0.866025 -0.500000
vn 0.000000 0.866025 -0.500000
vn 0.000000 0.965926 -0.258819
vn 0.000000 0.965926 -0.258819
vn 0.000000 1.000000 -0.000000
vn 0.000000 0.965926 -0.258819
vn 0.000000 0.965926 -0.258819
vn 0.000000 0.866025 -0.500000
vn 0.000000 0.866025 -0.500000
vn 0.000000 0.707107 -0.707107
vn 0.000000 0.707107 -0.707107
vn 0.000000 0.500000 -0.866025
vn 0.000000 0.500000 -0.866025
vn -0.000000 0.258819 -0.965926
vn -0.000000 0.258819 -0.965926
vn -0.000000 0.000000 -1.000000
vn -0.000000 0.000000 -1.000000
vn -0.000000 -0.258819 -0.965926
vn -0.000000 -0.258819 -0.965926
vn -0.000000 -0.500000 -0.866025
vn -0.000000 -0.500000 -0.866025
vn -0.000000 -0.707107 -0.707107
vn -0.000000 -0.707107 -0.707107
vn -0.000000 -0.866025 -0.500000
vn -0.000000 -0.866025 -0.500000
vn 0.000000 0.500000 -0.866025
vn 0.000000 0.707107 -0.707107
vn 0.000000 0.866025 -0.500000
vn 0.000000 0.965926 -0.258819
vn 0.000000 0.707107 -0.707107
vn 0.000000 0.866025 -0.500000
vn 0.000000 0.965926 -0.258819
vn 0.000000 1.000000 0.000000
vn 0.000000 0.866025 -0.500000
vn 0.000000 0.965926 -0.258819
vn 0.000000 0.965926 -0.258819
vn -0.000000 -0.500000 -0.866025
vn -0.000000 -0.707107 -0.707107
vn -0.000000 -0.866025 -0.500000
vn -0.000000 -0.965926 -0.258819
vn -0.000000 -0.707107 -0.707107
vn -0.000000 -0.866025 -0.500000
vn -0.000000 -0.965926 -0.258819
vn -0.000000 -1.000000 0.000000
vn -0.000000 -0.866025 -0.500000
vn -0.000000 -0.965926 -0.258819
vn -0.000000 -0.965926 -0.258819
vn -0.000000 -0.866025 -0.500000
vn -0.000000 -0.707107 -0.707107
vn -0.000000 -0.500000 -0.866025
vn -0.000000 -0.258819 -0.965926
vn -0.000000 0.000000 -1.000000
vn -0.000000 0.258819 -0.965926
vn -0.000000 -0.707107 -0.707107
vn -0.000000 -0.500000 -0.866025
vn -0.000000 -0.258819 -0.965926
vn -0.000000 -0.500000 -0.866025
vn -0.000000 -0.258819 -0.965926
vn -0.000000 0.000000 -1.000000
vn -0.000000 0.258819 -0.965926
vn 0.000000 0.500000 -0.866025
vn -0.000000 -0.258819 -0.965926
vn -0.000000 0.000000 -1.000000
vn -0.000000 0.000000 -1.000000
vn -0.000000 0.258819 -0.965926
vn 0.000000 0.500000 -0.866025
vn 0.000000 0.707107 -0.707107
vn -0.000000 0.258819 -0.965926
vn 0.000000 0.500000 -0.866025
vn 0.000000 0.707107 -0.707107
vn 0.000000 0.866025 -0.500000
vn -0.000000 -0.000000 -1.000000
vn -0.000000 -0.000000 -1.000000
vn -0.000000 -0.000000 -1.000000
vn -0.000000 -0.000000 -1.000000
vn -0.000000 -0.965926 -0.258819
vn -0.000000 -0.965926 -0.258819
vn -0.000000 -1.000000 0.000000
vn -0.000000 -0.965926 -0.258819
vn -0.000000 -0.965926 -0.258819
vn -0.000000 -0.866025 -0.500000
vn -0.000000 -0.866025 -0.500000
vn -0.000000 -0.707107 -0.707107
vn -0.000000 -0.707107 -0.707107
vn -0.000000 -0.500000 -0.866025
vn -0.000000 -0.500000 -0.866025
vn -0.000000 -0.258819 -0.965926
vn -0.000000 -0.258819 -0.965926
vn -0.000000 0.000000 -1.000000
vn -0.000000 0.000000 -1.000000
vn -0.000000 0.258819 -0.965926
vn -0.000000 0.258819 -0.965926
vn 0.000000 0.500000 -0.866025
vn 0.000000 0.500000 -0.866025
vn 0.000000 0.707107 -0.707107
vn 0.000000 0.707107 -0.707107
vn 0.000000 0.866025 -0.500000
vn 0.000000 0.866025 -0.500000
vn 0.000000 0.965926 -0.258819
vn 0.000000 0.965926 -0.258819
vn 0.000000 1.000000 -0.000000
vn 0.000000 0.965926 -0.258819
vn 0.000000 0.965926 -0.258819
vn 0.000000 0.866025 -0.500000
vn 0.000000 0.866025 -0.500000
vn 0.000000 0.707107 -0.707107
vn 0.000000 0.707107 -0.707107
vn 0.000000 0.500000 -0.866025
vn 0.000000 0.500000 -0.866025
vn -0.000000 0.258819 -0.965926
vn -0.000000 0.258819 -0.965926
vn -0.000000 0.000000 -1.000000
vn -0.000000 0.000000 -1.000000
vn -0.000000 -0.258819 -0.965926
vn -0.000000 -0.258819 -0.965926
vn -0.000000 -0.500000 -0.866025
vn -0.000000 -0.500000 -0.866025
vn -0.000000 -0.707107 -0.707107
vn -0.000000 -0.707107 -0.707107
vn -0.000000 -0.866025 -0.500000
vn -0.000000 -0.866025 -0.500000
vn 0.000000 0.500000 -0.866025
vn 0.000000 0.707107 -0.707107
vn 0.000000 0.866025 -0.500000
vn 0.000000 0.965926 -0.258819
vn 0.000000 0.707107 -0.707107
vn 0.000000 0.866025 -0.500000
vn 0.000000 0.965926 -0.258819
vn 0.000000 1.000000 0.000000
vn 0.000000 0.866025 -0.500000
vn 0.000000 0.965926 -0.258819
vn 0.000000 0.965926 -0.258819
vn -0.000000 -0.500000 -0.866025
vn -0.000000 -0.707107 -0.707107
vn -0.000000 -0.866025 -0.500000
vn -0.000000 -0.965926 -0.258819
vn -0.000000 -0.707107 -0.707107
vn -0.000000 -0.866025 -0.500000
vn -0.000000 -0.965926 -0.258819
vn -0.000000 -1.000000 0.000000
vn -0.000000 -0.866025 -0.500000
vn -0.000000 -0.965926 -0.258819
vn -0.000000 -0.965926 -0.258819
vn -0.000000 -0.866025 -0.500000
vn -0.000000 -0.707107 -0.707107
vn -0.000000 -0.500000 -0.866025
vn -0.000000 -0.258819 -0.965926
vn -0.000000 0.000000 -1.000000
vn -0.000000 0.258819 -0.965926
vn -0.000000 -0.707107 -0.707107
vn -0.000000 -0.500000 -0.866025
vn -0.000000 -0.258819 -0.965926
vn -0.000000 -0.500000 -0.866025
vn -0.000000 -0.258819 -0.965926
vn -0.000000 0.000000 -1.000000
vn -0.000000 0.258819 -0.965926
vn 0.000000 0.500000 -0.866025
vn -0.000000 -0.258819 -0.965926
vn -0.000000 0.000000 -1.000000
vn -0.000000 0.000000 -1.000000
vn -0.000000 0.258819 -0.965926
vn 0.000000 0.500000 -0.866025
vn 0.000000 0.707107 -0.707107
vn -0.000000 0.258819 -0.965926
vn 0.000000 0.500000 -0.866025
vn 0.000000 0.707107 -0.707107
vn 0.000000 0.866025 -0.500000
vn -0.000000 -0.000000 -1.000000
vn -0.000000 -0.000000 -1.000000
vn -0.000000 -0.000000 -1.000000
vn -0.000000 -0.000000 -1.000000
vn -0.000000 -0.965926 -0.258819
vn -0.000000 -0.965926 -0.258819
vn -0.000000 -1.000000 0.000000
vn -0.000000 -0.965926 -0.258819
vn -0.000000 -0.965926 -0.258819
vn -0.000000 -0.866025 -0.500000
vn -0.000000 -0.866025 -0.500000
vn -0.000000 -0.707107 -0.707107
vn -0.000000 -0.707107 -0.707107
vn -0.000000 -0.500000 -0.866025
vn -0.000000 -0.500000 -0.866025
vn -0.000000 -0.258819 -0.965926
vn -0.000000 -0.258819 -0.965926
vn -0.000000 0.000000 -1.000000
vn -0.000000 0.000000 -1.000000
vn -0.000000 0.258819 -0.965926
vn -0.000000 0.258819 -0.965926
vn 0.000000 0.500000 -0.866025
vn 0.000000 0.500000 -0.866025
vn 0.000000 0.707107 -0.707107
vn 0.000000 0.707107 -0.707107
vn 0.000000 0.866025 -0.500000
vn 0.000000 0.866025 -0.500000
vn 0.000000 0.965926 -0.258819
vn 0.000000 0.965926 -0.258819
vn 0.000000 1.000000 -0.000000
vn 0.000000 0.965926 -0.258819
vn 0.000000 0.965926 -0.258819
vn 0.000000 0.866025 -0.500000
vn 0.000000 0.866025 -0.500000
vn 0.000000 0.707107 -0.707107
vn 0.000000 0.707107 -0.707107
vn 0.000000 0.500000 -0.866025
vn 0.000000 0.500000 -0.866025
vn -0.000000 0.258819 -0.965926
vn -0.000000 0.258819 -0.965926
vn -0.000000 0.000000 -1.000000
vn -0.000000 0.000000 -1.000000
vn -0.000000 -0.258819 -0.965926
vn -0.000000 -0.258819 -0.965926
vn -0.000000 -0.500000 -0.866025
vn -0.000000 -0.500000 -0.866025
vn -0.000000 -0.707107 -0.707107
vn -0.000000 -0.707107 -0.707107
vn -0.000000 -0.866025 -0.500000
vn -0.000000 -0.866025 -0.500000
vn 0.000000 0.500000 -0.866025
vn 0.000000 0.707107 -0.707107
vn 0.000000 0.866025 -0.500000
vn 0.000000 0.965926 -0.258819
vn 0.000000 0.707107 -0.707107
vn 0.000000 0.866025 -0.500000
vn 0.000000 0.965926 -0.258819
vn 0.000000 1.000000 0.000000
vn 0.000000 0.866025 -0.500000
vn 0.000000 0.965926 -0.258819
vn 0.000000 0.965926 -0.258819
vn -0.000000 -0.500000 -0.866025
vn -0.000000 -0.707107 -0.707107
vn -0.000000 -0.866025 -0.500000
vn -0.000000 -0.965926 -0.258819
vn -0.000000 -0.707107 -0.707107
vn -0.000000 -0.866025 -0.500000
vn -0.000000 -0.965926 -0.258819
vn -0.000000 -1.000000 0.000000
vn -0.000000 -0.866025 -0.500000
vn -0.000000 -0.965926 -0.258819
vn -0.000000 -0.965926 -0.258819
vn -0.000000 -0.866025 -0.500000
vn -0.000000 -0.707107 -0.707107
vn -0.000000 -0.500000 -0.866025
vn -0.000000 -0.258819 -0.965926
vn -0.000000 0.000000 -1.000000
vn -0.000000 0.258819 -0.965926
vn -0.000000 -0.707107 -0.707107
vn -0.000000 -0.500000 -0.866025
vn -0.000000 -0.258819 -0.965926
vn -0.000000 -0.500000 -0.866025
vn -0.000000 -0.258819 -0.965926
vn -0.000000 0.000000 -1.000000
vn -0.000000 0.258819 -0.965926
vn 0.000000 0.500000 -0.866025
vn -0.000000 -0.258819 -0.965926
vn -0.000000 0.000000 -1.000000
vn -0.000000 0.000000 -1.000000
vn -0.000000 0.258819 -0.965926
vn 0.000000 0.500000 -0.866025
vn 0.000000 0.707107 -0.707107
vn -0.000000 0.258819 -0.965926
vn 0.000000 0.500000 -0.866025
vn 0.000000 0.707107 -0.707107
vn 0.000000 0.866025 -0.500000
vn -0.000000 -0.000000 -1.000000
vn -0.000000 -0.000000 -1.000000
vn -0.000000 -0.000000 -1.000000
vn -0.000000 -0.000000 -1.000000
vn -0.000000 -0.965926 -0.258819
vn -0.000000 -0.965926 -0.258819
vn -0.000000 -1.000000 0.000000
vn -0.000000 -0.965926 -0.258819
vn -0.000000 -0.965926 -0.258819
vn -0.000000 -0.866025 -0.500000
vn -0.000000 -0.866025 -0.500000
vn -0.000000 -0.707107 -0.707107
vn -0.000000 -0.707107 -0.707107
vn -0.000000 -0.500000 -0.866025
vn -0.000000 -0.500000 -0.866025
vn -0.000000 -0.258819 -0.965926
vn -0.000000 -0.258819 -0.965926
vn -0.000000 -0.000000 -1.000000
vn -0.000000 0.000000 -1.000000
vn -0.000000 0.258819 -0.965926
vn -0.000000 0.258819 -0.965926
vn 0.000000 0.500000 -0.866025
vn 0.000000 0.500000 -0.866025
vn 0.000000 0.707107 -0.707107
vn 0.000000 0.707107 -0.707107
vn 0.000000 0.866025 -0.500000
vn 0.000000 0.866025 -0.500000
vn 0.000000 0.965926 -0.258819
vn 0.000000 0.965926 -0.258819
vn 0.000000 1.000000 -0.000000
vn 0.000000 0.965926 -0.258819
vn 0.000000 0.965926 -0.258819
vn 0.000000 0.866025 -0.500000
vn 0.000000 0.866025 -0.500000
vn 0.000000 0.707107 -0.707107
vn 0.000000 0.707107 -0.707107
vn 0.000000 0.500000 -0.866025
vn 0.000000 0.500000 -0.866025
vn -0.000000 0.258819 -0.965926
vn -0.000000 0.258819 -0.965926
vn -0.000000 0.000000 -1.000000
vn -0.000000 0.000000 -1.000000
vn -0.000000 -0.258819 -0.965926
vn -0.000000 -0.258819 -0.965926
vn -0.000000 -0.500000 -0.866025
vn -0.000000 -0.500000 -0.866025
vn -0.000000 -0.707107 -0.707107
vn -0.000000 -0.707107 -0.707107
vn -0.000000 -0.866025 -0.500000
vn -0.000000 -0.866025 -0.500000
vn 0.000000 0.500000 -0.866025
vn 0.000000 0.707107 -0.707107
vn 0.000000 0.866025 -0.500000
vn 0.000000 0.965926 -0.258819
vn 0.000000 0.707107 -0.707107
vn 0.000000 0.866025 -0.500000
vn 0.000000 0.965926 -0.258819
vn 0.000000 1.000000 0.000000
vn 0.000000 0.866025 -0.500000
vn 0.000000 0.965926 -0.258819
vn 0.000000 0.965926 -0.258819
vn -0.000000 -0.500000 -0.866025
vn -0.000000 -0.707107 -0.707107
vn -0.000000 -0.866025 -0.500000
vn -0.000000 -0.965926 -0.258819
vn -0.000000 -0.707107 -0.707107
vn -0.000000 -0.866025 -0.500000
vn -0.000000 -0.965926 -0.258819
vn -0.000000 -1.000000 0.000000
vn -0.000000 -0.866025 -0.500000
vn -0.000000 -0.965926 -0.258819
vn -0.000000 -0.965926 -0.258819
vn -0.000000 -0.866025 -0.500000
vn -0.000000 -0.707107 -0.707107
vn -0.000000 -0.500000 -0.866025
vn -0.000000 -0.258819 -0.965926
vn -0.000000 0.000000 -1.000000
vn -0.000000 0.258819 -0.965926
vn -0.000000 -0.707107 -0.707107
vn -0.000000 -0.500000 -0.866025
vn -0.000000 -0.258819 -0.965926
vn -0.000000 -0.500000 -0.866025
vn -0.000000 -0.258819 -0.965926
vn -0.000000 0.000000 -1.000000
vn -0.000000 0.258819 -0.965926
vn 0.000000 0.500000 -0.866025
vn -0.000000 -0.258819 -0.965926
vn -0.000000 0.000000 -1.000000
vn -0.000000 0.000000 -1.000000
vn -0.000000 0.258819 -0.965926
vn 0.000000 0.500000 -0.866025
vn 0.000000 0.707107 -0.707107
vn -0.000000 0.258819 -0.965926
vn 0.000000 0.500000 -0.866025
vn 0.000000 0.707107 -0.707107
vn 0.000000 0.866025 -0.500000
vn 0.000000 0.000000 1.000000
vn 0.000000 0.000000 1.000000
vn 0.000000 0.000000 1.000000
vn 0.000000 0.000000 1.000000
vn -0.000000 -1.000000 0.000000
vn -0.000000 -1.000000 0.000000
vn -0.000000 -1.000000 0.000000
vn -0.000000 -1.000000 0.000000
vn -0.000000 -0.707107 -0.707107
vn -0.000000 -0.707107 -0.707107
vn -0.000000 -0.707107 -0.707107
vn -0.000000 -0.707107 -0.707107
vn -0.000000 -0.000000 -1.000000
vn -0.000000 -0.000000 -1.000000
vn -0.000000 -0.000000 -1.000000
vn -0.000000 -0.000000 -1.000000
vn 0.000000 0.707107 -0.707107
vn 0.000000 0.707107 -0.707107
vn 0.000000 0.707107 -0.707107
vn 0.000000 0.707107 -0.707107
vn 0.000000 1.000000 -0.000000
vn 0.000000 1.000000 -0.000000
vn 0.000000 1.000000 -0.000000
vn 0.000000 1.000000 -0.000000
vn 0.000000 1.000000 -0.000000
vn 0.000000 1.000000 -0.000000
vn 0.000000 1.000000 -0.000000
vn 0.000000 1.000000 -0.000000
vn 0.000000 0.000000 1.000000
vn 0.000000 0.000000 1.000000
vn 0.000000 0.000000 1.000000
vn 0.000000 0.000000 1.000000
vn -0.000000 -1.000000 0.000000
vn -0.000000 -1.000000 0.000000
vn -0.000000 -1.000000 0.000000
vn -0.000000 -1.000000 0.000000
vn -0.000000 -0.000000 -1.000000
vn -0.000000 -0.000000 -1.000000
vn -0.000000 -0.000000 -1.000000
vn -0.000000 -0.000000 -1.000000
vn 0.000000 1.000000 -0.000000
vn 0.000000 1.000000 -0.000000
vn 0.000000 1.000000 -0.000000
vn 0.000000 1.000000 -0.000000
vn 0.000000 0.000000 1.000000
vn 0.000000 0.000000 1.000000
vn 0.000000 0.000000 1.000000
vn 0.000000 0.000000 1.000000
vn -0.000000 -1.000000 0.000000
vn -0.000000 -1.000000 0.000000
vn -0.000000 -1.000000 0.000000
vn -0.000000 -1.000000 0.000000
vn -0.000000 -0.000000 -1.000000
vn -0.000000 -0.000000 -1.000000
vn -0.000000 -0.000000 -1.000000
vn -0.000000 -0.000000 -1.000000
vn -0.000000 -0.000000 -1.000000
vn -0.000000 -0.000000 -1.000000
vn -0.000000 -0.000000 -1.000000
vn -0.000000 -0.000000 -1.000000
vn 0.000000 0.707107 -0.707107
vn 0.000000 0.707107 -0.707107
vn 0.000000 0.707107 -0.707107
vn 0.000000 0.707107 -0.707107
vn 0.000000 1.000000 -0.000000
vn 0.000000 1.000000 -0.000000
vn 0.000000 1.000000 -0.000000
vn 0.000000 1.000000 -0.000000
vn 0.000000 0.000000 1.000000
vn 0.000000 0.000000 1.000000
vn 0.000000 0.000000 1.000000
vn 0.000000 0.000000 1.000000
vn -0.000000 -1.000000 0.000000
vn -0.000000 -1.000000 0.000000
vn -0.000000 -1.000000 0.000000
vn -0.000000 -1.000000 0.000000
vn -0.000000 -0.707107 -0.707107
vn -0.000000 -0.707107 -0.707107
vn -0.000000 -0.707107 -0.707107
vn -0.000000 -0.707107 -0.707107
vn 0.000000 1.000000 -0.000000
vn 0.000000 1.000000 -0.000000
vn 0.000000 1.000000 -0.000000
vn 0.000000 1.000000 -0.000000
vn 0.000000 0.000000 1.000000
vn 0.000000 0.000000 1.000000
vn 0.000000 0.000000 1.000000
vn 0.000000 0.000000 1.000000
vn -0.000000 -1.000000 0.000000
vn -0.000000 -1.000000 0.000000
vn -0.000000 -1.000000 0.000000
vn -0.000000 -1.000000 0.000000
vn -0.000000 -0.000000 -1.000000
vn -0.000000 -0.000000 -1.000000
vn -0.000000 -0.000000 -1.000000
vn -0.000000 -0.000000 -1.000000
vn -0.000000 -0.000000 -1.000000
vn -0.000000 -0.000000 -1.000000
vn -0.000000 -0.000000 -1.000000
vn -0.000000 -0.000000 -1.000000
vn 0.000000 0.707107 -0.707107
vn 0.000000 0.707107 -0.707107
vn 0.000000 0.707107 -0.707107
vn 0.000000 0.707107 -0.707107
vn 0.000000 1.000000 -0.000000
vn 0.000000 1.000000 -0.000000
vn 0.000000 1.000000 -0.000000
vn 0.000000 1.000000 -0.000000
vn 0.000000 0.000000 1.000000
vn 0.000000 0.000000 1.000000
vn 0.000000 0.000000 1.000000
vn 0.000000 0.000000 1.000000
vn -0.000000 -1.000000 0.000000
vn -0.000000 -1.000000 0.000000
vn -0.000000 -1.000000 0.000000
vn -0.000000 -1.000000 0.000000
vn -0.000000 -0.707107 -0.707107
vn -0.000000 -0.707107 -0.707107
vn -0.000000 -0.707107 -0.707107
vn -0.000000 -0.707107 -0.707107
vn -1.000000 0.000000 0.000000
vn -1.000000 0.000000 0.000000
vn -1.000000 0.000000 0.000000
vn -1.000000 0.000000 0.000000
vn -1.000000 0.000000 0.000000
vn -1.000000 0.000000 0.000000
vn -1.000000 0.000000 0.000000
vn -1.000000 0.000000 0.000000
vn -1.000000 0.000000 0.000000
vn -1.000000 0.000000 0.000000
vn 0.000000 1.000000 -0.000000
vn 0.000000 1.000000 -0.000000
vn 0.000000 1.000000 -0.000000
vn 0.000000 1.000000 -0.000000
vn 0.000000 1.000000 -0.000000
vn 0.000000 1.000000 -0.000000
vn 0.000000 1.000000 -0.000000
vn 0.000000 1.000000 -0.000000
vn 0.000000 1.000000 -0.000000
vn 0.000000 1.000000 -0.000000
vn 0.000000 1.000000 -0.000000
vn 0.000000 1.000000 -0.000000
vn 0.000000 1.000000 -0.000000
vn 0.000000 1.000000 -0.000000
vn 0.000000 1.000000 -0.000000
vn 0.000000 1.000000 -0.000000
vn 0.000000 1.000000 -0.000000
vn 0.000000 1.000000 -0.000000
vn 0.000000 1.000000 -0.000000
vn 0.000000 1.000000 -0.000000
vn 0.000000 1.000000 -0.000000
vn 0.000000 1.000000 -0.000000
vn 0.000000 1.000000 -0.000000
vn 0.000000 1.000000 -0.000000
vn 0.000000 1.000000 -0.000000
vn 0.000000 1.000000 -0.000000
vn 0.000000 1.000000 -0.000000
vn 0.000000 0.000000 1.000000
vn 0.000000 0.000000 1.000000
vn 0.258819 0.000000 0.965926
vn 0.258819 0.000000 0.965926
vn 0.500000 0.000000 0.866025
vn 0.500000 0.000000 0.866025
vn 0.707107 0.000000 0.707107
vn 0.707107 0.000000 0.707107
vn 0.866025 0.000000 0.500000
vn 0.866025 0.000000 0.500000
vn 0.965926 0.000000 0.258819
vn 0.965926 0.000000 0.258819
vn 1.000000 -0.000000 -0.000000
vn 1.000000 -0.000000 -0.000000
vn -0.000000 -1.000000 0.000000
vn -0.000000 -1.000000 0.000000
vn -0.000000 -1.000000 0.000000
vn -0.000000 -1.000000 0.000000
vn -0.000000 -1.000000 0.000000
vn -0.000000 -1.000000 0.000000
vn -0.000000 -1.000000 0.000000
vn -0.000000 -1.000000 0.000000
vn -0.000000 -1.000000 0.000000
vn -0.000000 -1.000000 0.000000
vn -0.000000 -1.000000 0.000000
vn -0.000000 -1.000000 0.000000
vn -0.000000 -1.000000 0.000000
vn -0.000000 -1.000000 0.000000
vn -0.000000 -1.000000 0.000000
vn -0.000000 -1.000000 0.000000
vn -0.000000 -1.000000 0.000000
vn -0.000000 -1.000000 0.000000
vn -0.000000 -1.000000 0.000000
vn -0.000000 -1.000000 0.000000
vn -0.000000 -1.000000 0.000000
vn -0.000000 -1.000000 0.000000
vn -0.000000 -1.000000 0.000000
vn -1.000000 0.000000 0.000000
vn -0.965926 0.000000 0.258819
vn -1.000000 0.000000 0.000000
vn -0.965926 0.000000 0.258819
vn -0.866025 0.000000 0.500000
vn -0.866025 0.000000 0.500000
vn -0.707107 0.000000 0.707107
vn -0.707107 0.000000 0.707107
vn -0.500000 0.000000 0.866025
vn -0.500000 0.000000 0.866025
vn -0.258819 0.000000 0.965926
vn -0.258819 0.000000 0.965926
vn -0.000000 -1.000000 0.000000
vn -0.000000 -1.000000 0.000000
vn -0.000000 -1.000000 0.000000
vn -0.000000 -1.000000 0.000000
vn -0.000000 -1.000000 0.000000
vn -0.000000 -1.000000 0.000000
vn -0.000000 -1.000000 0.000000
vn -0.000000 -1.000000 0.000000
vn -0.000000 -1.000000 0.000000
vn -0.000000 -1.000000 0.000000
vn -0.000000 -1.000000 0.000000
vn -0.000000 -1.000000 0.000000
vn -0.000000 -1.000000 0.000000
vn -0.000000 -1.000000 0.000000
vn -0.000000 -1.000000 0.000000
vn -0.000000 -1.000000 0.000000
vn -0.000000 -1.000000 0.000000
vn -0.000000 -1.000000 0.000000
vn -0.000000 -1.000000 0.000000
vn -0.000000 -1.000000 0.000000
vn -0.000000 -1.000000 0.000000
vn -0.000000 -1.000000 0.000000
vn -0.000000 -1.000000 0.000000
vn -0.000000 -1.000000 0.000000
vn -0.000000 -1.000000 0.000000
vn -0.000000 -1.000000 0.000000
vn -0.000000 -1.000000 0.000000
vn -0.258819 0.000000 0.965926
vn -0.258819 0.000000 0.965926
vn -0.500000 0.000000 0.866025
vn -0.500000 0.000000 0.866025
vn -0.707107 0.000000 0.707107
vn -0.707107 0.000000 0.707107
vn -0.866025 0.000000 0.500000
vn -0.866025 0.000000 0.500000
vn -0.965926 0.000000 0.258819
vn -0.965926 0.000000 0.258819
vn -1.000000 0.000000 0.000000
vn -1.000000 0.000000 0.000000
vn 0.000000 1.000000 -0.000000
vn 0.000000 1.000000 -0.000000
vn 0.000000 1.000000 -0.000000
vn 0.000000 1.000000 -0.000000
vn 0.000000 1.000000 -0.000000
vn 0.000000 1.000000 -0.000000
vn 0.000000 1.000000 -0.000000
vn 0.000000 1.000000 -0.000000
vn 0.000000 1.000000 -0.000000
vn 0.000000 1.000000 -0.000000
vn 0.000000 1.000000 -0.000000
vn 0.000000 1.000000 -0.000000
vn 0.000000 1.000000 -0.000000
vn 0.000000 1.000000 -0.000000
vn 0.000000 1.000000 -0.000000
vn 0.000000 1.000000 -0.000000
vn 0.000000 1.000000 -0.000000
vn 0.000000 1.000000 -0.000000
vn 0.000000 1.000000 -0.000000
vn 0.000000 1.000000 -0.000000
vn 0.000000 1.000000 -0.000000
vn 0.000000 1.000000 -0.000000
vn 0.000000 1.000000 -0.000000
vn 1.000000 -0.000000 -0.000000
vn 0.965926 0.000000 0.258819
vn 1.000000 -0.000000 0.000000
vn 0.965926 0.000000 0.258819
vn 0.866025 0.000000 0.500000
vn 0.866025 0.000000 0.500000
vn 0.707107 0.000000 0.707107
vn 0.707107 0.000000 0.707107
vn 0.500000 0.000000 0.866025
vn 0.500000 0.000000 0.866025
vn 0.258819 0.000000 0.965926
vn 0.258819 0.000000 0.965926
vn 0.000000 0.000000 1.000000
vn 0.000000 0.000000 1.000000
vn -0.000000 -0.000000 -1.000000
vn -0.000000 -0.000000 -1.000000
vn -0.000000 -0.000000 -1.000000
vn -0.000000 -0.000000 -1.000000
vn -0.000000 -0.000000 -1.000000
vn -0.000000 -0.000000 -1.000000
vn -0.000000 -0.000000 -1.000000
vn -0.000000 -0.000000 -1.000000
vn -0.000000 -1.000000 0.000000
vn -0.000000 -1.000000 0.000000
vn -0.000000 -1.000000 0.000000
vn -0.000000 -1.000000 0.000000
vn -0.000000 -1.000000 0.000000
vn -0.000000 -1.000000 0.000000
vn -0.000000 -1.000000 0.000000
vn -0.000000 -1.000000 0.000000
vn 1.000000 -0.000000 -0.000000
vn 1.000000 -0.000000 -0.000000
vn 1.000000 -0.000000 -0.000000
vn 0.000000 0.000000 1.000000
vn 0.000000 0.000000 1.000000
vn 0.000000 0.000000 1.000000
vn 0.000000 0.000000 1.000000
vn 1.000000 -0.000000 -0.000000
vn 1.000000 -0.000000 -0.000000
vn 1.000000 -0.000000 -0.000000
vn 0.000000 1.000000 -0.000000
vn 0.000000 1.000000 -0.000000
vn 0.000000 1.000000 -0.000000
vn 0.000000 1.000000 -0.000000
vn 0.000000 1.000000 -0.000000
vn 0.000000 1.000000 -0.000000
vn 0.000000 1.000000 -0.000000
vn 0.000000 1.000000 -0.000000
vn -0.000000 -0.000000 -1.000000
vn -0.000000 -0.000000 -1.000000
vn -0.000000 -0.000000 -1.000000
vn -0.000000 -0.000000 -1.000000
vn -0.000000 -0.000000 -1.000000
vn -0.000000 -0.000000 -1.000000
vn -0.000000 -0.000000 -1.000000
vn -0.000000 -0.000000 -1.000000
vn -0.000000 -1.000000 0.000000
vn -0.000000 -1.000000 0.000000
vn -0.000000 -1.000000 0.000000
vn -0.000000 -1.000000 0.000000
vn -0.000000 -1.000000 0.000000
vn -0.000000 -1.000000 0.000000
vn -0.000000 -1.000000 0.000000
vn -0.000000 -1.000000 0.000000
vn 1.000000 -0.000000 -0.000000
vn 1.000000 -0.000000 -0.000000
vn 1.000000 -0.000000 -0.000000
vn 0.000000 0.000000 1.000000
vn 0.000000 0.000000 1.000000
vn 0.000000 0.000000 1.000000
vn 0.000000 0.000000 1.000000
vn 1.000000 -0.000000 -0.000000
vn 1.000000 -0.000000 -0.000000
vn 1.000000 -0.000000 -0.000000
vn 0.000000 1.000000 -0.000000
vn 0.000000 1.000000 -0.000000
vn 0.000000 1.000000 -0.000000
vn 0.000000 1.000000 -0.000000
vn 0.000000 1.000000 -0.000000
vn 0.000000 1.000000 -0.000000
vn 0.000000 1.000000 -0.000000
vn 0.000000 1.000000 -0.000000
vn 1.000000 -0.000000 -0.000000
vn 1.000000 -0.000000 -0.000000
vn 1.000000 -0.000000 -0.000000
vn 0.000000 1.000000 -0.000000
vn 0.000000 1.000000 -0.000000
vn 0.000000 1.000000 -0.000000
vn 0.000000 1.000000 -0.000000
vn 0.000000 1.000000 -0.000000
vn 0.000000 1.000000 -0.000000
vn 0.000000 1.000000 -0.000000
vn 0.000000 1.000000 -0.000000
vn -0.000000 -0.000000 -1.000000
vn -0.000000 -0.000000 -1.000000
vn -0.000000 -0.000000 -1.000000
vn -0.000000 -0.000000 -1.000000
vn -0.000000 -0.000000 -1.000000
vn -0.000000 -0.000000 -1.000000
vn -0.000000 -0.000000 -1.000000
vn -0.000000 -0.000000 -1.000000
vn -0.000000 -1.000000 0.000000
vn -0.000000 -1.000000 0.000000
vn -0.000000 -1.000000 0.000000
vn -0.000000 -1.000000 0.000000
vn -0.000000 -1.000000 0.000000
vn -0.000000 -1.000000 0.000000
vn -0.000000 -1.000000 0.000000
vn -0.000000 -1.000000 0.000000
vn 1.000000 -0.000000 -0.000000
vn 1.000000 -0.000000 -0.000000
vn 1.000000 -0.000000 -0.000000
vn 0.000000 0.000000 1.000000
vn 0.000000 0.000000 1.000000
vn 0.000000 0.000000 1.000000
vn 0.000000 0.000000 1.000000
vn 1.000000 -0.000000 -0.000000
vn 1.000000 -0.000000 -0.000000
vn 1.000000 -0.000000 -0.000000
vn 0.000000 1.000000 -0.000000
vn 0.000000 1.000000 -0.000000
vn 0.000000 1.000000 -0.000000
vn 0.000000 1.000000 -0.000000
vn 0.000000 1.000000 -0.000000
vn 0.000000 1.000000 -0.000000
vn 0.000000 1.000000 -0.000000
vn 0.000000 1.000000 -0.000000
vn -0.000000 -0.000000 -1.000000
vn -0.000000 -0.000000 -1.000000
vn -0.000000 -0.000000 -1.000000
vn -0.000000 -0.000000 -1.000000
vn -0.000000 -0.000000 -1.000000
vn -0.000000 -0.000000 -1.000000
vn -0.000000 -0.000000 -1.000000
vn -0.000000 -0.000000 -1.000000
vn -0.000000 -1.000000 0.000000
vn -0.000000 -1.000000 0.000000
vn -0.000000 -1.000000 0.000000
vn -0.000000 -1.000000 0.000000
vn -0.000000 -1.000000 0.000000
vn -0.000000 -1.000000 0.000000
vn -0.000000 -1.000000 0.000000
vn -0.000000 -1.000000 0.000000
vn 1.000000 -0.000000 -0.000000
vn 1.000000 -0.000000 -0.000000
vn 1.000000 -0.000000 -0.000000
vn 0.000000 0.000000 1.000000
vn 0.000000 0.000000 1.000000
vn 0.000000 0.000000 1.000000
vn 0.000000 0.000000 1.000000
vn 1.000000 -0.000000 -0.000000
vn 1.000000 -0.000000 -0.000000
vn 1.000000 -0.000000 -0.000000
vn 0.000000 1.000000 -0.000000
vn 0.000000 1.000000 -0.000000
vn 0.000000 1.000000 -0.000000
vn 0.000000 1.000000 -0.000000
vn 0.000000 1.000000 -0.000000
vn 0.000000 1.000000 -0.000000
vn 0.000000 1.000000 -0.000000
vn 0.000000 1.000000 -0.000000
vn -0.000000 -0.000000 -1.000000
vn -0.000000 -0.000000 -1.000000
vn -0.000000 -0.000000 -1.000000
vn -0.000000 -0.000000 -1.000000
vn -0.000000 -0.000000 -1.000000
vn -0.000000 -0.000000 -1.000000
vn -0.000000 -0.000000 -1.000000
vn -0.000000 -0.000000 -1.000000
vn -0.000000 -1.000000 0.000000
vn -0.000000 -1.000000 0.000000
vn -0.000000 -1.000000 0.000000
vn -0.000000 -1.000000 0.000000
vn -0.000000 -1.000000 0.000000
vn -0.000000 -1.000000 0.000000
vn -0.000000 -1.000000 0.000000
vn -0.000000 -1.000000 0.000000
vn 1.000000 -0.000000 -0.000000
vn 1.000000 -0.000000 -0.000000
vn 1.000000 -0.000000 -0.000000
vn 0.000000 0.000000 1.000000
vn 0.000000 0.000000 1.000000
vn 0.000000 0.000000 1.000000
vn 0.000000 0.000000 1.000000
vn -0.000000 -0.000000 -1.000000
vn -0.000000 -0.000000 -1.000000
vn -0.000000 -0.000000 -1.000000
vn -0.000000 -0.000000 -1.000000
vn -0.000000 -0.000000 -1.000000
vn -0.000000 -0.000000 -1.000000
vn -0.000000 -0.000000 -1.000000
vn -0.000000 -0.000000 -1.000000
vn -0.000000 -1.000000 0.000000
vn -0.000000 -1.000000 0.000000
vn -0.000000 -1.000000 0.000000
vn -0.000000 -1.000000 0.000000
vn -0.000000 -1.000000 0.000000
vn -0.000000 -1.000000 0.000000
vn -0.000000 -1.000000 0.000000
vn -0.000000 -1.000000 0.000000
vn 1.000000 -0.000000 -0.000000
vn 1.000000 -0.000000 -0.000000
vn 1.000000 -0.000000 -0.000000
vn 0.000000 0.000000 1.000000
vn 0.000000 0.000000 1.000000
vn 0.000000 0.000000 1.000000
vn 0.000000 0.000000 1.000000
vn 1.000000 -0.000000 -0.000000
vn 1.000000 -0.000000 -0.000000
vn 1.000000 -0.000000 -0.000000
vn 0.000000 1.000000 -0.000000
vn 0.000000 1.000000 -0.000000
vn 0.000000 1.000000 -0.000000
vn 0.000000 1.000000 -0.000000
vn 0.000000 1.000000 -0.000000
vn 0.000000 1.000000 -0.000000
vn 0.000000 1.000000 -0.000000
vn 0.000000 1.000000 -0.000000
vn -1.000000 0.000000 0.000000
vn -1.000000 0.000000 0.000000
vn -1.000000 0.000000 0.000000
vn -1.000000 0.000000 0.000000
vn -1.000000 0.000000 0.000000
vn -1.000000 0.000000 0.000000
vn -1.000000 0.000000 0.000000
vn -1.000000 0.000000 0.000000
vn -1.000000 0.000000 0.000000
vn -1.000000 0.000000 0.000000
vn -1.000000 0.000000 0.000000
vn -1.000000 0.000000 0.000000
vn -1.000000 0.000000 0.000000
vn -1.000000 0.000000 0.000000
vn -1.000000 0.000000 0.000000
vn -1.000000 0.000000 0.000000
vn -1.000000 0.000000 0.000000
vn -1.000000 0.000000 0.000000
vn -1.000000 0.000000 0.000000
vn -1.000000 0.000000 0.000000
vn -1.000000 0.000000 0.000000
vn -1.000000 0.000000 0.000000
vn -1.000000 0.000000 0.000000
vn -1.000000 0.000000 0.000000
vn -1.000000 0.000000 0.000000
vn -1.000000 0.000000 0.000000
vn -1.000000 0.000000 0.000000
vn -1.000000 0.000000 0.000000
vn -1.000000 0.000000 0.000000
vn -1.000000 0.000000 0.000000
vn -1.000000 0.000000 0.000000
vn -1.000000 0.000000 0.000000
vn -1.000000 0.000000 0.000000
vn -1.000000 0.000000 0.000000
vn -1.000000 0.000000 0.000000
vn -1.000000 0.000000 0.000000
vn -1.000000 0.000000 0.000000
vn -1.000000 0.000000 0.000000
vn -1.000000 0.000000 0.000000
vn -1.000000 0.000000 0.000000
vn -1.000000 0.000000 0.000000
vn -1.000000 0.000000 0.000000
vn -1.000000 0.000000 0.000000
vn -1.000000 0.000000 0.000000
vn -1.000000 0.000000 0.000000
vn -1.000000 0.000000 0.000000
vn -1.000000 0.000000 0.000000
vn -1.000000 0.000000 0.000000
vn -1.000000 0.000000 0.000000
vn -1.000000 0.000000 0.000000
vn -1.000000 0.000000 0.000000
vn -1.000000 0.000000 0.000000
vn -1.000000 0.000000 0.000000
vn -1.000000 0.000000 0.000000
vn -1.000000 0.000000 0.000000
vn -1.000000 0.000000 0.000000
vn -1.000000 0.000000 0.000000
vn -1.000000 0.000000 0.000000
vn -1.000000 0.000000 0.000000
vn -1.000000 0.000000 0.000000
vn -1.000000 0.000000 0.000000
vn -1.000000 0.000000 0.000000
vn -1.000000 0.000000 0.000000
vn -1.000000 0.000000 0.000000
vn -1.000000 0.000000 0.000000
vn -1.000000 0.000000 0.000000
vn -1.000000 0.000000 0.000000
vn -1.000000 0.000000 0.000000
vn -1.000000 0.000000 0.000000
vn -1.000000 0.000000 0.000000
vn -1.000000 0.000000 0.000000
vn -1.000000 0.000000 0.000000
vn -1.000000 0.000000 0.000000
vn -1.000000 0.000000 0.000000
vn -1.000000 0.000000 0.000000
vn -1.000000 0.000000 0.000000
vn -1.000000 0.000000 0.000000
vn -1.000000 0.000000 0.000000
vn -1.000000 0.000000 0.000000
vn -1.000000 0.000000 0.000000
vn -1.000000 0.000000 0.000000
vn -1.000000 0.000000 0.000000
vn -1.000000 0.000000 0.000000
vn -1.000000 0.000000 0.000000
vn -1.000000 0.000000 0.000000
vn -1.000000 0.000000 0.000000
vn -1.000000 0.000000 0.000000
vn -1.000000 0.000000 0.000000
vn -1.000000 0.000000 0.000000
vn -1.000000 0.000000 0.000000
vn -1.000000 0.000000 0.000000
vn -1.000000 0.000000 0.000000
vn -1.000000 0.000000 0.000000
vn -1.000000 0.000000 0.000000
vn -1.000000 0.000000 0.000000
vn -1.000000 0.000000 0.000000
vn -1.000000 0.000000 0.000000
vn -1.000000 0.000000 0.000000
vn -1.000000 0.000000 0.000000
vn -1.000000 0.000000 0.000000
vn -1.000000 0.000000 0.000000
vn -1.000000 0.000000 0.000000
vn -1.000000 0.000000 0.000000
vn -1.000000 0.000000 0.000000
vn -1.000000 0.000000 0.000000
vn -1.000000 0.000000 0.000000
vn -1.000000 0.000000 0.000000
vn -1.000000 0.000000 0.000000
vn -1.000000 0.000000 0.000000
vn -1.000000 0.000000 0.000000
vn -1.000000 0.000000 0.000000
vn -1.000000 0.000000 0.000000
vn -1.000000 0.000000 0.000000
vn -1.000000 0.000000 0.000000
vn -1.000000 0.000000 0.000000
vn -1.000000 0.000000 0.000000
vn -1.000000 0.000000 0.000000
vn -1.000000 0.000000 0.000000
vn -1.000000 0.000000 0.000000
vn -1.000000 0.000000 0.000000
vn -1.000000 0.000000 0.000000
vn -1.000000 0.000000 0.000000
vn -1.000000 0.000000 0.000000
vn -1.000000 0.000000 0.000000
vn -1.000000 0.000000 0.000000
vn -1.000000 0.000000 0.000000
vn -1.000000 0.000000 0.000000
vn -1.000000 0.000000 0.000000
vn -1.000000 0.000000 0.000000
vn 0.000000 0.000000 1.000000
vn 0.000000 0.000000 1.000000
vn 0.000000 0.000000 1.000000
vn 0.000000 0.000000 1.000000
vn -0.813733 0.000000 0.581238
vn -0.813733 0.000000 0.581238
vn -0.813733 0.000000 0.581238
vn -0.813733 0.000000 0.581238
vn -1.000000 0.000000 0.000000
vn -1.000000 0.000000 0.000000
vn -1.000000 0.000000 0.000000
vn -1.000000 0.000000 0.000000
vn -1.000000 0.000000 0.000000
vn -1.000000 0.000000 0.000000
vn 0.000000 0.000000 1.000000
vn 0.000000 0.000000 1.000000
vn 0.000000 0.000000 1.000000
vn 0.000000 0.000000 1.000000
vn 1.000000 -0.000000 -0.000000
vn 1.000000 -0.000000 -0.000000
vn 1.000000 -0.000000 -0.000000
vn 1.000000 -0.000000 -0.000000
vn 0.087156 -0.000000 -0.996195
vn 0.087156 -0.000000 -0.996195
vn 0.087156 -0.000000 -0.996195
vn 0.087156 -0.000000 -0.996195
vn 0.087156 -0.000000 -0.996195
vn 0.087156 -0.000000 -0.996195
vn 0.087156 -0.000000 -0.996195
vn 0.087156 -0.000000 -0.996195
vn 0.969588 -0.000000 -0.244743
vn 1.000000 -0.000000 0.000000
vn 0.969588 -0.000000 -0.244743
vn 1.000000 -0.000000 0.000000
vn 0.969588 -0.000000 -0.244743
vn 0.880201 -0.000000 -0.474600
vn 0.880201 -0.000000 -0.474600
vn 0.737277 -0.000000 -0.675590
vn 0.737277 -0.000000 -0.675590
vn 0.549509 -0.000000 -0.835488
vn 0.549509 -0.000000 -0.835488
vn 0.328317 -0.000000 -0.944568
vn 0.328317 -0.000000 -0.944568
vn 0.087156 -0.000000 -0.996195
vn 0.087156 -0.000000 -0.996195
vn 0.328317 -0.000000 -0.944568
vn 0.549509 -0.000000 -0.835488
vn 0.737277 -0.000000 -0.675590
vn 0.880201 -0.000000 -0.474600
vn -0.000000 -0.000000 -1.000000
vn -0.000000 -0.000000 -1.000000
vn -0.000000 -0.000000 -1.000000
vn -0.000000 -0.000000 -1.000000
vn -0.000000 -0.000000 -1.000000
vn -0.000000 -0.000000 -1.000000
vn 1.000000 -0.000000 -0.000000
vn 1.000000 -0.000000 -0.000000
vn 1.000000 -0.000000 -0.000000
vn 0.328317 -0.000000 -0.944568
vn 0.087156 -0.000000 -0.996195
vn 0.328317 -0.000000 -0.944568
vn 0.087156 -0.000000 -0.996195
vn 0.328317 -0.000000 -0.944568
vn 0.549509 -0.000000 -0.835488
vn 0.549509 -0.000000 -0.835488
vn 0.737277 -0.000000 -0.675590
vn 0.737277 -0.000000 -0.675590
vn 0.880201 -0.000000 -0.474600
vn 0.880201 -0.000000 -0.474600
vn 0.969588 -0.000000 -0.244743
vn 0.969588 -0.000000 -0.244743
vn 0.969588 -0.000000 -0.244743
vn 0.880201 -0.000000 -0.474600
vn 0.737277 -0.000000 -0.675590
vn 0.549509 -0.000000 -0.835488
vn -0.813733 0.000000 0.581238
vn -0.813733 0.000000 0.581238
vn -0.813733 0.000000 0.581238
vn -0.813733 0.000000 0.581238
vn 0.000000 0.000000 1.000000
vn 0.000000 0.000000 1.000000
vn 0.000000 0.000000 1.000000
vn 0.000000 0.000000 1.000000
vn -1.000000 0.000000 0.000000
vn -1.000000 0.000000 0.000000
vn -1.000000 0.000000 0.000000
vn -1.000000 0.000000 0.000000
vn -1.000000 0.000000 0.000000
vn -1.000000 0.000000 0.000000
vn -1.000000 0.000000 0.000000
vn 0.000000 1.000000 -0.000000
vn 0.000000 1.000000 -0.000000
vn 0.000000 1.000000 -0.000000
vn 0.000000 1.000000 -0.000000
vn -0.000000 -1.000000 0.000000
vn -0.000000 -1.000000 0.000000
vn -0.000000 -1.000000 0.000000
vn -0.000000 -1.000000 0.000000
vn -1.000000 0.000000 0.000000
vn -1.000000 0.000000 0.000000
vn -1.000000 0.000000 0.000000
vn -1.000000 0.000000 0.000000
vn -0.000000 -0.000000 -1.000000
vn -0.000000 -0.000000 -1.000000
vn -0.000000 -0.000000 -1.000000
vn -0.000000 -0.000000 -1.000000
vn -0.000000 -0.000000 -1.000000
vn -0.000000 -0.000000 -1.000000
vn -1.000000 0.000000 0.000000
vn -1.000000 0.000000 0.000000
vn -1.000000 0.000000 0.000000
vn -1.000000 0.000000 0.000000
vn 0.000000 0.000000 1.000000
vn 0.000000 0.000000 1.000000
vn 0.000000 0.000000 1.000000
vn 0.000000 0.000000 1.000000
vn 0.000000 0.000000 1.000000
vn 0.000000 0.000000 1.000000
vn -1.000000 0.000000 0.000000
vn -1.000000 0.000000 0.000000
vn -1.000000 0.000000 0.000000
vn -1.000000 0.000000 0.000000
vn -1.000000 0.000000 0.000000
vn -0.000000 -0.707107 0.707107
vn -0.000000 -0.707107 0.707107
vn -0.000000 -0.707107 0.707107
vn -0.000000 -0.707107 0.707107
vn -0.000000 -0.707107 0.707107
vn -0.000000 -0.707107 0.707107
vn 0.000000 0.707107 0.707107
vn 0.000000 0.707107 0.707107
vn 0.000000 0.707107 0.707107
vn 0.000000 0.707107 0.707107
vn 0.000000 0.707107 0.707107
vn 0.000000 0.707107 0.707107
vn -1.000000 0.000000 0.000000
vn -1.000000 0.000000 0.000000
vn -1.000000 0.000000 0.000000
vn -1.000000 0.000000 0.000000
vn -1.000000 0.000000 0.000000
vn 0.000000 0.000000 1.000000
vn 0.000000 0.000000 1.000000
vn 0.000000 0.000000 1.000000
vn 0.000000 0.000000 1.000000
vn 0.000000 0.000000 1.000000
vn 0.000000 0.000000 1.000000
vn -1.000000 0.000000 0.000000
vn -1.000000 0.000000 0.000000
vn -1.000000 0.000000 0.000000
vn -1.000000 0.000000 0.000000
vn -0.000000 -0.000000 -1.000000
vn -0.000000 -0.000000 -1.000000
vn -0.000000 -0.000000 -1.000000
vn -0.000000 -0.000000 -1.000000
vn -0.000000 -0.000000 -1.000000
vn -0.000000 -0.000000 -1.000000
vn -1.000000 0.000000 0.000000
vn -1.000000 0.000000 0.000000
vn -1.000000 0.000000 0.000000
vn -1.000000 0.000000 0.000000
vn 0.000000 1.000000 -0.000000
vn 0.000000 1.000000 -0.000000
vn 0.000000 1.000000 -0.000000
vn 0.000000 1.000000 -0.000000
vn -0.000000 -1.000000 0.000000
vn -0.000000 -1.000000 0.000000
vn -0.000000 -1.000000 0.000000
vn -0.000000 -1.000000 0.000000
vn -1.000000 0.000000 0.000000
vn -1.000000 0.000000 0.000000
vn -1.000000 0.000000 0.000000
vn -1.000000 0.000000 0.000000
vn -0.000000 -0.000000 -1.000000
vn -0.000000 -0.000000 -1.000000
vn -0.000000 -0.000000 -1.000000
vn -0.000000 -0.000000 -1.000000
vn -0.000000 -0.000000 -1.000000
vn -0.000000 -0.000000 -1.000000
vn -1.000000 0.000000 0.000000
vn -1.000000 0.000000 0.000000
vn -1.000000 0.000000 0.000000
vn -1.000000 0.000000 0.000000
vn 0.000000 0.000000 1.000000
vn 0.000000 0.000000 1.000000
vn 0.000000 0.000000 1.000000
vn 0.000000 0.000000 1.000000
vn 0.000000 0.000000 1.000000
vn 0.000000 0.000000 1.000000
vn -1.000000 0.000000 0.000000
vn -1.000000 0.000000 0.000000
vn -1.000000 0.000000 0.000000
vn -1.000000 0.000000 0.000000
vn -1.000000 0.000000 0.000000
vn -0.000000 -0.707107 0.707107
vn -0.000000 -0.707107 0.707107
vn -0.000000 -0.707107 0.707107
vn -0.000000 -0.707107 0.707107
vn -0.000000 -0.707107 0.707107
vn -0.000000 -0.707107 0.707107
vn 0.000000 0.707107 0.707107
vn 0.000000 0.707107 0.707107
vn 0.000000 0.707107 0.707107
vn 0.000000 0.707107 0.707107
vn 0.000000 0.707107 0.707107
vn 0.000000 0.707107 0.707107
vn -1.000000 0.000000 0.000000
vn -1.000000 0.000000 0.000000
vn -1.000000 0.000000 0.000000
vn -1.000000 0.000000 0.000000
vn -1.000000 0.000000 0.000000
vn 0.000000 0.000000 1.000000
vn 0.000000 0.000000 1.000000
vn 0.000000 0.000000 1.000000
vn 0.000000 0.000000 1.000000
vn 0.000000 0.000000 1.000000
vn 0.000000 0.000000 1.000000
vn -1.000000 0.000000 0.000000
vn -1.000000 0.000000 0.000000
vn -1.000000 0.000000 0.000000
vn -1.000000 0.000000 0.000000
vn -0.000000 -0.000000 -1.000000
vn -0.000000 -0.000000 -1.000000
vn -0.000000 -0.000000 -1.000000
vn -0.000000 -0.000000 -1.000000
vn -0.000000 -0.000000 -1.000000
vn -0.000000 -0.000000 -1.000000
vn 0.000000 0.707107 0.707107
vn 0.000000 0.707107 0.707107
vn 0.000000 0.707107 0.707107
vn 0.000000 0.707107 0.707107
vn 0.000000 0.707107 0.707107
vn 0.000000 0.707107 0.707107
vn -1.000000 0.000000 0.000000
vn -1.000000 0.000000 0.000000
vn -1.000000 0.000000 0.000000
vn -1.000000 0.000000 0.000000
vn -1.000000 0.000000 0.000000
vn 0.000000 0.000000 1.000000
vn 0.000000 0.000000 1.000000
vn 0.000000 0.000000 1.000000
vn 0.000000 0.000000 1.000000
vn 0.000000 0.000000 1.000000
vn 0.000000 0.000000 1.000000
vn -1.000000 0.000000 0.000000
vn -1.000000 0.000000 0.000000
vn -1.000000 0.000000 0.000000
vn -1.000000 0.000000 0.000000
vn -0.000000 -0.000000 -1.000000
vn -0.000000 -0.000000 -1.000000
vn -0.000000 -0.000000 -1.000000
vn -0.000000 -0.000000 -1.000000
vn -0.000000 -0.000000 -1.000000
vn -0.000000 -0.000000 -1.000000
vn -1.000000 0.000000 0.000000
vn -1.000000 0.000000 0.000000
vn -1.000000 0.000000 0.000000
vn -1.000000 0.000000 0.000000
vn 0.000000 1.000000 -0.000000
vn 0.000000 1.000000 -0.000000
vn 0.000000 1.000000 -0.000000
vn 0.000000 1.000000 -0.000000
vn -0.000000 -1.000000 0.000000
vn -0.000000 -1.000000 0.000000
vn -0.000000 -1.000000 0.000000
vn -0.000000 -1.000000 0.000000
vn -1.000000 0.000000 0.000000
vn -1.000000 0.000000 0.000000
vn -1.000000 0.000000 0.000000
vn -1.000000 0.000000 0.000000
vn -0.000000 -0.000000 -1.000000
vn -0.000000 -0.000000 -1.000000
vn -0.000000 -0.000000 -1.000000
vn -0.000000 -0.000000 -1.000000
vn -0.000000 -0.000000 -1.000000
vn -0.000000 -0.000000 -1.000000
vn -1.000000 0.000000 0.000000
vn -1.000000 0.000000 0.000000
vn -1.000000 0.000000 0.000000
vn -1.000000 0.000000 0.000000
vn 0.000000 0.000000 1.000000
vn 0.000000 0.000000 1.000000
vn 0.000000 0.000000 1.000000
vn 0.000000 0.000000 1.000000
vn 0.000000 0.000000 1.000000
vn 0.000000 0.000000 1.000000
vn -1.000000 0.000000 0.000000
vn -1.000000 0.000000 0.000000
vn -1.000000 0.000000 0.000000
vn -1.000000 0.000000 0.000000
vn -1.000000 0.000000 0.000000
vn -0.000000 -0.707107 0.707107
vn -0.000000 -0.707107 0.707107
vn -0.000000 -0.707107 0.707107
vn -0.000000 -0.707107 0.707107
vn -0.000000 -0.707107 0.707107
vn -0.000000 -0.707107 0.707107
vn 0.000000 0.707107 0.707107
vn 0.000000 0.707107 0.707107
vn 0.000000 0.707107 0.707107
vn 0.000000 0.707107 0.707107
vn 0.000000 0.707107 0.707107
vn 0.000000 0.707107 0.707107
vn -1.000000 0.000000 0.000000
vn -1.000000 0.000000 0.000000
vn -1.000000 0.000000 0.000000
vn -1.000000 0.000000 0.000000
vn -1.000000 0.000000 0.000000
vn 0.000000 0.000000 1.000000
vn 0.000000 0.000000 1.000000
vn 0.000000 0.000000 1.000000
vn 0.000000 0.000000 1.000000
vn 0.000000 0.000000 1.000000
vn 0.000000 0.000000 1.000000
vn -1.000000 0.000000 0.000000
vn -1.000000 0.000000 0.000000
vn -1.000000 0.000000 0.000000
vn -1.000000 0.000000 0.000000
vn -0.000000 -0.000000 -1.000000
vn -0.000000 -0.000000 -1.000000
vn -0.000000 -0.000000 -1.000000
vn -0.000000 -0.000000 -1.000000
vn -0.000000 -0.000000 -1.000000
vn -0.000000 -0.000000 -1.000000
vn -1.000000 0.000000 0.000000
vn -1.000000 0.000000 0.000000
vn -1.000000 0.000000 0.000000
vn -1.000000 0.000000 0.000000
vn 0.000000 1.000000 -0.000000
vn 0.000000 1.000000 -0.000000
vn 0.000000 1.000000 -0.000000
vn 0.000000 1.000000 -0.000000
vn -0.000000 -1.000000 0.000000
vn -0.000000 -1.000000 0.000000
vn -0.000000 -1.000000 0.000000
vn -0.000000 -1.000000 0.000000
vn -1.000000 0.000000 0.000000
vn -1.000000 0.000000 0.000000
vn -1.000000 0.000000 0.000000
vn -1.000000 0.000000 0.000000
vn -0.000000 -0.000000 -1.000000
vn -0.000000 -0.000000 -1.000000
vn -0.000000 -0.000000 -1.000000
vn -0.000000 -0.000000 -1.000000
vn -0.000000 -0.000000 -1.000000
vn -0.000000 -0.000000 -1.000000
vn -1.000000 0.000000 0.000000
vn -1.000000 0.000000 0.000000
vn -1.000000 0.000000 0.000000
vn -1.000000 0.000000 0.000000
vn 0.000000 0.000000 1.000000
vn 0.000000 0.000000 1.000000
vn 0.000000 0.000000 1.000000
vn 0.000000 0.000000 1.000000
vn 0.000000 0.000000 1.000000
vn 0.000000 0.000000 1.000000
vn -1.000000 0.000000 0.000000
vn -1.000000 0.000000 0.000000
vn -1.000000 0.000000 0.000000
vn -1.000000 0.000000 0.000000
vn -1.000000 0.000000 0.000000
vn -0.000000 -0.707107 0.707107
vn -0.000000 -0.707107 0.707107
vn -0.000000 -0.707107 0.707107
vn -0.000000 -0.707107 0.707107
vn -0.000000 -0.707107 0.707107
vn -0.000000 -0.707107 0.707107
vn 0.000000 0.707107 0.707107
vn 0.000000 0.707107 0.707107
vn 0.000000 0.707107 0.707107
vn 0.000000 0.707107 0.707107
vn 0.000000 0.707107 0.707107
vn 0.000000 0.707107 0.707107
vn -1.000000 0.000000 0.000000
vn -1.000000 0.000000 0.000000
vn -1.000000 0.000000 0.000000
vn -1.000000 0.000000 0.000000
vn -1.000000 0.000000 0.000000
vn 0.000000 0.000000 1.000000
vn 0.000000 0.000000 1.000000
vn 0.000000 0.000000 1.000000
vn 0.000000 0.000000 1.000000
vn 0.000000 0.000000 1.000000
vn 0.000000 0.000000 1.000000
vn -1.000000 0.000000 0.000000
vn -1.000000 0.000000 0.000000
vn -1.000000 0.000000 0.000000
vn -1.000000 0.000000 0.000000
vn -0.000000 -0.000000 -1.000000
vn -0.000000 -0.000000 -1.000000
vn -0.000000 -0.000000 -1.000000
vn -0.000000 -0.000000 -1.000000
vn -0.000000 -0.000000 -1.000000
vn -0.000000 -0.000000 -1.000000
vn -1.000000 0.000000 0.000000
vn -1.000000 0.000000 0.000000
vn -1.000000 0.000000 0.000000
vn -1.000000 0.000000 0.000000
vn 0.000000 1.000000 -0.000000
vn 0.000000 1.000000 -0.000000
vn 0.000000 1.000000 -0.000000
vn 0.000000 1.000000 -0.000000
vn -0.000000 -1.000000 0.000000
vn -0.000000 -1.000000 0.000000
vn -0.000000 -1.000000 0.000000
vn -0.000000 -1.000000 0.000000
vn -1.000000 0.000000 0.000000
vn -1.000000 0.000000 0.000000
vn -1.000000 0.000000 0.000000
vn -1.000000 0.000000 0.000000
vn -0.000000 -0.000000 -1.000000
vn -0.000000 -0.000000 -1.000000
vn -0.000000 -0.000000 -1.000000
vn -0.000000 -0.000000 -1.000000
vn -0.000000 -0.000000 -1.000000
vn -0.000000 -0.000000 -1.000000
vn -1.000000 0.000000 0.000000
vn -1.000000 0.000000 0.000000
vn -1.000000 0.000000 0.000000
vn -1.000000 0.000000 0.000000
vn 0.000000 0.000000 1.000000
vn 0.000000 0.000000 1.000000
vn 0.000000 0.000000 1.000000
vn 0.000000 0.000000 1.000000
vn 0.000000 0.000000 1.000000
vn 0.000000 0.000000 1.000000
vn -1.000000 0.000000 0.000000
vn -1.000000 0.000000 0.000000
vn -1.000000 0.000000 0.000000
vn -1.000000 0.000000 0.000000
vn -1.000000 0.000000 0.000000
vn -0.000000 -0.707107 0.707107
vn -0.000000 -0.707107 0.707107
vn -0.000000 -0.707107 0.707107
vn -0.000000 -0.707107 0.707107
vn -0.000000 -0.707107 0.707107
vn -0.000000 -0.707107 0.707107
vn -1.000000 0.000000 0.000000
vn -1.000000 0.000000 0.000000
vn -1.000000 0.000000 0.000000
vn -1.000000 0.000000 0.000000
vn 0.000000 1.000000 -0.000000
vn 0.000000 1.000000 -0.000000
vn 0.000000 1.000000 -0.000000
vn 0.000000 1.000000 -0.000000
vn -0.000000 -1.000000 0.000000
vn -0.000000 -1.000000 0.000000
vn -0.000000 -1.000000 0.000000
vn -0.000000 -1.000000 0.000000
vn -1.000000 0.000000 0.000000
vn -1.000000 0.000000 0.000000
vn -1.000000 0.000000 0.000000
vn -1.000000 0.000000 0.000000
vn -0.000000 -0.000000 -1.000000
vn -0.000000 -0.000000 -1.000000
vn -0.000000 -0.000000 -1.000000
vn -0.000000 -0.000000 -1.000000
vn -0.000000 -0.000000 -1.000000
vn -0.000000 -0.000000 -1.000000
vn -1.000000 0.000000 0.000000
vn -1.000000 0.000000 0.000000
vn -1.000000 0.000000 0.000000
vn -1.000000 0.000000 0.000000
vn 0.000000 0.000000 1.000000
vn 0.000000 0.000000 1.000000
vn 0.000000 0.000000 1.000000
vn 0.000000 0.000000 1.000000
vn 0.000000 0.000000 1.000000
vn 0.000000 0.000000 1.000000
vn -1.000000 0.000000 0.000000
vn -1.000000 0.000000 0.000000
vn -1.000000 0.000000 0.000000
vn -1.000000 0.000000 0.000000
vn -1.000000 0.000000 0.000000
vn -0.000000 -0.707107 0.707107
vn -0.000000 -0.707107 0.707107
vn -0.000000 -0.707107 0.707107
vn -0.000000 -0.707107 0.707107
vn -0.000000 -0.707107 0.707107
vn -0.000000 -0.707107 0.707107
vn 0.000000 0.707107 0.707107
vn 0.000000 0.707107 0.707107
vn 0.000000 0.707107 0.707107
vn 0.000000 0.707107 0.707107
vn 0.000000 0.707107 0.707107
vn 0.000000 0.707107 0.707107
vn -1.000000 0.000000 0.000000
vn -1.000000 0.000000 0.000000
vn -1.000000 0.000000 0.000000
vn -1.000000 0.000000 0.000000
vn -1.000000 0.000000 0.000000
vn 0.000000 0.000000 1.000000
vn 0.000000 0.000000 1.000000
vn 0.000000 0.000000 1.000000
vn 0.000000 0.000000 1.000000
vn 0.000000 0.000000 1.000000
vn 0.000000 0.000000 1.000000
vn -1.000000 0.000000 0.000000
vn -1.000000 0.000000 0.000000
vn -1.000000 0.000000 0.000000
vn -1.000000 0.000000 0.000000
vn -0.000000 -0.000000 -1.000000
vn -0.000000 -0.000000 -1.000000
vn -0.000000 -0.000000 -1.000000
vn -0.000000 -0.000000 -1.000000
vn -0.000000 -0.000000 -1.000000
vn -0.000000 -0.000000 -1.000000
vn 0.000000 1.000000 -0.000000
vn 0.000000 1.000000 -0.000000
vn 0.000000 1.000000 -0.000000
vn 0.000000 1.000000 -0.000000
vn 0.000000 1.000000 -0.000000
vn 0.000000 1.000000 -0.000000
vn 0.000000 1.000000 -0.000000
vn 0.000000 1.000000 -0.000000
vn 0.000000 0.000000 1.000000
vn 0.000000 0.000000 1.000000
vn 0.000000 0.000000 1.000000
vn 0.000000 0.000000 1.000000
vn 0.000000 0.000000 1.000000
vn 0.000000 0.000000 1.000000
vn 0.000000 0.000000 1.000000
vn 0.000000 0.000000 1.000000
vn -0.000000 -1.000000 0.000000
vn -0.000000 -1.000000 0.000000
vn -0.000000 -1.000000 0.000000
vn -0.000000 -1.000000 0.000000
vn -0.000000 -1.000000 0.000000
vn -0.000000 -1.000000 0.000000
vn -0.000000 -1.000000 0.000000
vn -0.000000 -1.000000 0.000000
vn -0.000000 -1.000000 0.000000
vn -0.000000 -1.000000 0.000000
vn -0.000000 -1.000000 0.000000
vn -0.000000 -1.000000 0.000000
vn 0.000000 1.000000 -0.000000
vn 0.000000 1.000000 -0.000000
vn 0.000000 1.000000 -0.000000
vn 0.000000 1.000000 -0.000000
vn 0.000000 1.000000 -0.000000
vn 0.000000 1.000000 -0.000000
vn 0.000000 1.000000 -0.000000
vn 0.000000 1.000000 -0.000000
vn 0.000000 0.000000 1.000000
vn 0.000000 0.000000 1.000000
vn 0.000000 0.000000 1.000000
vn 0.000000 0.000000 1.000000
vn 0.000000 0.000000 1.000000
vn 0.000000 0.000000 1.000000
vn 0.000000 0.000000 1.000000
vn 0.000000 0.000000 1.000000
vn -0.000000 -1.000000 0.000000
vn -0.000000 -1.000000 0.000000
vn -0.000000 -1.000000 0.000000
vn -0.000000 -1.000000 0.000000
vn 0.000000 1.000000 -0.000000
vn 0.000000 1.000000 -0.000000
vn 0.000000 1.000000 -0.000000
vn 0.000000 1.000000 -0.000000
vn 0.000000 1.000000 -0.000000
vn 0.000000 1.000000 -0.000000
vn 0.000000 1.000000 -0.000000
vn 0.000000 1.000000 -0.000000
vn 0.000000 0.000000 1.000000
vn 0.000000 0.000000 1.000000
vn 0.000000 0.000000 1.000000
vn 0.000000 0.000000 1.000000
vn 0.000000 0.000000 1.000000
vn 0.000000 0.000000 1.000000
vn 0.000000 0.000000 1.000000
vn 0.000000 0.000000 1.000000
vn -0.000000 -1.000000 0.000000
vn -0.000000 -1.000000 0.000000
vn -0.000000 -1.000000 0.000000
vn -0.000000 -1.000000 0.000000
vn -0.000000 -1.000000 0.000000
vn -0.000000 -1.000000 0.000000
vn -0.000000 -1.000000 0.000000
vn -0.000000 -1.000000 0.000000
vn -0.000000 -1.000000 0.000000
vn -0.000000 -1.000000 0.000000
vn -0.000000 -1.000000 0.000000
vn -0.000000 -1.000000 0.000000
vn 0.000000 1.000000 -0.000000
vn 0.000000 1.000000 -0.000000
vn 0.000000 1.000000 -0.000000
vn 0.000000 1.000000 -0.000000
vn 0.000000 1.000000 -0.000000
vn 0.000000 1.000000 -0.000000
vn 0.000000 1.000000 -0.000000
vn 0.000000 1.000000 -0.000000
vn 0.000000 0.000000 1.000000
vn 0.000000 0.000000 1.000000
vn 0.000000 0.000000 1.000000
vn 0.000000 0.000000 1.000000
vn 0.000000 0.000000 1.000000
vn 0.000000 0.000000 1.000000
vn 0.000000 0.000000 1.000000
vn 0.000000 0.000000 1.000000
vn -0.000000 -1.000000 0.000000
vn -0.000000 -1.000000 0.000000
vn -0.000000 -1.000000 0.000000
vn -0.000000 -1.000000 0.000000
vn 0.000000 1.000000 -0.000000
vn 0.000000 1.000000 -0.000000
vn 0.000000 1.000000 -0.000000
vn 0.000000 1.000000 -0.000000
vn 0.000000 1.000000 -0.000000
vn 0.000000 1.000000 -0.000000
vn 0.000000 1.000000 -0.000000
vn 0.000000 1.000000 -0.000000
vn 0.000000 0.000000 1.000000
vn 0.000000 0.000000 1.000000
vn 0.000000 0.000000 1.000000
vn 0.000000 0.000000 1.000000
vn 0.000000 0.000000 1.000000
vn 0.000000 0.000000 1.000000
vn 0.000000 0.000000 1.000000
vn 0.000000 0.000000 1.000000
vn -0.000000 -1.000000 0.000000
vn -0.000000 -1.000000 0.000000
vn -0.000000 -1.000000 0.000000
vn -0.000000 -1.000000 0.000000
vn -0.000000 -1.000000 0.000000
vn -0.000000 -1.000000 0.000000
vn -0.000000 -1.000000 0.000000
vn -0.000000 -1.000000 0.000000
vn -0.000000 -1.000000 0.000000
vn -0.000000 -1.000000 0.000000
vn -0.000000 -1.000000 0.000000
vn -0.000000 -1.000000 0.000000
vn 0.000000 1.000000 -0.000000
vn 0.000000 1.000000 -0.000000
vn 0.000000 1.000000 -0.000000
vn 0.000000 1.000000 -0.000000
vn 0.000000 1.000000 -0.000000
vn 0.000000 1.000000 -0.000000
vn 0.000000 1.000000 -0.000000
vn 0.000000 1.000000 -0.000000
vn 0.000000 0.000000 1.000000
vn 0.000000 0.000000 1.000000
vn 0.000000 0.000000 1.000000
vn 0.000000 0.000000 1.000000
vn 0.000000 0.000000 1.000000
vn 0.000000 0.000000 1.000000
vn 0.000000 0.000000 1.000000
vn 0.000000 0.000000 1.000000
vn -0.000000 -1.000000 0.000000
vn -0.000000 -1.000000 0.000000
vn -0.000000 -1.000000 0.000000
vn -0.000000 -1.000000 0.000000
vn 0.000000 1.000000 -0.000000
vn 0.000000 1.000000 -0.000000
vn 0.000000 1.000000 -0.000000
vn 0.000000 1.000000 -0.000000
vn 0.000000 1.000000 -0.000000
vn 0.000000 1.000000 -0.000000
vn 0.000000 1.000000 -0.000000
vn 0.000000 1.000000 -0.000000
vn 0.000000 1.000000 -0.000000
vn 0.000000 1.000000 -0.000000
vn 0.000000 0.000000 1.000000
vn 0.000000 0.000000 1.000000
vn 0.000000 0.000000 1.000000
vn 0.000000 0.000000 1.000000
vn 0.996195 -0.000000 0.087156
vn 0.996195 -0.000000 0.087156
vn 0.996195 -0.000000 0.087156
vn 0.996195 -0.000000 0.087156
vn -0.000000 -1.000000 0.000000
vn -0.000000 -1.000000 0.000000
vn -0.000000 -1.000000 0.000000
vn -0.000000 -1.000000 0.000000
vn -0.000000 -1.000000 0.000000
vn -0.000000 -1.000000 0.000000
vn -0.000000 -1.000000 0.000000
vn -0.000000 -1.000000 0.000000
vn -0.000000 -1.000000 0.000000
vn -0.000000 -1.000000 0.000000
vn -0.000000 -0.000000 -1.000000
vn -0.000000 -0.000000 -1.000000
vn -0.000000 -0.000000 -1.000000
vn -0.000000 -0.000000 -1.000000
vn -0.707107 -0.000000 -0.707107
vn -0.707107 -0.000000 -0.707107
vn -0.707107 -0.000000 -0.707107
vn -0.707107 -0.000000 -0.707107
vn -1.000000 0.000000 0.000000
vn -1.000000 0.000000 0.000000
vn -1.000000 0.000000 0.000000
vn -1.000000 0.000000 0.000000
vn -0.707107 0.000000 0.707107
vn -0.707107 0.000000 0.707107
vn -0.707107 0.000000 0.707107
vn -0.707107 0.000000 0.707107
usemtl Acciaio_-_Satinato
f 8/1/1 1/2/2 7/3/3
f 7/3/3 1/2/2 2/4/4
f 7/3/3 2/4/4 4/5/5
f 4/5/5 2/4/4 3/6/6
f 4/5/5 5/7/7 7/3/3
f 7/3/3 5/7/7 6/8/8
f 10/9/9 11/10/10 9/11/11
f 9/11/11 11/10/10 49/12/12
f 9/11/11 49/12/12 1/13/13
f 1/13/13 49/12/12 50/14/14
f 1/13/13 50/14/14 60/15/15
f 60/15/15 50/14/14 59/16/16
f 59/16/16 50/14/14 47/17/17
f 59/16/16 47/17/17 40/18/18
f 40/18/18 47/17/17 54/19/19
f 40/18/18 54/19/19 51/20/20
f 12/21/21 53/22/22 11/10/10
f 11/10/10 53/22/22 48/23/23
f 11/10/10 48/23/23 49/12/12
f 13/24/24 14/25/25 12/21/21
f 12/21/21 14/25/25 56/26/26
f 12/21/21 56/26/26 57/27/27
f 15/28/28 16/29/29 14/25/25
f 14/25/25 16/29/29 17/30/30
f 14/25/25 17/30/30 18/31/31
f 18/31/31 19/32/32 14/25/25
f 14/25/25 19/32/32 20/33/33
f 14/25/25 20/33/33 56/26/26
f 56/26/26 20/33/33 55/34/34
f 55/34/34 20/33/33 43/35/35
f 55/34/34 43/35/35 58/36/36
f 58/36/36 43/35/35 44/37/37
f 58/36/36 44/37/37 51/20/20
f 51/20/20 44/37/37 39/38/38
f 51/20/20 39/38/38 40/18/18
f 20/33/33 21/39/39 43/35/35
f 43/35/35 21/39/39 46/40/40
f 46/40/40 21/39/39 27/41/41
f 46/40/40 27/41/41 45/42/42
f 45/42/42 27/41/41 42/43/43
f 45/42/42 42/43/43 44/37/37
f 44/37/37 42/43/43 39/38/38
f 21/39/39 22/44/44 27/41/41
f 27/41/41 22/44/44 23/45/45
f 27/41/41 23/45/45 24/46/46
f 24/46/46 25/47/47 27/41/41
f 27/41/41 25/47/47 26/48/48
f 27/41/41 28/49/49 42/43/43
f 42/43/43 28/49/49 41/50/50
f 41/50/50 28/49/49 62/51/51
f 41/50/50 62/51/51 59/16/16
f 29/52/52 30/53/53 28/49/49
f 28/49/49 30/53/53 31/54/54
f 28/49/49 31/54/54 32/55/55
f 32/55/55 33/56/56 28/49/49
f 28/49/49 33/56/56 2/57/57
f 28/49/49 2/57/57 61/58/58
f 61/58/58 2/57/57 60/15/15
f 60/15/15 2/57/57 1/13/13
f 1/13/13 34/59/59 9/11/11
f 9/11/11 34/59/59 35/60/60
f 9/11/11 35/60/60 36/61/61
f 36/61/61 37/62/62 9/11/11
f 9/11/11 37/62/62 38/63/63
f 40/18/18 41/50/50 59/16/16
f 47/17/17 48/23/23 54/19/19
f 54/19/19 48/23/23 53/22/22
f 58/36/36 51/20/20 57/27/27
f 57/27/27 51/20/20 52/64/64
f 57/27/27 52/64/64 12/21/21
f 12/21/21 52/64/64 53/22/22
f 61/58/58 62/51/51 28/49/49
f 3/65/6 2/66/4 68/67/65
f 68/67/65 2/66/4 33/68/66
f 68/67/65 33/68/66 32/69/67
f 68/67/65 32/69/67 67/70/68
f 67/70/68 32/69/67 31/71/69
f 67/70/68 31/71/69 66/72/70
f 66/72/70 31/71/69 65/73/71
f 65/73/71 31/71/69 30/74/72
f 65/73/71 30/74/72 64/75/73
f 64/75/73 30/74/72 29/76/74
f 64/75/73 29/76/74 63/77/75
f 63/77/75 29/76/74 28/78/76
f 69/79/77 72/80/78 63/81/79
f 63/81/79 72/80/78 66/82/80
f 63/81/79 66/82/80 65/83/81
f 70/84/82 71/85/83 69/79/77
f 69/79/77 71/85/83 72/80/78
f 72/80/78 73/86/84 66/82/80
f 66/82/80 73/86/84 67/87/85
f 67/87/85 73/86/84 74/88/86
f 67/87/85 74/88/86 68/89/87
f 68/89/87 74/88/86 135/90/88
f 68/89/87 135/90/88 3/91/89
f 3/91/89 135/90/88 148/92/90
f 3/91/89 148/92/90 149/93/91
f 135/90/88 74/88/86 122/94/92
f 122/94/92 74/88/86 75/95/93
f 122/94/92 75/95/93 109/96/94
f 109/96/94 75/95/93 96/97/95
f 109/96/94 96/97/95 97/98/96
f 76/99/97 82/100/98 75/95/93
f 75/95/93 82/100/98 83/101/99
f 75/95/93 83/101/99 96/97/95
f 96/97/95 83/101/99 84/102/100
f 96/97/95 84/102/100 95/103/101
f 95/103/101 84/102/100 85/104/102
f 95/103/101 85/104/102 94/105/103
f 94/105/103 85/104/102 86/106/104
f 94/105/103 86/106/104 93/107/105
f 93/107/105 86/106/104 87/108/106
f 93/107/105 87/108/106 92/109/107
f 92/109/107 87/108/106 88/110/108
f 92/109/107 88/110/108 91/111/109
f 91/111/109 88/110/108 89/112/110
f 91/111/109 89/112/110 90/113/111
f 77/114/112 78/115/113 76/99/97
f 76/99/97 78/115/113 79/116/114
f 76/99/97 79/116/114 80/117/115
f 80/117/115 81/118/116 76/99/97
f 76/99/97 81/118/116 82/100/98
f 109/96/94 97/98/96 108/119/117
f 108/119/117 97/98/96 98/120/118
f 108/119/117 98/120/118 107/121/119
f 107/121/119 98/120/118 99/122/120
f 107/121/119 99/122/120 106/123/121
f 106/123/121 99/122/120 100/124/122
f 106/123/121 100/124/122 105/125/123
f 105/125/123 100/124/122 101/126/124
f 105/125/123 101/126/124 104/127/125
f 104/127/125 101/126/124 102/128/126
f 104/127/125 102/128/126 103/129/127
f 109/96/94 110/130/128 122/94/92
f 122/94/92 110/130/128 121/131/129
f 121/131/129 110/130/128 111/132/130
f 121/131/129 111/132/130 120/133/131
f 120/133/131 111/132/130 112/134/132
f 120/133/131 112/134/132 119/135/133
f 119/135/133 112/134/132 113/136/134
f 119/135/133 113/136/134 118/137/135
f 118/137/135 113/136/134 114/138/136
f 118/137/135 114/138/136 117/139/137
f 117/139/137 114/138/136 116/140/138
f 116/140/138 114/138/136 115/141/139
f 122/94/92 123/142/140 135/90/88
f 135/90/88 123/142/140 134/143/141
f 134/143/141 123/142/140 124/144/142
f 134/143/141 124/144/142 133/145/143
f 133/145/143 124/144/142 125/146/144
f 133/145/143 125/146/144 132/147/145
f 132/147/145 125/146/144 126/148/146
f 132/147/145 126/148/146 131/149/147
f 131/149/147 126/148/146 127/150/148
f 131/149/147 127/150/148 130/151/149
f 130/151/149 127/150/148 128/152/150
f 130/151/149 128/152/150 129/153/151
f 148/92/90 135/90/88 147/154/152
f 147/154/152 135/90/88 136/155/153
f 147/154/152 136/155/153 137/156/154
f 147/154/152 137/156/154 146/157/155
f 146/157/155 137/156/154 138/158/156
f 146/157/155 138/158/156 145/159/157
f 145/159/157 138/158/156 139/160/158
f 145/159/157 139/160/158 144/161/159
f 144/161/159 139/160/158 140/162/160
f 144/161/159 140/162/160 143/163/161
f 143/163/161 140/162/160 141/164/162
f 143/163/161 141/164/162 142/165/163
f 3/91/89 149/93/91 4/166/164
f 4/166/164 149/93/91 150/167/165
f 4/166/164 150/167/165 151/168/166
f 151/168/166 152/169/167 4/166/164
f 4/166/164 152/169/167 153/170/168
f 4/166/164 153/170/168 154/171/169
f 65/83/81 64/172/170 63/81/79
f 5/173/171 4/174/172 155/175/173
f 155/175/173 4/174/172 154/176/174
f 157/177/175 168/178/176 156/179/177
f 156/179/177 168/178/176 169/180/178
f 156/179/177 169/180/178 182/181/179
f 182/181/179 169/180/178 181/182/180
f 181/182/180 169/180/178 180/183/181
f 180/183/181 169/180/178 170/184/182
f 180/183/181 170/184/182 171/185/183
f 168/178/176 157/177/175 167/186/184
f 167/186/184 157/177/175 158/187/185
f 167/186/184 158/187/185 166/188/186
f 166/188/186 158/187/185 159/189/187
f 166/188/186 159/189/187 165/190/188
f 165/190/188 159/189/187 160/191/189
f 165/190/188 160/191/189 164/192/190
f 164/192/190 160/191/189 161/193/191
f 164/192/190 161/193/191 163/194/192
f 163/194/192 161/193/191 162/195/193
f 180/183/181 171/185/183 179/196/194
f 179/196/194 171/185/183 172/197/195
f 179/196/194 172/197/195 178/198/196
f 178/198/196 172/197/195 173/199/197
f 178/198/196 173/199/197 177/200/198
f 177/200/198 173/199/197 174/201/199
f 177/200/198 174/201/199 176/202/200
f 176/202/200 174/201/199 175/203/201
f 183/204/202 258/205/203 182/181/179
f 182/181/179 258/205/203 263/206/204
f 182/181/179 263/206/204 264/207/205
f 6/208/206 247/209/207 183/204/202
f 183/204/202 247/209/207 256/210/208
f 183/204/202 256/210/208 257/211/209
f 5/212/210 242/213/211 6/208/206
f 6/208/206 242/213/211 240/214/212
f 6/208/206 240/214/212 235/215/213
f 242/213/211 5/212/210 241/216/214
f 241/216/214 5/212/210 155/217/215
f 241/216/214 155/217/215 244/218/216
f 244/218/216 155/217/215 191/219/217
f 244/218/216 191/219/217 250/220/218
f 250/220/218 191/219/217 249/221/219
f 249/221/219 191/219/217 182/181/179
f 249/221/219 182/181/179 260/222/220
f 260/222/220 182/181/179 259/223/221
f 259/223/221 182/181/179 264/207/205
f 155/217/215 184/224/222 191/219/217
f 191/219/217 184/224/222 185/225/223
f 191/219/217 185/225/223 186/226/224
f 186/226/224 187/227/225 191/219/217
f 191/219/217 187/227/225 188/228/226
f 191/219/217 188/228/226 190/229/227
f 190/229/227 188/228/226 189/230/228
f 191/219/217 192/231/229 182/181/179
f 182/181/179 192/231/229 193/232/230
f 182/181/179 193/232/230 194/233/231
f 194/233/231 195/234/232 182/181/179
f 182/181/179 195/234/232 196/235/233
f 182/181/179 196/235/233 209/236/234
f 209/236/234 196/235/233 208/237/235
f 208/237/235 196/235/233 207/238/236
f 207/238/236 196/235/233 197/239/237
f 207/238/236 197/239/237 198/240/238
f 207/238/236 198/240/238 206/241/239
f 206/241/239 198/240/238 199/242/240
f 206/241/239 199/242/240 205/243/241
f 205/243/241 199/242/240 200/244/242
f 205/243/241 200/244/242 204/245/243
f 204/245/243 200/244/242 201/246/244
f 204/245/243 201/246/244 203/247/245
f 203/247/245 201/246/244 202/248/246
f 210/249/247 220/250/248 209/236/234
f 209/236/234 220/250/248 221/251/249
f 209/236/234 221/251/249 222/252/250
f 210/249/247 211/253/251 220/250/248
f 220/250/248 211/253/251 219/254/252
f 219/254/252 211/253/251 212/255/253
f 219/254/252 212/255/253 218/256/254
f 218/256/254 212/255/253 213/257/255
f 218/256/254 213/257/255 217/258/256
f 217/258/256 213/257/255 214/259/257
f 217/258/256 214/259/257 216/260/258
f 216/260/258 214/259/257 215/261/259
f 223/262/260 233/263/261 222/252/250
f 222/252/250 233/263/261 234/264/262
f 222/252/250 234/264/262 156/179/177
f 223/262/260 224/265/263 233/263/261
f 233/263/261 224/265/263 232/266/264
f 232/266/264 224/265/263 225/267/265
f 232/266/264 225/267/265 231/268/266
f 231/268/266 225/267/265 226/269/267
f 231/268/266 226/269/267 230/270/268
f 230/270/268 226/269/267 227/271/269
f 230/270/268 227/271/269 229/272/270
f 229/272/270 227/271/269 228/273/271
f 235/215/213 236/274/272 6/208/206
f 6/208/206 236/274/272 246/275/273
f 6/208/206 246/275/273 247/209/207
f 236/274/272 237/276/274 246/275/273
f 246/275/273 237/276/274 245/277/275
f 245/277/275 237/276/274 238/278/276
f 245/277/275 238/278/276 243/279/277
f 243/279/277 238/278/276 242/213/211
f 242/213/211 238/278/276 239/280/278
f 242/213/211 239/280/278 240/214/212
f 244/218/216 251/281/279 243/279/277
f 243/279/277 251/281/279 252/282/280
f 243/279/277 252/282/280 245/277/275
f 245/277/275 252/282/280 248/283/281
f 248/283/281 252/282/280 253/284/282
f 248/283/281 253/284/282 255/285/283
f 255/285/283 253/284/282 262/286/284
f 255/285/283 262/286/284 258/205/203
f 258/205/203 262/286/284 263/206/204
f 247/209/207 248/283/281 256/210/208
f 256/210/208 248/283/281 255/285/283
f 250/220/218 251/281/279 244/218/216
f 253/284/282 254/287/285 262/286/284
f 262/286/284 254/287/285 261/288/286
f 261/288/286 254/287/285 249/221/219
f 261/288/286 249/221/219 260/222/220
f 257/211/209 258/205/203 183/204/202
f 156/179/177 182/181/179 222/252/250
f 222/252/250 182/181/179 209/236/234
f 267/289/287 7/290/288 269/291/289
f 269/291/289 7/290/288 6/292/290
f 269/291/289 6/292/290 268/293/291
f 268/293/291 6/292/290 271/294/292
f 271/294/292 6/292/290 274/295/293
f 271/294/292 274/295/293 275/296/294
f 6/292/290 183/297/295 274/295/293
f 274/295/293 183/297/295 273/298/296
f 273/298/296 183/297/295 272/299/297
f 272/299/297 183/297/295 265/300/298
f 272/299/297 265/300/298 266/301/299
f 12/302/300 267/289/287 266/301/299
f 266/301/299 267/289/287 275/296/294
f 266/301/299 275/296/294 272/299/297
f 12/302/300 11/303/301 267/289/287
f 269/291/289 270/304/302 267/289/287
f 267/289/287 270/304/302 275/296/294
f 270/304/302 271/294/292 275/296/294
f 7/305/303 267/306/304 8/307/305
f 8/307/305 267/306/304 276/308/306
f 8/307/305 276/308/306 277/309/307
f 278/310/308 279/311/309 277/309/307
f 277/309/307 279/311/309 280/312/310
f 277/309/307 280/312/310 281/313/311
f 281/313/311 282/314/312 277/309/307
f 277/309/307 282/314/312 8/307/305
f 8/315/1 282/316/313 1/317/2
f 1/317/2 282/316/313 34/318/314
f 34/318/314 282/316/313 35/319/315
f 35/319/315 282/316/313 281/320/316
f 35/319/315 281/320/316 36/321/317
f 36/321/317 281/320/316 280/322/318
f 36/321/317 280/322/318 37/323/319
f 37/323/319 280/322/318 279/324/320
f 37/323/319 279/324/320 38/325/321
f 38/325/321 279/324/320 278/326/322
f 38/325/321 278/326/322 9/327/323
f 9/327/323 278/326/322 277/328/324
f 277/329/324 276/330/325 9/331/323
f 9/331/323 276/330/325 10/332/326
f 11/333/327 10/334/328 267/335/329
f 267/335/329 10/334/328 276/336/330
f 266/337/331 283/338/332 12/339/333
f 12/339/333 283/338/332 13/340/334
f 14/341/335 13/342/336 284/343/337
f 284/343/337 13/342/336 283/344/338
f 14/345/335 284/346/337 15/347/339
f 15/347/339 284/346/337 285/348/340
f 15/347/339 285/348/340 286/349/341
f 287/350/342 17/351/343 286/349/341
f 286/349/341 17/351/343 16/352/344
f 286/349/341 16/352/344 15/347/339
f 17/351/343 287/350/342 18/353/345
f 18/353/345 287/350/342 288/354/346
f 18/353/345 288/354/346 19/355/347
f 19/355/347 288/354/346 289/356/348
f 19/355/347 289/356/348 20/357/349
f 20/357/349 289/356/348 290/358/350
f 290/359/350 265/360/351 20/361/352
f 20/361/352 265/360/351 21/362/353
f 21/362/353 265/360/351 76/363/354
f 21/362/353 76/363/354 75/364/355
f 265/360/351 183/365/356 76/363/354
f 76/363/354 183/365/356 182/366/357
f 21/367/358 75/368/359 22/369/360
f 22/369/360 75/368/359 74/370/361
f 22/369/360 74/370/361 23/371/362
f 23/371/362 74/370/361 73/372/363
f 23/371/362 73/372/363 24/373/364
f 24/373/364 73/372/363 72/374/365
f 24/373/364 72/374/365 25/375/366
f 25/375/366 72/374/365 71/376/367
f 25/375/366 71/376/367 26/377/368
f 26/377/368 71/376/367 70/378/369
f 26/377/368 70/378/369 27/379/370
f 27/379/370 70/378/369 69/380/371
f 27/381/370 69/382/371 28/383/372
f 28/383/372 69/382/371 63/384/373
f 39/385/374 291/386/375 40/387/376
f 40/387/376 291/386/375 292/388/377
f 292/389/378 293/390/379 40/391/380
f 40/391/380 293/390/379 41/392/381
f 41/392/381 293/390/379 294/393/382
f 294/394/383 295/395/384 41/396/385
f 41/396/385 295/395/384 296/397/386
f 41/396/385 296/397/386 42/398/387
f 42/398/387 296/397/386 297/399/388
f 297/400/389 298/401/390 42/402/391
f 42/402/391 298/401/390 39/403/392
f 39/403/392 298/401/390 291/404/393
f 43/405/394 299/406/395 44/407/396
f 44/407/396 299/406/395 300/408/397
f 300/409/398 301/410/399 44/411/400
f 44/411/400 301/410/399 45/412/401
f 45/412/401 301/410/399 302/413/402
f 302/414/403 303/415/404 45/416/405
f 45/416/405 303/415/404 304/417/406
f 45/416/405 304/417/406 46/418/407
f 46/418/407 304/417/406 305/419/408
f 305/420/409 306/421/410 46/422/411
f 46/422/411 306/421/410 43/423/412
f 43/423/412 306/421/410 299/424/413
f 307/425/414 308/426/415 47/427/416
f 47/427/416 308/426/415 48/428/417
f 48/428/417 308/426/415 309/429/418
f 48/430/419 309/431/420 49/432/421
f 49/432/421 309/431/420 310/433/422
f 310/434/423 311/435/424 49/436/425
f 49/436/425 311/435/424 50/437/426
f 50/437/426 311/435/424 312/438/427
f 312/439/428 313/440/429 50/441/430
f 50/441/430 313/440/429 47/442/431
f 47/442/431 313/440/429 314/443/432
f 47/442/431 314/443/432 307/444/433
f 315/445/434 316/446/435 51/447/436
f 51/447/436 316/446/435 52/448/437
f 52/448/437 316/446/435 317/449/438
f 52/450/439 317/451/440 53/452/441
f 53/452/441 317/451/440 318/453/442
f 318/454/443 319/455/444 53/456/445
f 53/456/445 319/455/444 54/457/446
f 54/457/446 319/455/444 320/458/447
f 320/459/448 321/460/449 54/461/450
f 54/461/450 321/460/449 322/462/451
f 54/461/450 322/462/451 51/463/452
f 51/463/452 322/462/451 315/464/453
f 323/465/454 324/466/455 55/467/456
f 55/467/456 324/466/455 56/468/457
f 56/468/457 324/466/455 325/469/458
f 56/470/459 325/471/460 57/472/461
f 57/472/461 325/471/460 326/473/462
f 326/474/463 327/475/464 57/476/465
f 57/476/465 327/475/464 58/477/466
f 58/477/466 327/475/464 328/478/467
f 328/479/468 329/480/469 58/481/470
f 58/481/470 329/480/469 330/482/471
f 58/481/470 330/482/471 55/483/472
f 55/483/472 330/482/471 323/484/473
f 59/485/474 331/486/475 60/487/476
f 60/487/476 331/486/475 332/488/477
f 332/489/478 333/490/479 60/491/480
f 60/491/480 333/490/479 61/492/481
f 61/492/481 333/490/479 334/493/482
f 334/494/483 335/495/484 61/496/485
f 61/496/485 335/495/484 336/497/486
f 61/496/485 336/497/486 62/498/487
f 62/498/487 336/497/486 337/499/488
f 337/500/489 338/501/490 62/502/491
f 62/502/491 338/501/490 59/503/492
f 59/503/492 338/501/490 331/504/493
f 76/505/494 182/506/495 77/507/496
f 77/507/496 182/506/495 181/508/497
f 180/509/498 339/510/499 181/511/500
f 181/511/500 339/510/499 340/512/501
f 181/511/500 340/512/501 341/513/502
f 341/513/502 340/512/501 347/514/503
f 341/513/502 347/514/503 348/515/504
f 348/515/504 347/514/503 354/516/505
f 348/515/504 354/516/505 355/517/506
f 355/517/506 354/516/505 361/518/507
f 355/517/506 361/518/507 362/519/508
f 362/519/508 361/518/507 368/520/509
f 362/519/508 368/520/509 82/521/510
f 82/521/510 368/520/509 83/522/511
f 83/522/511 368/520/509 374/523/512
f 83/522/511 374/523/512 84/524/513
f 84/524/513 374/523/512 380/525/514
f 84/524/513 380/525/514 85/526/515
f 85/526/515 380/525/514 386/527/516
f 85/526/515 386/527/516 86/528/517
f 86/528/517 386/527/516 392/529/518
f 86/528/517 392/529/518 87/530/519
f 87/530/519 392/529/518 398/531/520
f 87/530/519 398/531/520 88/532/521
f 88/532/521 398/531/520 404/533/522
f 88/532/521 404/533/522 89/534/523
f 89/534/523 404/533/522 403/535/524
f 89/534/523 403/535/524 402/536/525
f 402/536/525 403/535/524 396/537/526
f 402/536/525 396/537/526 395/538/527
f 395/538/527 396/537/526 389/539/528
f 395/538/527 389/539/528 388/540/529
f 388/540/529 389/539/528 382/541/530
f 388/540/529 382/541/530 381/542/531
f 381/542/531 382/541/530 375/543/532
f 381/542/531 375/543/532 174/544/533
f 174/544/533 375/543/532 175/545/534
f 175/545/534 375/543/532 369/546/535
f 175/545/534 369/546/535 176/547/536
f 176/547/536 369/546/535 363/548/537
f 176/547/536 363/548/537 177/549/538
f 177/549/538 363/548/537 357/550/539
f 177/549/538 357/550/539 178/551/540
f 178/551/540 357/550/539 351/552/541
f 178/551/540 351/552/541 179/553/542
f 179/553/542 351/552/541 345/554/543
f 179/553/542 345/554/543 180/509/498
f 180/509/498 345/554/543 339/510/499
f 174/544/533 173/555/544 381/542/531
f 381/542/531 173/555/544 387/556/545
f 381/542/531 387/556/545 388/540/529
f 388/540/529 387/556/545 394/557/546
f 388/540/529 394/557/546 395/538/527
f 395/538/527 394/557/546 401/558/547
f 395/538/527 401/558/547 402/536/525
f 402/536/525 401/558/547 89/534/523
f 173/555/544 172/559/548 387/556/545
f 387/556/545 172/559/548 393/560/549
f 387/556/545 393/560/549 394/557/546
f 394/557/546 393/560/549 400/561/550
f 394/557/546 400/561/550 401/558/547
f 401/558/547 400/561/550 169/562/551
f 401/558/547 169/562/551 89/534/523
f 172/559/548 171/563/552 393/560/549
f 393/560/549 171/563/552 399/564/553
f 393/560/549 399/564/553 400/561/550
f 400/561/550 399/564/553 169/562/551
f 171/563/552 170/565/554 399/564/553
f 399/564/553 170/565/554 169/562/551
f 82/521/510 81/566/555 362/519/508
f 362/519/508 81/566/555 356/567/556
f 362/519/508 356/567/556 355/517/506
f 355/517/506 356/567/556 349/568/557
f 355/517/506 349/568/557 348/515/504
f 348/515/504 349/568/557 342/569/558
f 348/515/504 342/569/558 341/513/502
f 341/513/502 342/569/558 181/511/500
f 81/566/555 80/570/559 356/567/556
f 356/567/556 80/570/559 350/571/560
f 356/567/556 350/571/560 349/568/557
f 349/568/557 350/571/560 343/572/561
f 349/568/557 343/572/561 342/569/558
f 342/569/558 343/572/561 77/573/562
f 342/569/558 77/573/562 181/511/500
f 80/570/559 79/574/563 350/571/560
f 350/571/560 79/574/563 344/575/564
f 350/571/560 344/575/564 343/572/561
f 343/572/561 344/575/564 77/573/562
f 79/574/563 78/576/565 344/575/564
f 344/575/564 78/576/565 77/573/562
f 340/512/501 339/510/499 346/577/566
f 346/577/566 339/510/499 345/554/543
f 346/577/566 345/554/543 352/578/567
f 352/578/567 345/554/543 351/552/541
f 352/578/567 351/552/541 358/579/568
f 358/579/568 351/552/541 357/550/539
f 358/579/568 357/550/539 364/580/569
f 364/580/569 357/550/539 363/548/537
f 364/580/569 363/548/537 370/581/570
f 370/581/570 363/548/537 369/546/535
f 370/581/570 369/546/535 376/582/571
f 376/582/571 369/546/535 375/543/532
f 376/582/571 375/543/532 382/541/530
f 340/512/501 346/577/566 347/514/503
f 347/514/503 346/577/566 353/583/572
f 347/514/503 353/583/572 354/516/505
f 354/516/505 353/583/572 360/584/573
f 354/516/505 360/584/573 361/518/507
f 361/518/507 360/584/573 367/585/574
f 361/518/507 367/585/574 368/520/509
f 368/520/509 367/585/574 374/523/512
f 353/583/572 346/577/566 352/578/567
f 353/583/572 352/578/567 359/586/575
f 359/586/575 352/578/567 358/579/568
f 359/586/575 358/579/568 365/587/576
f 365/587/576 358/579/568 364/580/569
f 365/587/576 364/580/569 371/588/577
f 371/588/577 364/580/569 370/581/570
f 371/588/577 370/581/570 377/589/578
f 377/589/578 370/581/570 376/582/571
f 377/589/578 376/582/571 383/590/579
f 383/590/579 376/582/571 382/541/530
f 383/590/579 382/541/530 389/539/528
f 353/583/572 359/586/575 360/584/573
f 360/584/573 359/586/575 366/591/580
f 360/584/573 366/591/580 367/585/574
f 367/585/574 366/591/580 373/592/581
f 367/585/574 373/592/581 374/523/512
f 374/523/512 373/592/581 380/525/514
f 366/591/580 359/586/575 365/587/576
f 366/591/580 365/587/576 372/593/582
f 372/593/582 365/587/576 371/588/577
f 372/593/582 371/588/577 378/594/583
f 378/594/583 371/588/577 377/589/578
f 378/594/583 377/589/578 384/595/584
f 384/595/584 377/589/578 383/590/579
f 384/595/584 383/590/579 390/596/585
f 390/596/585 383/590/579 389/539/528
f 390/596/585 389/539/528 396/537/526
f 366/591/580 372/593/582 373/592/581
f 373/592/581 372/593/582 379/597/586
f 373/592/581 379/597/586 380/525/514
f 380/525/514 379/597/586 386/527/516
f 379/597/586 372/593/582 378/594/583
f 379/597/586 378/594/583 385/598/587
f 385/598/587 378/594/583 384/595/584
f 385/598/587 384/595/584 391/599/588
f 391/599/588 384/595/584 390/596/585
f 391/599/588 390/596/585 397/600/589
f 397/600/589 390/596/585 396/537/526
f 397/600/589 396/537/526 403/535/524
f 392/529/518 386/527/516 385/598/587
f 385/598/587 386/527/516 379/597/586
f 392/529/518 385/598/587 391/599/588
f 398/531/520 392/529/518 391/599/588
f 398/531/520 391/599/588 397/600/589
f 404/533/522 398/531/520 397/600/589
f 404/533/522 397/600/589 403/535/524
f 169/601/590 168/602/591 89/603/592
f 89/603/592 168/602/591 90/604/593
f 167/605/594 405/606/595 168/607/596
f 168/607/596 405/606/595 406/608/597
f 168/607/596 406/608/597 407/609/598
f 407/609/598 406/608/597 413/610/599
f 407/609/598 413/610/599 414/611/600
f 414/611/600 413/610/599 420/612/601
f 414/611/600 420/612/601 421/613/602
f 421/613/602 420/612/601 427/614/603
f 421/613/602 427/614/603 428/615/604
f 428/615/604 427/614/603 434/616/605
f 428/615/604 434/616/605 95/617/606
f 95/617/606 434/616/605 96/618/607
f 96/618/607 434/616/605 440/619/608
f 96/618/607 440/619/608 97/620/609
f 97/620/609 440/619/608 446/621/610
f 97/620/609 446/621/610 98/622/611
f 98/622/611 446/621/610 452/623/612
f 98/622/611 452/623/612 99/624/613
f 99/624/613 452/623/612 458/625/614
f 99/624/613 458/625/614 100/626/615
f 100/626/615 458/625/614 464/627/616
f 100/626/615 464/627/616 101/628/617
f 101/628/617 464/627/616 470/629/618
f 101/628/617 470/629/618 102/630/619
f 102/630/619 470/629/618 469/631/620
f 102/630/619 469/631/620 468/632/621
f 468/632/621 469/631/620 462/633/622
f 468/632/621 462/633/622 461/634/623
f 461/634/623 462/633/622 455/635/624
f 461/634/623 455/635/624 454/636/625
f 454/636/625 455/635/624 448/637/626
f 454/636/625 448/637/626 447/638/627
f 447/638/627 448/637/626 441/639/628
f 447/638/627 441/639/628 161/640/629
f 161/640/629 441/639/628 162/641/630
f 162/641/630 441/639/628 435/642/631
f 162/641/630 435/642/631 163/643/632
f 163/643/632 435/642/631 429/644/633
f 163/643/632 429/644/633 164/645/634
f 164/645/634 429/644/633 423/646/635
f 164/645/634 423/646/635 165/647/636
f 165/647/636 423/646/635 417/648/637
f 165/647/636 417/648/637 166/649/638
f 166/649/638 417/648/637 411/650/639
f 166/649/638 411/650/639 167/605/594
f 167/605/594 411/650/639 405/606/595
f 161/640/629 160/651/640 447/638/627
f 447/638/627 160/651/640 453/652/641
f 447/638/627 453/652/641 454/636/625
f 454/636/625 453/652/641 460/653/642
f 454/636/625 460/653/642 461/634/623
f 461/634/623 460/653/642 467/654/643
f 461/634/623 467/654/643 468/632/621
f 468/632/621 467/654/643 102/630/619
f 160/651/640 159/655/644 453/652/641
f 453/652/641 159/655/644 459/656/645
f 453/652/641 459/656/645 460/653/642
f 460/653/642 459/656/645 466/657/646
f 460/653/642 466/657/646 467/654/643
f 467/654/643 466/657/646 156/658/647
f 467/654/643 156/658/647 102/630/619
f 159/655/644 158/659/648 459/656/645
f 459/656/645 158/659/648 465/660/649
f 459/656/645 465/660/649 466/657/646
f 466/657/646 465/660/649 156/658/647
f 158/659/648 157/661/650 465/660/649
f 465/660/649 157/661/650 156/658/647
f 95/617/606 94/662/651 428/615/604
f 428/615/604 94/662/651 422/663/652
f 428/615/604 422/663/652 421/613/602
f 421/613/602 422/663/652 415/664/653
f 421/613/602 415/664/653 414/611/600
f 414/611/600 415/664/653 408/665/654
f 414/611/600 408/665/654 407/609/598
f 407/609/598 408/665/654 168/607/596
f 94/662/651 93/666/655 422/663/652
f 422/663/652 93/666/655 416/667/656
f 422/663/652 416/667/656 415/664/653
f 415/664/653 416/667/656 409/668/657
f 415/664/653 409/668/657 408/665/654
f 408/665/654 409/668/657 90/669/658
f 408/665/654 90/669/658 168/607/596
f 93/666/655 92/670/659 416/667/656
f 416/667/656 92/670/659 410/671/660
f 416/667/656 410/671/660 409/668/657
f 409/668/657 410/671/660 90/669/658
f 92/670/659 91/672/661 410/671/660
f 410/671/660 91/672/661 90/669/658
f 406/608/597 405/606/595 412/673/662
f 412/673/662 405/606/595 411/650/639
f 412/673/662 411/650/639 418/674/663
f 418/674/663 411/650/639 417/648/637
f 418/674/663 417/648/637 424/675/664
f 424/675/664 417/648/637 423/646/635
f 424/675/664 423/646/635 430/676/665
f 430/676/665 423/646/635 429/644/633
f 430/676/665 429/644/633 436/677/666
f 436/677/666 429/644/633 435/642/631
f 436/677/666 435/642/631 442/678/667
f 442/678/667 435/642/631 441/639/628
f 442/678/667 441/639/628 448/637/626
f 406/608/597 412/673/662 413/610/599
f 413/610/599 412/673/662 419/679/668
f 413/610/599 419/679/668 420/612/601
f 420/612/601 419/679/668 426/680/669
f 420/612/601 426/680/669 427/614/603
f 427/614/603 426/680/669 433/681/670
f 427/614/603 433/681/670 434/616/605
f 434/616/605 433/681/670 440/619/608
f 419/679/668 412/673/662 418/674/663
f 419/679/668 418/674/663 425/682/671
f 425/682/671 418/674/663 424/675/664
f 425/682/671 424/675/664 431/683/672
f 431/683/672 424/675/664 430/676/665
f 431/683/672 430/676/665 437/684/673
f 437/684/673 430/676/665 436/677/666
f 437/684/673 436/677/666 443/685/674
f 443/685/674 436/677/666 442/678/667
f 443/685/674 442/678/667 449/686/675
f 449/686/675 442/678/667 448/637/626
f 449/686/675 448/637/626 455/635/624
f 419/679/668 425/682/671 426/680/669
f 426/680/669 425/682/671 432/687/676
f 426/680/669 432/687/676 433/681/670
f 433/681/670 432/687/676 439/688/677
f 433/681/670 439/688/677 440/619/608
f 440/619/608 439/688/677 446/621/610
f 432/687/676 425/682/671 431/683/672
f 432/687/676 431/683/672 438/689/678
f 438/689/678 431/683/672 437/684/673
f 438/689/678 437/684/673 444/690/679
f 444/690/679 437/684/673 443/685/674
f 444/690/679 443/685/674 450/691/680
f 450/691/680 443/685/674 449/686/675
f 450/691/680 449/686/675 456/692/681
f 456/692/681 449/686/675 455/635/624
f 456/692/681 455/635/624 462/633/622
f 432/687/676 438/689/678 439/688/677
f 439/688/677 438/689/678 445/693/682
f 439/688/677 445/693/682 446/621/610
f 446/621/610 445/693/682 452/623/612
f 445/693/682 438/689/678 444/690/679
f 445/693/682 444/690/679 451/694/683
f 451/694/683 444/690/679 450/691/680
f 451/694/683 450/691/680 457/695/684
f 457/695/684 450/691/680 456/692/681
f 457/695/684 456/692/681 463/696/685
f 463/696/685 456/692/681 462/633/622
f 463/696/685 462/633/622 469/631/620
f 458/625/614 452/623/612 451/694/683
f 451/694/683 452/623/612 445/693/682
f 458/625/614 451/694/683 457/695/684
f 464/627/616 458/625/614 457/695/684
f 464/627/616 457/695/684 463/696/685
f 470/629/618 464/627/616 463/696/685
f 470/629/618 463/696/685 469/631/620
f 234/697/686 103/698/687 156/699/688
f 156/699/688 103/698/687 102/700/689
f 233/701/690 471/702/691 234/703/692
f 234/703/692 471/702/691 472/704/693
f 234/703/692 472/704/693 473/705/694
f 473/705/694 472/704/693 479/706/695
f 473/705/694 479/706/695 480/707/696
f 480/707/696 479/706/695 486/708/697
f 480/707/696 486/708/697 487/709/698
f 487/709/698 486/708/697 493/710/699
f 487/709/698 493/710/699 494/711/700
f 494/711/700 493/710/699 500/712/701
f 494/711/700 500/712/701 108/713/702
f 108/713/702 500/712/701 109/714/703
f 109/714/703 500/712/701 506/715/704
f 109/714/703 506/715/704 110/716/705
f 110/716/705 506/715/704 512/717/706
f 110/716/705 512/717/706 111/718/707
f 111/718/707 512/717/706 518/719/708
f 111/718/707 518/719/708 112/720/709
f 112/720/709 518/719/708 524/721/710
f 112/720/709 524/721/710 113/722/711
f 113/722/711 524/721/710 530/723/712
f 113/722/711 530/723/712 114/724/713
f 114/724/713 530/723/712 536/725/714
f 114/724/713 536/725/714 115/726/715
f 115/726/715 536/725/714 535/727/716
f 115/726/715 535/727/716 534/728/717
f 534/728/717 535/727/716 528/729/718
f 534/728/717 528/729/718 527/730/719
f 527/730/719 528/729/718 521/731/720
f 527/730/719 521/731/720 520/732/721
f 520/732/721 521/731/720 514/733/722
f 520/732/721 514/733/722 513/734/723
f 513/734/723 514/733/722 507/735/724
f 513/734/723 507/735/724 227/736/725
f 227/736/725 507/735/724 228/737/726
f 228/737/726 507/735/724 501/738/727
f 228/737/726 501/738/727 229/739/728
f 229/739/728 501/738/727 495/740/729
f 229/739/728 495/740/729 230/741/730
f 230/741/730 495/740/729 489/742/731
f 230/741/730 489/742/731 231/743/732
f 231/743/732 489/742/731 483/744/733
f 231/743/732 483/744/733 232/745/734
f 232/745/734 483/744/733 477/746/735
f 232/745/734 477/746/735 233/701/690
f 233/701/690 477/746/735 471/702/691
f 227/736/725 226/747/736 513/734/723
f 513/734/723 226/747/736 519/748/737
f 513/734/723 519/748/737 520/732/721
f 520/732/721 519/748/737 526/749/738
f 520/732/721 526/749/738 527/730/719
f 527/730/719 526/749/738 533/750/739
f 527/730/719 533/750/739 534/728/717
f 534/728/717 533/750/739 115/726/715
f 226/747/736 225/751/740 519/748/737
f 519/748/737 225/751/740 525/752/741
f 519/748/737 525/752/741 526/749/738
f 526/749/738 525/752/741 532/753/742
f 526/749/738 532/753/742 533/750/739
f 533/750/739 532/753/742 222/754/743
f 533/750/739 222/754/743 115/726/715
f 225/751/740 224/755/744 525/752/741
f 525/752/741 224/755/744 531/756/745
f 525/752/741 531/756/745 532/753/742
f 532/753/742 531/756/745 222/754/743
f 224/755/744 223/757/746 531/756/745
f 531/756/745 223/757/746 222/754/743
f 108/713/702 107/758/747 494/711/700
f 494/711/700 107/758/747 488/759/748
f 494/711/700 488/759/748 487/709/698
f 487/709/698 488/759/748 481/760/749
f 487/709/698 481/760/749 480/707/696
f 480/707/696 481/760/749 474/761/750
f 480/707/696 474/761/750 473/705/694
f 473/705/694 474/761/750 234/703/692
f 107/758/747 106/762/751 488/759/748
f 488/759/748 106/762/751 482/763/752
f 488/759/748 482/763/752 481/760/749
f 481/760/749 482/763/752 475/764/753
f 481/760/749 475/764/753 474/761/750
f 474/761/750 475/764/753 103/765/754
f 474/761/750 103/765/754 234/703/692
f 106/762/751 105/766/755 482/763/752
f 482/763/752 105/766/755 476/767/756
f 482/763/752 476/767/756 475/764/753
f 475/764/753 476/767/756 103/765/754
f 105/766/755 104/768/757 476/767/756
f 476/767/756 104/768/757 103/765/754
f 472/704/693 471/702/691 478/769/758
f 478/769/758 471/702/691 477/746/735
f 478/769/758 477/746/735 484/770/759
f 484/770/759 477/746/735 483/744/733
f 484/770/759 483/744/733 490/771/760
f 490/771/760 483/744/733 489/742/731
f 490/771/760 489/742/731 496/772/761
f 496/772/761 489/742/731 495/740/729
f 496/772/761 495/740/729 502/773/762
f 502/773/762 495/740/729 501/738/727
f 502/773/762 501/738/727 508/774/763
f 508/774/763 501/738/727 507/735/724
f 508/774/763 507/735/724 514/733/722
f 472/704/693 478/769/758 479/706/695
f 479/706/695 478/769/758 485/775/764
f 479/706/695 485/775/764 486/708/697
f 486/708/697 485/775/764 492/776/765
f 486/708/697 492/776/765 493/710/699
f 493/710/699 492/776/765 499/777/766
f 493/710/699 499/777/766 500/712/701
f 500/712/701 499/777/766 506/715/704
f 485/775/764 478/769/758 484/770/759
f 485/775/764 484/770/759 491/778/767
f 491/778/767 484/770/759 490/771/760
f 491/778/767 490/771/760 497/779/768
f 497/779/768 490/771/760 496/772/761
f 497/779/768 496/772/761 503/780/769
f 503/780/769 496/772/761 502/773/762
f 503/780/769 502/773/762 509/781/770
f 509/781/770 502/773/762 508/774/763
f 509/781/770 508/774/763 515/782/771
f 515/782/771 508/774/763 514/733/722
f 515/782/771 514/733/722 521/731/720
f 485/775/764 491/778/767 492/776/765
f 492/776/765 491/778/767 498/783/772
f 492/776/765 498/783/772 499/777/766
f 499/777/766 498/783/772 505/784/773
f 499/777/766 505/784/773 506/715/704
f 506/715/704 505/784/773 512/717/706
f 498/783/772 491/778/767 497/779/768
f 498/783/772 497/779/768 504/785/774
f 504/785/774 497/779/768 503/780/769
f 504/785/774 503/780/769 510/786/775
f 510/786/775 503/780/769 509/781/770
f 510/786/775 509/781/770 516/787/776
f 516/787/776 509/781/770 515/782/771
f 516/787/776 515/782/771 522/788/777
f 522/788/777 515/782/771 521/731/720
f 522/788/777 521/731/720 528/729/718
f 498/783/772 504/785/774 505/784/773
f 505/784/773 504/785/774 511/789/778
f 505/784/773 511/789/778 512/717/706
f 512/717/706 511/789/778 518/719/708
f 511/789/778 504/785/774 510/786/775
f 511/789/778 510/786/775 517/790/779
f 517/790/779 510/786/775 516/787/776
f 517/790/779 516/787/776 523/791/780
f 523/791/780 516/787/776 522/788/777
f 523/791/780 522/788/777 529/792/781
f 529/792/781 522/788/777 528/729/718
f 529/792/781 528/729/718 535/727/716
f 524/721/710 518/719/708 517/790/779
f 517/790/779 518/719/708 511/789/778
f 524/721/710 517/790/779 523/791/780
f 530/723/712 524/721/710 523/791/780
f 530/723/712 523/791/780 529/792/781
f 536/725/714 530/723/712 529/792/781
f 536/725/714 529/792/781 535/727/716
f 222/793/782 221/794/783 115/795/784
f 115/795/784 221/794/783 116/796/785
f 220/797/786 537/798/787 221/799/788
f 221/799/788 537/798/787 538/800/789
f 221/799/788 538/800/789 539/801/790
f 539/801/790 538/800/789 545/802/791
f 539/801/790 545/802/791 546/803/792
f 546/803/792 545/802/791 552/804/793
f 546/803/792 552/804/793 553/805/794
f 553/805/794 552/804/793 559/806/795
f 553/805/794 559/806/795 560/807/796
f 560/807/796 559/806/795 566/808/797
f 560/807/796 566/808/797 121/809/798
f 121/809/798 566/808/797 122/810/799
f 122/810/799 566/808/797 572/811/800
f 122/810/799 572/811/800 123/812/801
f 123/812/801 572/811/800 578/813/802
f 123/812/801 578/813/802 124/814/803
f 124/814/803 578/813/802 584/815/804
f 124/814/803 584/815/804 125/816/805
f 125/816/805 584/815/804 590/817/806
f 125/816/805 590/817/806 126/818/807
f 126/818/807 590/817/806 596/819/808
f 126/818/807 596/819/808 127/820/809
f 127/820/809 596/819/808 602/821/810
f 127/820/809 602/821/810 128/822/811
f 128/822/811 602/821/810 601/823/812
f 128/822/811 601/823/812 600/824/813
f 600/824/813 601/823/812 594/825/814
f 600/824/813 594/825/814 593/826/815
f 593/826/815 594/825/814 587/827/816
f 593/826/815 587/827/816 586/828/817
f 586/828/817 587/827/816 580/829/818
f 586/828/817 580/829/818 579/830/819
f 579/830/819 580/829/818 573/831/820
f 579/830/819 573/831/820 214/832/821
f 214/832/821 573/831/820 215/833/822
f 215/833/822 573/831/820 567/834/823
f 215/833/822 567/834/823 216/835/824
f 216/835/824 567/834/823 561/836/825
f 216/835/824 561/836/825 217/837/826
f 217/837/826 561/836/825 555/838/827
f 217/837/826 555/838/827 218/839/828
f 218/839/828 555/838/827 549/840/829
f 218/839/828 549/840/829 219/841/830
f 219/841/830 549/840/829 543/842/831
f 219/841/830 543/842/831 220/797/786
f 220/797/786 543/842/831 537/798/787
f 214/832/821 213/843/832 579/830/819
f 579/830/819 213/843/832 585/844/833
f 579/830/819 585/844/833 586/828/817
f 586/828/817 585/844/833 592/845/834
f 586/828/817 592/845/834 593/826/815
f 593/826/815 592/845/834 599/846/835
f 593/826/815 599/846/835 600/824/813
f 600/824/813 599/846/835 128/822/811
f 213/843/832 212/847/836 585/844/833
f 585/844/833 212/847/836 591/848/837
f 585/844/833 591/848/837 592/845/834
f 592/845/834 591/848/837 598/849/838
f 592/845/834 598/849/838 599/846/835
f 599/846/835 598/849/838 209/850/839
f 599/846/835 209/850/839 128/822/811
f 212/847/836 211/851/840 591/848/837
f 591/848/837 211/851/840 597/852/841
f 591/848/837 597/852/841 598/849/838
f 598/849/838 597/852/841 209/850/839
f 211/851/840 210/853/842 597/852/841
f 597/852/841 210/853/842 209/850/839
f 121/809/798 120/854/843 560/807/796
f 560/807/796 120/854/843 554/855/844
f 560/807/796 554/855/844 553/805/794
f 553/805/794 554/855/844 547/856/845
f 553/805/794 547/856/845 546/803/792
f 546/803/792 547/856/845 540/857/846
f 546/803/792 540/857/846 539/801/790
f 539/801/790 540/857/846 221/799/788
f 120/854/843 119/858/847 554/855/844
f 554/855/844 119/858/847 548/859/848
f 554/855/844 548/859/848 547/856/845
f 547/856/845 548/859/848 541/860/849
f 547/856/845 541/860/849 540/857/846
f 540/857/846 541/860/849 116/861/850
f 540/857/846 116/861/850 221/799/788
f 119/858/847 118/862/851 548/859/848
f 548/859/848 118/862/851 542/863/852
f 548/859/848 542/863/852 541/860/849
f 541/860/849 542/863/852 116/861/850
f 118/862/851 117/864/853 542/863/852
f 542/863/852 117/864/853 116/861/850
f 538/800/789 537/798/787 544/865/854
f 544/865/854 537/798/787 543/842/831
f 544/865/854 543/842/831 550/866/855
f 550/866/855 543/842/831 549/840/829
f 550/866/855 549/840/829 556/867/856
f 556/867/856 549/840/829 555/838/827
f 556/867/856 555/838/827 562/868/857
f 562/868/857 555/838/827 561/836/825
f 562/868/857 561/836/825 568/869/858
f 568/869/858 561/836/825 567/834/823
f 568/869/858 567/834/823 574/870/859
f 574/870/859 567/834/823 573/831/820
f 574/870/859 573/831/820 580/829/818
f 538/800/789 544/865/854 545/802/791
f 545/802/791 544/865/854 551/871/860
f 545/802/791 551/871/860 552/804/793
f 552/804/793 551/871/860 558/872/861
f 552/804/793 558/872/861 559/806/795
f 559/806/795 558/872/861 565/873/862
f 559/806/795 565/873/862 566/808/797
f 566/808/797 565/873/862 572/811/800
f 551/871/860 544/865/854 550/866/855
f 551/871/860 550/866/855 557/874/863
f 557/874/863 550/866/855 556/867/856
f 557/874/863 556/867/856 563/875/864
f 563/875/864 556/867/856 562/868/857
f 563/875/864 562/868/857 569/876/865
f 569/876/865 562/868/857 568/869/858
f 569/876/865 568/869/858 575/877/866
f 575/877/866 568/869/858 574/870/859
f 575/877/866 574/870/859 581/878/867
f 581/878/867 574/870/859 580/829/818
f 581/878/867 580/829/818 587/827/816
f 551/871/860 557/874/863 558/872/861
f 558/872/861 557/874/863 564/879/868
f 558/872/861 564/879/868 565/873/862
f 565/873/862 564/879/868 571/880/869
f 565/873/862 571/880/869 572/811/800
f 572/811/800 571/880/869 578/813/802
f 564/879/868 557/874/863 563/875/864
f 564/879/868 563/875/864 570/881/870
f 570/881/870 563/875/864 569/876/865
f 570/881/870 569/876/865 576/882/871
f 576/882/871 569/876/865 575/877/866
f 576/882/871 575/877/866 582/883/872
f 582/883/872 575/877/866 581/878/867
f 582/883/872 581/878/867 588/884/873
f 588/884/873 581/878/867 587/827/816
f 588/884/873 587/827/816 594/825/814
f 564/879/868 570/881/870 571/880/869
f 571/880/869 570/881/870 577/885/874
f 571/880/869 577/885/874 578/813/802
f 578/813/802 577/885/874 584/815/804
f 577/885/874 570/881/870 576/882/871
f 577/885/874 576/882/871 583/886/875
f 583/886/875 576/882/871 582/883/872
f 583/886/875 582/883/872 589/887/876
f 589/887/876 582/883/872 588/884/873
f 589/887/876 588/884/873 595/888/877
f 595/888/877 588/884/873 594/825/814
f 595/888/877 594/825/814 601/823/812
f 590/817/806 584/815/804 583/886/875
f 583/886/875 584/815/804 577/885/874
f 590/817/806 583/886/875 589/887/876
f 596/819/808 590/817/806 589/887/876
f 596/819/808 589/887/876 595/888/877
f 602/821/810 596/819/808 595/888/877
f 602/821/810 595/888/877 601/823/812
f 129/889/878 128/890/879 208/891/880
f 208/891/880 128/890/879 209/892/881
f 207/893/882 603/894/883 208/895/884
f 208/895/884 603/894/883 604/896/885
f 208/895/884 604/896/885 605/897/886
f 605/897/886 604/896/885 611/898/887
f 605/897/886 611/898/887 612/899/888
f 612/899/888 611/898/887 618/900/889
f 612/899/888 618/900/889 619/901/890
f 619/901/890 618/900/889 625/902/891
f 619/901/890 625/902/891 626/903/892
f 626/903/892 625/902/891 632/904/893
f 626/903/892 632/904/893 134/905/894
f 134/905/894 632/904/893 135/906/895
f 135/906/895 632/904/893 638/907/896
f 135/906/895 638/907/896 136/908/897
f 136/908/897 638/907/896 644/909/898
f 136/908/897 644/909/898 137/910/899
f 137/910/899 644/909/898 650/911/900
f 137/910/899 650/911/900 138/912/901
f 138/912/901 650/911/900 656/913/902
f 138/912/901 656/913/902 139/914/903
f 139/914/903 656/913/902 662/915/904
f 139/914/903 662/915/904 140/916/905
f 140/916/905 662/915/904 668/917/906
f 140/916/905 668/917/906 141/918/907
f 141/918/907 668/917/906 667/919/908
f 141/918/907 667/919/908 666/920/909
f 666/920/909 667/919/908 660/921/910
f 666/920/909 660/921/910 659/922/911
f 659/922/911 660/921/910 653/923/912
f 659/922/911 653/923/912 652/924/913
f 652/924/913 653/923/912 646/925/914
f 652/924/913 646/925/914 645/926/915
f 645/926/915 646/925/914 639/927/916
f 645/926/915 639/927/916 201/928/917
f 201/928/917 639/927/916 202/929/918
f 202/929/918 639/927/916 633/930/919
f 202/929/918 633/930/919 203/931/920
f 203/931/920 633/930/919 627/932/921
f 203/931/920 627/932/921 204/933/922
f 204/933/922 627/932/921 621/934/923
f 204/933/922 621/934/923 205/935/924
f 205/935/924 621/934/923 615/936/925
f 205/935/924 615/936/925 206/937/926
f 206/937/926 615/936/925 609/938/927
f 206/937/926 609/938/927 207/893/882
f 207/893/882 609/938/927 603/894/883
f 201/928/917 200/939/928 645/926/915
f 645/926/915 200/939/928 651/940/929
f 645/926/915 651/940/929 652/924/913
f 652/924/913 651/940/929 658/941/930
f 652/924/913 658/941/930 659/922/911
f 659/922/911 658/941/930 665/942/931
f 659/922/911 665/942/931 666/920/909
f 666/920/909 665/942/931 141/918/907
f 200/939/928 199/943/932 651/940/929
f 651/940/929 199/943/932 657/944/933
f 651/940/929 657/944/933 658/941/930
f 658/941/930 657/944/933 664/945/934
f 658/941/930 664/945/934 665/942/931
f 665/942/931 664/945/934 196/946/935
f 665/942/931 196/946/935 141/918/907
f 199/943/932 198/947/936 657/944/933
f 657/944/933 198/947/936 663/948/937
f 657/944/933 663/948/937 664/945/934
f 664/945/934 663/948/937 196/946/935
f 198/947/936 197/949/938 663/948/937
f 663/948/937 197/949/938 196/946/935
f 134/905/894 133/950/939 626/903/892
f 626/903/892 133/950/939 620/951/940
f 626/903/892 620/951/940 619/901/890
f 619/901/890 620/951/940 613/952/941
f 619/901/890 613/952/941 612/899/888
f 612/899/888 613/952/941 606/953/942
f 612/899/888 606/953/942 605/897/886
f 605/897/886 606/953/942 208/895/884
f 133/950/939 132/954/943 620/951/940
f 620/951/940 132/954/943 614/955/944
f 620/951/940 614/955/944 613/952/941
f 613/952/941 614/955/944 607/956/945
f 613/952/941 607/956/945 606/953/942
f 606/953/942 607/956/945 129/957/946
f 606/953/942 129/957/946 208/895/884
f 132/954/943 131/958/947 614/955/944
f 614/955/944 131/958/947 608/959/948
f 614/955/944 608/959/948 607/956/945
f 607/956/945 608/959/948 129/957/946
f 131/958/947 130/960/949 608/959/948
f 608/959/948 130/960/949 129/957/946
f 604/896/885 603/894/883 610/961/950
f 610/961/950 603/894/883 609/938/927
f 610/961/950 609/938/927 616/962/951
f 616/962/951 609/938/927 615/936/925
f 616/962/951 615/936/925 622/963/952
f 622/963/952 615/936/925 621/934/923
f 622/963/952 621/934/923 628/964/953
f 628/964/953 621/934/923 627/932/921
f 628/964/953 627/932/921 634/965/954
f 634/965/954 627/932/921 633/930/919
f 634/965/954 633/930/919 640/966/955
f 640/966/955 633/930/919 639/927/916
f 640/966/955 639/927/916 646/925/914
f 604/896/885 610/961/950 611/898/887
f 611/898/887 610/961/950 617/967/956
f 611/898/887 617/967/956 618/900/889
f 618/900/889 617/967/956 624/968/957
f 618/900/889 624/968/957 625/902/891
f 625/902/891 624/968/957 631/969/958
f 625/902/891 631/969/958 632/904/893
f 632/904/893 631/969/958 638/907/896
f 617/967/956 610/961/950 616/962/951
f 617/967/956 616/962/951 623/970/959
f 623/970/959 616/962/951 622/963/952
f 623/970/959 622/963/952 629/971/960
f 629/971/960 622/963/952 628/964/953
f 629/971/960 628/964/953 635/972/961
f 635/972/961 628/964/953 634/965/954
f 635/972/961 634/965/954 641/973/962
f 641/973/962 634/965/954 640/966/955
f 641/973/962 640/966/955 647/974/963
f 647/974/963 640/966/955 646/925/914
f 647/974/963 646/925/914 653/923/912
f 617/967/956 623/970/959 624/968/957
f 624/968/957 623/970/959 630/975/964
f 624/968/957 630/975/964 631/969/958
f 631/969/958 630/975/964 637/976/965
f 631/969/958 637/976/965 638/907/896
f 638/907/896 637/976/965 644/909/898
f 630/975/964 623/970/959 629/971/960
f 630/975/964 629/971/960 636/977/966
f 636/977/966 629/971/960 635/972/961
f 636/977/966 635/972/961 642/978/967
f 642/978/967 635/972/961 641/973/962
f 642/978/967 641/973/962 648/979/968
f 648/979/968 641/973/962 647/974/963
f 648/979/968 647/974/963 654/980/969
f 654/980/969 647/974/963 653/923/912
f 654/980/969 653/923/912 660/921/910
f 630/975/964 636/977/966 637/976/965
f 637/976/965 636/977/966 643/981/970
f 637/976/965 643/981/970 644/909/898
f 644/909/898 643/981/970 650/911/900
f 643/981/970 636/977/966 642/978/967
f 643/981/970 642/978/967 649/982/971
f 649/982/971 642/978/967 648/979/968
f 649/982/971 648/979/968 655/983/972
f 655/983/972 648/979/968 654/980/969
f 655/983/972 654/980/969 661/984/973
f 661/984/973 654/980/969 660/921/910
f 661/984/973 660/921/910 667/919/908
f 656/913/902 650/911/900 649/982/971
f 649/982/971 650/911/900 643/981/970
f 656/913/902 649/982/971 655/983/972
f 662/915/904 656/913/902 655/983/972
f 662/915/904 655/983/972 661/984/973
f 668/917/906 662/915/904 661/984/973
f 668/917/906 661/984/973 667/919/908
f 195/985/974 142/986/975 196/987/976
f 196/987/976 142/986/975 141/988/977
f 194/989/978 669/990/979 195/991/980
f 195/991/980 669/990/979 670/992/981
f 195/991/980 670/992/981 671/993/982
f 671/993/982 670/992/981 677/994/983
f 671/993/982 677/994/983 678/995/984
f 678/995/984 677/994/983 684/996/985
f 678/995/984 684/996/985 685/997/986
f 685/997/986 684/996/985 691/998/987
f 685/997/986 691/998/987 692/999/988
f 692/999/988 691/998/987 698/1000/989
f 692/999/988 698/1000/989 147/1001/990
f 147/1001/990 698/1000/989 148/1002/991
f 148/1002/991 698/1000/989 704/1003/992
f 148/1002/991 704/1003/992 149/1004/993
f 149/1004/993 704/1003/992 710/1005/994
f 149/1004/993 710/1005/994 150/1006/995
f 150/1006/995 710/1005/994 716/1007/996
f 150/1006/995 716/1007/996 151/1008/997
f 151/1008/997 716/1007/996 722/1009/998
f 151/1008/997 722/1009/998 152/1010/999
f 152/1010/999 722/1009/998 728/1011/1000
f 152/1010/999 728/1011/1000 153/1012/1001
f 153/1012/1001 728/1011/1000 734/1013/1002
f 153/1012/1001 734/1013/1002 154/1014/1003
f 154/1014/1003 734/1013/1002 733/1015/1004
f 154/1014/1003 733/1015/1004 732/1016/1005
f 732/1016/1005 733/1015/1004 726/1017/1006
f 732/1016/1005 726/1017/1006 725/1018/1007
f 725/1018/1007 726/1017/1006 719/1019/1008
f 725/1018/1007 719/1019/1008 718/1020/1009
f 718/1020/1009 719/1019/1008 712/1021/1010
f 718/1020/1009 712/1021/1010 711/1022/1011
f 711/1022/1011 712/1021/1010 705/1023/1012
f 711/1022/1011 705/1023/1012 188/1024/1013
f 188/1024/1013 705/1023/1012 189/1025/1014
f 189/1025/1014 705/1023/1012 699/1026/1015
f 189/1025/1014 699/1026/1015 190/1027/1016
f 190/1027/1016 699/1026/1015 693/1028/1017
f 190/1027/1016 693/1028/1017 191/1029/1018
f 191/1029/1018 693/1028/1017 687/1030/1019
f 191/1029/1018 687/1030/1019 192/1031/1020
f 192/1031/1020 687/1030/1019 681/1032/1021
f 192/1031/1020 681/1032/1021 193/1033/1022
f 193/1033/1022 681/1032/1021 675/1034/1023
f 193/1033/1022 675/1034/1023 194/989/978
f 194/989/978 675/1034/1023 669/990/979
f 188/1024/1013 187/1035/1024 711/1022/1011
f 711/1022/1011 187/1035/1024 717/1036/1025
f 711/1022/1011 717/1036/1025 718/1020/1009
f 718/1020/1009 717/1036/1025 724/1037/1026
f 718/1020/1009 724/1037/1026 725/1018/1007
f 725/1018/1007 724/1037/1026 731/1038/1027
f 725/1018/1007 731/1038/1027 732/1016/1005
f 732/1016/1005 731/1038/1027 154/1014/1003
f 187/1035/1024 186/1039/1028 717/1036/1025
f 717/1036/1025 186/1039/1028 723/1040/1029
f 717/1036/1025 723/1040/1029 724/1037/1026
f 724/1037/1026 723/1040/1029 730/1041/1030
f 724/1037/1026 730/1041/1030 731/1038/1027
f 731/1038/1027 730/1041/1030 155/1042/1031
f 731/1038/1027 155/1042/1031 154/1014/1003
f 186/1039/1028 185/1043/1032 723/1040/1029
f 723/1040/1029 185/1043/1032 729/1044/1033
f 723/1040/1029 729/1044/1033 730/1041/1030
f 730/1041/1030 729/1044/1033 155/1042/1031
f 185/1043/1032 184/1045/1034 729/1044/1033
f 729/1044/1033 184/1045/1034 155/1042/1031
f 147/1001/990 146/1046/1035 692/999/988
f 692/999/988 146/1046/1035 686/1047/1036
f 692/999/988 686/1047/1036 685/997/986
f 685/997/986 686/1047/1036 679/1048/1037
f 685/997/986 679/1048/1037 678/995/984
f 678/995/984 679/1048/1037 672/1049/1038
f 678/995/984 672/1049/1038 671/993/982
f 671/993/982 672/1049/1038 195/991/980
f 146/1046/1035 145/1050/1039 686/1047/1036
f 686/1047/1036 145/1050/1039 680/1051/1040
f 686/1047/1036 680/1051/1040 679/1048/1037
f 679/1048/1037 680/1051/1040 673/1052/1041
f 679/1048/1037 673/1052/1041 672/1049/1038
f 672/1049/1038 673/1052/1041 142/1053/1042
f 672/1049/1038 142/1053/1042 195/991/980
f 145/1050/1039 144/1054/1043 680/1051/1040
f 680/1051/1040 144/1054/1043 674/1055/1044
f 680/1051/1040 674/1055/1044 673/1052/1041
f 673/1052/1041 674/1055/1044 142/1053/1042
f 144/1054/1043 143/1056/1045 674/1055/1044
f 674/1055/1044 143/1056/1045 142/1053/1042
f 670/992/981 669/990/979 676/1057/1046
f 676/1057/1046 669/990/979 675/1034/1023
f 676/1057/1046 675/1034/1023 682/1058/1047
f 682/1058/1047 675/1034/1023 681/1032/1021
f 682/1058/1047 681/1032/1021 688/1059/1048
f 688/1059/1048 681/1032/1021 687/1030/1019
f 688/1059/1048 687/1030/1019 694/1060/1049
f 694/1060/1049 687/1030/1019 693/1028/1017
f 694/1060/1049 693/1028/1017 700/1061/1050
f 700/1061/1050 693/1028/1017 699/1026/1015
f 700/1061/1050 699/1026/1015 706/1062/1051
f 706/1062/1051 699/1026/1015 705/1023/1012
f 706/1062/1051 705/1023/1012 712/1021/1010
f 670/992/981 676/1057/1046 677/994/983
f 677/994/983 676/1057/1046 683/1063/1052
f 677/994/983 683/1063/1052 684/996/985
f 684/996/985 683/1063/1052 690/1064/1053
f 684/996/985 690/1064/1053 691/998/987
f 691/998/987 690/1064/1053 697/1065/1054
f 691/998/987 697/1065/1054 698/1000/989
f 698/1000/989 697/1065/1054 704/1003/992
f 683/1063/1052 676/1057/1046 682/1058/1047
f 683/1063/1052 682/1058/1047 689/1066/1055
f 689/1066/1055 682/1058/1047 688/1059/1048
f 689/1066/1055 688/1059/1048 695/1067/1056
f 695/1067/1056 688/1059/1048 694/1060/1049
f 695/1067/1056 694/1060/1049 701/1068/1057
f 701/1068/1057 694/1060/1049 700/1061/1050
f 701/1068/1057 700/1061/1050 707/1069/1058
f 707/1069/1058 700/1061/1050 706/1062/1051
f 707/1069/1058 706/1062/1051 713/1070/1059
f 713/1070/1059 706/1062/1051 712/1021/1010
f 713/1070/1059 712/1021/1010 719/1019/1008
f 683/1063/1052 689/1066/1055 690/1064/1053
f 690/1064/1053 689/1066/1055 696/1071/1060
f 690/1064/1053 696/1071/1060 697/1065/1054
f 697/1065/1054 696/1071/1060 703/1072/1061
f 697/1065/1054 703/1072/1061 704/1003/992
f 704/1003/992 703/1072/1061 710/1005/994
f 696/1071/1060 689/1066/1055 695/1067/1056
f 696/1071/1060 695/1067/1056 702/1073/1062
f 702/1073/1062 695/1067/1056 701/1068/1057
f 702/1073/1062 701/1068/1057 708/1074/1063
f 708/1074/1063 701/1068/1057 707/1069/1058
f 708/1074/1063 707/1069/1058 714/1075/1064
f 714/1075/1064 707/1069/1058 713/1070/1059
f 714/1075/1064 713/1070/1059 720/1076/1065
f 720/1076/1065 713/1070/1059 719/1019/1008
f 720/1076/1065 719/1019/1008 726/1017/1006
f 696/1071/1060 702/1073/1062 703/1072/1061
f 703/1072/1061 702/1073/1062 709/1077/1066
f 703/1072/1061 709/1077/1066 710/1005/994
f 710/1005/994 709/1077/1066 716/1007/996
f 709/1077/1066 702/1073/1062 708/1074/1063
f 709/1077/1066 708/1074/1063 715/1078/1067
f 715/1078/1067 708/1074/1063 714/1075/1064
f 715/1078/1067 714/1075/1064 721/1079/1068
f 721/1079/1068 714/1075/1064 720/1076/1065
f 721/1079/1068 720/1076/1065 727/1080/1069
f 727/1080/1069 720/1076/1065 726/1017/1006
f 727/1080/1069 726/1017/1006 733/1015/1004
f 722/1009/998 716/1007/996 715/1078/1067
f 715/1078/1067 716/1007/996 709/1077/1066
f 722/1009/998 715/1078/1067 721/1079/1068
f 728/1011/1000 722/1009/998 721/1079/1068
f 728/1011/1000 721/1079/1068 727/1080/1069
f 734/1013/1002 728/1011/1000 727/1080/1069
f 734/1013/1002 727/1080/1069 733/1015/1004
f 735/1081/1070 736/1082/1071 235/1083/1072
f 235/1083/1072 736/1082/1071 236/1084/1073
f 236/1085/1074 736/1086/1075 237/1087/1076
f 237/1087/1076 736/1086/1075 737/1088/1077
f 237/1089/1078 737/1090/1079 238/1091/1080
f 238/1091/1080 737/1090/1079 738/1092/1081
f 738/1093/1082 739/1094/1083 238/1095/1084
f 238/1095/1084 739/1094/1083 239/1096/1085
f 739/1097/1086 740/1098/1087 239/1099/1088
f 239/1099/1088 740/1098/1087 240/1100/1089
f 740/1101/1090 735/1102/1091 240/1103/1092
f 240/1103/1092 735/1102/1091 235/1104/1093
f 241/1105/1094 741/1106/1095 242/1107/1096
f 242/1107/1096 741/1106/1095 742/1108/1097
f 742/1109/1098 743/1110/1099 242/1111/1100
f 242/1111/1100 743/1110/1099 243/1112/1101
f 743/1113/1102 744/1114/1103 243/1115/1104
f 243/1115/1104 744/1114/1103 244/1116/1105
f 744/1117/1106 741/1118/1107 244/1119/1108
f 244/1119/1108 741/1118/1107 241/1120/1109
f 246/1121/1110 245/1122/1111 746/1123/1112
f 746/1123/1112 245/1122/1111 745/1124/1113
f 747/1125/1114 247/1126/1115 746/1127/1116
f 746/1127/1116 247/1126/1115 246/1128/1117
f 747/1129/1118 748/1130/1119 247/1131/1120
f 247/1131/1120 748/1130/1119 248/1132/1121
f 748/1133/1122 745/1134/1123 248/1135/1124
f 248/1135/1124 745/1134/1123 245/1136/1125
f 249/1137/1126 749/1138/1127 250/1139/1128
f 250/1139/1128 749/1138/1127 750/1140/1129
f 750/1141/1130 751/1142/1131 250/1143/1132
f 250/1143/1132 751/1142/1131 251/1144/1133
f 251/1145/1134 751/1146/1135 252/1147/1136
f 252/1147/1136 751/1146/1135 752/1148/1137
f 752/1149/1138 753/1150/1139 252/1151/1140
f 252/1151/1140 753/1150/1139 253/1152/1141
f 753/1153/1142 754/1154/1143 253/1155/1144
f 253/1155/1144 754/1154/1143 254/1156/1145
f 254/1157/1146 754/1158/1147 249/1159/1148
f 249/1159/1148 754/1158/1147 749/1160/1149
f 256/1161/1150 255/1162/1151 756/1163/1152
f 756/1163/1152 255/1162/1151 755/1164/1153
f 756/1165/1154 757/1166/1155 256/1167/1156
f 256/1167/1156 757/1166/1155 257/1168/1157
f 757/1169/1158 758/1170/1159 257/1171/1160
f 257/1171/1160 758/1170/1159 258/1172/1161
f 758/1173/1162 755/1174/1163 258/1175/1164
f 258/1175/1164 755/1174/1163 255/1176/1165
f 759/1177/1166 760/1178/1167 259/1179/1168
f 259/1179/1168 760/1178/1167 260/1180/1169
f 760/1181/1170 761/1182/1171 260/1183/1172
f 260/1183/1172 761/1182/1171 261/1184/1173
f 261/1185/1174 761/1186/1175 262/1187/1176
f 262/1187/1176 761/1186/1175 762/1188/1177
f 762/1189/1178 763/1190/1179 262/1191/1180
f 262/1191/1180 763/1190/1179 263/1192/1181
f 763/1193/1182 764/1194/1183 263/1195/1184
f 263/1195/1184 764/1194/1183 264/1196/1185
f 764/1197/1186 759/1198/1187 264/1199/1188
f 264/1199/1188 759/1198/1187 259/1200/1189
f 283/1201/1190 290/1202/1191 284/1203/1192
f 284/1203/1192 290/1202/1191 289/1204/1193
f 284/1203/1192 289/1204/1193 288/1205/1194
f 283/1201/1190 266/1206/1195 290/1202/1191
f 290/1202/1191 266/1206/1195 265/1207/1196
f 288/1205/1194 287/1208/1197 284/1203/1192
f 284/1203/1192 287/1208/1197 286/1209/1198
f 284/1203/1192 286/1209/1198 285/1210/1199
f 268/1211/1200 765/1212/1201 269/1213/1202
f 269/1213/1202 765/1212/1201 789/1214/1203
f 789/1214/1203 765/1212/1201 766/1215/1204
f 789/1214/1203 766/1215/1204 788/1216/1205
f 788/1216/1205 766/1215/1204 787/1217/1206
f 787/1217/1206 766/1215/1204 767/1218/1207
f 787/1217/1206 767/1218/1207 786/1219/1208
f 786/1219/1208 767/1218/1207 768/1220/1209
f 786/1219/1208 768/1220/1209 769/1221/1210
f 770/1222/1211 784/1223/1212 769/1221/1210
f 769/1221/1210 784/1223/1212 785/1224/1213
f 769/1221/1210 785/1224/1213 786/1219/1208
f 771/1225/1214 781/1226/1215 770/1222/1211
f 770/1222/1211 781/1226/1215 782/1227/1216
f 770/1222/1211 782/1227/1216 783/1228/1217
f 772/1229/1218 777/1230/1219 771/1225/1214
f 771/1225/1214 777/1230/1219 778/1231/1220
f 771/1225/1214 778/1231/1220 779/1232/1221
f 777/1230/1219 772/1229/1218 776/1233/1222
f 776/1233/1222 772/1229/1218 773/1234/1223
f 776/1233/1222 773/1234/1223 775/1235/1224
f 775/1235/1224 773/1234/1223 774/1236/1225
f 779/1232/1221 780/1237/1226 771/1225/1214
f 771/1225/1214 780/1237/1226 781/1226/1215
f 783/1228/1217 784/1223/1212 770/1222/1211
f 270/1238/1227 269/1239/1228 795/1240/1229
f 795/1240/1229 269/1239/1228 789/1241/1230
f 795/1240/1229 789/1241/1230 794/1242/1231
f 794/1242/1231 789/1241/1230 788/1243/1232
f 794/1242/1231 788/1243/1232 793/1244/1233
f 793/1244/1233 788/1243/1232 787/1245/1234
f 793/1244/1233 787/1245/1234 792/1246/1235
f 792/1246/1235 787/1245/1234 786/1247/1236
f 792/1246/1235 786/1247/1236 791/1248/1237
f 791/1248/1237 786/1247/1236 785/1249/1238
f 791/1248/1237 785/1249/1238 790/1250/1239
f 790/1250/1239 785/1249/1238 784/1251/1240
f 796/1252/1241 797/1253/1242 810/1254/1243
f 810/1254/1243 797/1253/1242 809/1255/1244
f 809/1255/1244 797/1253/1242 808/1256/1245
f 808/1256/1245 797/1253/1242 807/1257/1246
f 807/1257/1246 797/1253/1242 806/1258/1247
f 806/1258/1247 797/1253/1242 805/1259/1248
f 805/1259/1248 797/1253/1242 804/1260/1249
f 804/1260/1249 797/1253/1242 798/1261/1250
f 804/1260/1249 798/1261/1250 790/1262/1251
f 790/1262/1251 798/1261/1250 799/1263/1252
f 790/1262/1251 799/1263/1252 791/1264/1253
f 791/1264/1253 799/1263/1252 800/1265/1254
f 791/1264/1253 800/1265/1254 792/1266/1255
f 792/1266/1255 800/1265/1254 793/1267/1256
f 793/1267/1256 800/1265/1254 801/1268/1257
f 793/1267/1256 801/1268/1257 794/1269/1258
f 794/1269/1258 801/1268/1257 802/1270/1259
f 794/1269/1258 802/1270/1259 795/1271/1260
f 795/1271/1260 802/1270/1259 803/1272/1261
f 795/1271/1260 803/1272/1261 271/1273/1262
f 271/1273/1262 270/1274/1263 795/1271/1260
f 770/1275/1264 769/1276/1265 798/1277/1266
f 798/1277/1266 769/1276/1265 799/1278/1267
f 799/1278/1267 769/1276/1265 800/1279/1268
f 800/1279/1268 769/1276/1265 768/1280/1269
f 800/1279/1268 768/1280/1269 801/1281/1270
f 801/1281/1270 768/1280/1269 767/1282/1271
f 801/1281/1270 767/1282/1271 802/1283/1272
f 802/1283/1272 767/1282/1271 766/1284/1273
f 802/1283/1272 766/1284/1273 803/1285/1274
f 803/1285/1274 766/1284/1273 765/1286/1275
f 803/1285/1274 765/1286/1275 271/1287/292
f 271/1287/292 765/1286/1275 268/1288/291
f 273/1289/1276 272/1290/1277 835/1291/1278
f 835/1291/1278 272/1290/1277 811/1292/1279
f 835/1291/1278 811/1292/1279 834/1293/1280
f 834/1293/1280 811/1292/1279 812/1294/1281
f 834/1293/1280 812/1294/1281 833/1295/1282
f 833/1295/1282 812/1294/1281 813/1296/1283
f 833/1295/1282 813/1296/1283 832/1297/1284
f 832/1297/1284 813/1296/1283 814/1298/1285
f 832/1297/1284 814/1298/1285 831/1299/1286
f 831/1299/1286 814/1298/1285 815/1300/1287
f 831/1299/1286 815/1300/1287 816/1301/1288
f 831/1299/1286 816/1301/1288 830/1302/1289
f 830/1302/1289 816/1301/1288 817/1303/1290
f 830/1302/1289 817/1303/1290 818/1304/1291
f 818/1304/1291 819/1305/1292 830/1302/1289
f 830/1302/1289 819/1305/1292 829/1306/1293
f 829/1306/1293 819/1305/1292 820/1307/1294
f 829/1306/1293 820/1307/1294 821/1308/1295
f 821/1308/1295 822/1309/1296 829/1306/1293
f 829/1306/1293 822/1309/1296 823/1310/1297
f 829/1306/1293 823/1310/1297 828/1311/1298
f 828/1311/1298 823/1310/1297 824/1312/1299
f 828/1311/1298 824/1312/1299 827/1313/1300
f 827/1313/1300 824/1312/1299 825/1314/1301
f 827/1313/1300 825/1314/1301 826/1315/1302
f 273/1316/296 835/1317/1303 274/1318/293
f 274/1318/293 835/1317/1303 841/1319/1304
f 841/1319/1304 835/1317/1303 840/1320/1305
f 840/1320/1305 835/1317/1303 834/1321/1306
f 840/1320/1305 834/1321/1306 839/1322/1307
f 839/1322/1307 834/1321/1306 833/1323/1308
f 839/1322/1307 833/1323/1308 838/1324/1309
f 838/1324/1309 833/1323/1308 832/1325/1310
f 838/1324/1309 832/1325/1310 837/1326/1311
f 837/1326/1311 832/1325/1310 831/1327/1312
f 837/1326/1311 831/1327/1312 836/1328/1313
f 836/1328/1313 831/1327/1312 830/1329/1314
f 856/1330/1315 842/1331/1316 855/1332/1317
f 855/1332/1317 842/1331/1316 843/1333/1318
f 855/1332/1317 843/1333/1318 844/1334/1319
f 844/1334/1319 845/1335/1320 855/1332/1317
f 855/1332/1317 845/1335/1320 846/1336/1321
f 855/1332/1317 846/1336/1321 847/1337/1322
f 847/1337/1322 848/1338/1323 855/1332/1317
f 855/1332/1317 848/1338/1323 836/1339/1324
f 836/1339/1324 848/1338/1323 849/1340/1325
f 836/1339/1324 849/1340/1325 837/1341/1326
f 837/1341/1326 849/1340/1325 850/1342/1327
f 837/1341/1326 850/1342/1327 838/1343/1328
f 838/1343/1328 850/1342/1327 851/1344/1329
f 838/1343/1328 851/1344/1329 839/1345/1330
f 839/1345/1330 851/1344/1329 852/1346/1331
f 839/1345/1330 852/1346/1331 840/1347/1332
f 840/1347/1332 852/1346/1331 853/1348/1333
f 840/1347/1332 853/1348/1333 841/1349/1334
f 841/1349/1334 853/1348/1333 854/1350/1335
f 841/1349/1334 854/1350/1335 275/1351/1336
f 275/1351/1336 274/1352/1337 841/1349/1334
f 816/1353/1338 815/1354/1339 849/1355/1340
f 849/1355/1340 815/1354/1339 850/1356/1341
f 850/1356/1341 815/1354/1339 814/1357/1342
f 850/1356/1341 814/1357/1342 851/1358/1343
f 851/1358/1343 814/1357/1342 813/1359/1344
f 851/1358/1343 813/1359/1344 852/1360/1345
f 852/1360/1345 813/1359/1344 853/1361/1346
f 853/1361/1346 813/1359/1344 812/1362/1347
f 853/1361/1346 812/1362/1347 854/1363/1348
f 854/1363/1348 812/1362/1347 811/1364/1349
f 854/1363/1348 811/1364/1349 275/1365/1350
f 275/1365/1350 811/1364/1349 272/1366/1351
f 292/1367/1352 291/1368/1353 862/1369/1354
f 862/1369/1354 291/1368/1353 857/1370/1355
f 862/1369/1354 857/1370/1355 859/1371/1356
f 859/1371/1356 857/1370/1355 858/1372/1357
f 859/1371/1356 860/1373/1358 862/1369/1354
f 862/1369/1354 860/1373/1358 861/1374/1359
f 293/1375/1360 292/1376/1361 864/1377/1362
f 864/1377/1362 292/1376/1361 862/1378/1363
f 864/1377/1362 862/1378/1363 863/1379/1364
f 864/1377/1362 865/1380/1365 293/1375/1360
f 293/1375/1360 865/1380/1365 867/1381/1366
f 867/1381/1366 865/1380/1365 866/1382/1367
f 295/1383/1368 294/1384/1369 293/1385/1370
f 295/1386/1371 868/1387/1372 296/1388/1373
f 296/1388/1373 868/1387/1372 869/1389/1374
f 298/1390/1375 297/1391/1376 296/1392/1377
f 870/1393/1378 872/1394/1379 298/1395/1380
f 298/1395/1380 872/1394/1379 873/1396/1381
f 298/1395/1380 873/1396/1381 291/1397/1382
f 291/1397/1382 873/1396/1381 857/1398/1383
f 857/1398/1383 873/1396/1381 874/1399/1384
f 870/1393/1378 871/1400/1385 872/1394/1379
f 299/1401/1386 875/1402/1387 300/1403/1388
f 300/1403/1388 875/1402/1387 880/1404/1389
f 880/1404/1389 875/1402/1387 878/1405/1390
f 880/1404/1389 878/1405/1390 879/1406/1391
f 876/1407/1392 877/1408/1393 875/1402/1387
f 875/1402/1387 877/1408/1393 878/1405/1390
f 301/1409/1394 300/1410/1395 882/1411/1396
f 882/1411/1396 300/1410/1395 880/1412/1397
f 882/1411/1396 880/1412/1397 881/1413/1398
f 882/1411/1396 883/1414/1399 301/1409/1394
f 301/1409/1394 883/1414/1399 885/1415/1400
f 885/1415/1400 883/1414/1399 884/1416/1401
f 303/1417/1402 302/1418/1403 301/1419/1404
f 886/1420/1405 887/1421/1406 303/1422/1407
f 303/1422/1407 887/1421/1406 304/1423/1408
f 306/1424/1409 305/1425/1410 304/1426/1411
f 888/1427/1412 890/1428/1413 306/1429/1414
f 306/1429/1414 890/1428/1413 891/1430/1415
f 306/1429/1414 891/1430/1415 299/1431/1416
f 299/1431/1416 891/1430/1415 875/1432/1417
f 875/1432/1417 891/1430/1415 892/1433/1418
f 888/1427/1412 889/1434/1419 890/1428/1413
f 308/1435/1420 307/1436/1421 314/1437/1422
f 893/1438/1423 895/1439/1424 308/1440/1425
f 308/1440/1425 895/1439/1424 896/1441/1426
f 308/1440/1425 896/1441/1426 309/1442/1427
f 309/1442/1427 896/1441/1426 898/1443/1428
f 898/1443/1428 896/1441/1426 897/1444/1429
f 893/1438/1423 894/1445/1430 895/1439/1424
f 309/1446/1431 898/1447/1432 310/1448/1433
f 310/1448/1433 898/1447/1432 903/1449/1434
f 903/1449/1434 898/1447/1432 901/1450/1435
f 903/1449/1434 901/1450/1435 902/1451/1436
f 899/1452/1437 900/1453/1438 898/1447/1432
f 898/1447/1432 900/1453/1438 901/1450/1435
f 311/1454/1439 310/1455/1440 905/1456/1441
f 905/1456/1441 310/1455/1440 903/1457/1442
f 905/1456/1441 903/1457/1442 904/1458/1443
f 905/1456/1441 906/1459/1444 311/1454/1439
f 311/1454/1439 906/1459/1444 908/1460/1445
f 908/1460/1445 906/1459/1444 907/1461/1446
f 313/1462/1447 312/1463/1448 311/1464/1449
f 909/1465/1450 910/1466/1451 313/1467/1452
f 313/1467/1452 910/1466/1451 314/1468/1453
f 316/1469/1454 315/1470/1455 322/1471/1456
f 911/1472/1457 913/1473/1458 316/1474/1459
f 316/1474/1459 913/1473/1458 914/1475/1460
f 316/1474/1459 914/1475/1460 317/1476/1461
f 317/1476/1461 914/1475/1460 916/1477/1462
f 916/1477/1462 914/1475/1460 915/1478/1463
f 911/1472/1457 912/1479/1464 913/1473/1458
f 318/1480/1465 317/1481/1466 921/1482/1467
f 921/1482/1467 317/1481/1466 916/1483/1468
f 921/1482/1467 916/1483/1468 918/1484/1469
f 918/1484/1469 916/1483/1468 917/1485/1470
f 918/1484/1469 919/1486/1471 921/1482/1467
f 921/1482/1467 919/1486/1471 920/1487/1472
f 319/1488/1473 318/1489/1474 923/1490/1475
f 923/1490/1475 318/1489/1474 921/1491/1476
f 923/1490/1475 921/1491/1476 922/1492/1477
f 923/1490/1475 924/1493/1478 319/1488/1473
f 319/1488/1473 924/1493/1478 926/1494/1479
f 926/1494/1479 924/1493/1478 925/1495/1480
f 321/1496/1481 320/1497/1482 319/1498/1483
f 321/1499/1484 927/1500/1485 322/1501/1486
f 322/1501/1486 927/1500/1485 928/1502/1487
f 324/1503/1488 323/1504/1489 330/1505/1490
f 929/1506/1491 931/1507/1492 324/1508/1493
f 324/1508/1493 931/1507/1492 932/1509/1494
f 324/1508/1493 932/1509/1494 325/1510/1495
f 325/1510/1495 932/1509/1494 934/1511/1496
f 934/1511/1496 932/1509/1494 933/1512/1497
f 929/1506/1491 930/1513/1498 931/1507/1492
f 326/1514/1499 325/1515/1500 939/1516/1501
f 939/1516/1501 325/1515/1500 934/1517/1502
f 939/1516/1501 934/1517/1502 937/1518/1503
f 937/1518/1503 934/1517/1502 936/1519/1504
f 936/1519/1504 934/1517/1502 935/1520/1505
f 937/1518/1503 938/1521/1506 939/1516/1501
f 327/1522/1507 326/1523/1508 941/1524/1509
f 941/1524/1509 326/1523/1508 939/1525/1510
f 941/1524/1509 939/1525/1510 940/1526/1511
f 941/1524/1509 942/1527/1512 327/1522/1507
f 327/1522/1507 942/1527/1512 944/1528/1513
f 944/1528/1513 942/1527/1512 943/1529/1514
f 329/1530/1515 328/1531/1516 327/1532/1517
f 945/1533/1518 946/1534/1519 329/1535/1520
f 329/1535/1520 946/1534/1519 330/1536/1521
f 332/1537/1522 331/1538/1523 952/1539/1524
f 952/1539/1524 331/1538/1523 947/1540/1525
f 952/1539/1524 947/1540/1525 950/1541/1526
f 950/1541/1526 947/1540/1525 949/1542/1527
f 949/1542/1527 947/1540/1525 948/1543/1528
f 950/1541/1526 951/1544/1529 952/1539/1524
f 333/1545/1530 332/1546/1531 954/1547/1532
f 954/1547/1532 332/1546/1531 952/1548/1533
f 954/1547/1532 952/1548/1533 953/1549/1534
f 954/1547/1532 955/1550/1535 333/1545/1530
f 333/1545/1530 955/1550/1535 957/1551/1536
f 957/1551/1536 955/1550/1535 956/1552/1537
f 335/1553/1538 334/1554/1539 333/1555/1540
f 958/1556/1541 959/1557/1542 335/1558/1543
f 335/1558/1543 959/1557/1542 336/1559/1544
f 338/1560/1545 337/1561/1546 336/1562/1547
f 960/1563/1548 962/1564/1549 338/1565/1550
f 338/1565/1550 962/1564/1549 963/1566/1551
f 338/1565/1550 963/1566/1551 331/1567/1552
f 331/1567/1552 963/1566/1551 947/1568/1553
f 947/1568/1553 963/1566/1551 964/1569/1554
f 960/1563/1548 961/1570/1555 962/1564/1549
f 739/1571/1556 974/1572/1557 740/1573/1558
f 740/1573/1558 974/1572/1557 976/1574/1559
f 740/1573/1558 976/1574/1559 965/1575/1560
f 738/1576/1561 910/1577/1562 739/1571/1556
f 739/1571/1556 910/1577/1562 909/1578/1563
f 739/1571/1556 909/1578/1563 974/1572/1557
f 974/1572/1557 909/1578/1563 973/1579/1564
f 910/1577/1562 738/1576/1561 971/1580/1565
f 971/1580/1565 738/1576/1561 737/1581/1566
f 971/1580/1565 737/1581/1566 969/1582/1567
f 969/1582/1567 737/1581/1566 968/1583/1568
f 968/1583/1568 737/1581/1566 736/1584/1569
f 968/1583/1568 736/1584/1569 900/1585/1570
f 900/1585/1570 736/1584/1569 901/1586/1571
f 901/1586/1571 736/1584/1569 735/1587/1572
f 901/1586/1571 735/1587/1572 965/1575/1560
f 965/1575/1560 735/1587/1572 740/1573/1558
f 965/1575/1560 966/1588/1573 901/1586/1571
f 900/1585/1570 967/1589/1574 968/1583/1568
f 969/1582/1567 970/1590/1575 971/1580/1565
f 971/1580/1565 972/1591/1576 910/1577/1562
f 974/1572/1557 975/1592/1577 976/1574/1559
f 743/1593/1578 982/1594/1579 744/1595/1580
f 744/1595/1580 982/1594/1579 984/1596/1581
f 744/1595/1580 984/1596/1581 959/1597/1582
f 959/1597/1582 984/1596/1581 985/1598/1583
f 742/1599/1584 949/1600/1585 743/1593/1578
f 743/1593/1578 949/1600/1585 981/1601/1586
f 743/1593/1578 981/1601/1586 982/1594/1579
f 741/1602/1587 977/1603/1588 742/1599/1584
f 742/1599/1584 977/1603/1588 978/1604/1589
f 742/1599/1584 978/1604/1589 950/1605/1590
f 950/1605/1590 978/1604/1589 979/1606/1591
f 744/1595/1580 958/1607/1592 741/1602/1587
f 741/1602/1587 958/1607/1592 987/1608/1593
f 741/1602/1587 987/1608/1593 977/1603/1588
f 977/1603/1588 987/1608/1593 988/1609/1594
f 950/1605/1590 949/1600/1585 742/1599/1584
f 949/1600/1585 980/1610/1595 981/1601/1586
f 982/1594/1579 983/1611/1596 984/1596/1581
f 959/1597/1582 958/1607/1592 744/1595/1580
f 958/1607/1592 986/1612/1597 987/1608/1593
f 748/1613/1598 928/1614/1599 745/1615/1600
f 745/1615/1600 928/1614/1599 927/1616/1601
f 745/1615/1600 927/1616/1601 998/1617/1602
f 998/1617/1602 927/1616/1601 997/1618/1603
f 747/1619/1604 993/1620/1605 748/1613/1598
f 748/1613/1598 993/1620/1605 995/1621/1606
f 748/1613/1598 995/1621/1606 928/1614/1599
f 928/1614/1599 995/1621/1606 996/1622/1607
f 746/1623/1608 918/1624/1609 747/1619/1604
f 747/1619/1604 918/1624/1609 992/1625/1610
f 747/1619/1604 992/1625/1610 993/1620/1605
f 745/1615/1600 1000/1626/1611 746/1623/1608
f 746/1623/1608 1000/1626/1611 989/1627/1612
f 746/1623/1608 989/1627/1612 919/1628/1613
f 919/1628/1613 989/1627/1612 990/1629/1614
f 919/1628/1613 918/1624/1609 746/1623/1608
f 918/1624/1609 991/1630/1615 992/1625/1610
f 993/1620/1605 994/1631/1616 995/1621/1606
f 999/1632/1617 1000/1626/1611 998/1617/1602
f 998/1617/1602 1000/1626/1611 745/1615/1600
f 753/1633/1618 1005/1634/1619 754/1635/1620
f 754/1635/1620 1005/1634/1619 1006/1636/1621
f 754/1635/1620 1006/1636/1621 1008/1637/1622
f 1008/1637/1622 1006/1636/1621 1007/1638/1623
f 752/1639/1624 860/1640/1625 753/1633/1618
f 753/1633/1618 860/1640/1625 859/1641/1626
f 753/1633/1618 859/1641/1626 1005/1634/1619
f 1005/1634/1619 859/1641/1626 1004/1642/1627
f 860/1640/1625 752/1639/1624 1002/1643/1628
f 1002/1643/1628 752/1639/1624 751/1644/1629
f 1002/1643/1628 751/1644/1629 1001/1645/1630
f 1001/1645/1630 751/1644/1629 1011/1646/1631
f 1001/1645/1630 1011/1646/1631 1012/1647/1632
f 751/1644/1629 750/1648/1633 1011/1646/1631
f 1011/1646/1631 750/1648/1633 868/1649/1634
f 1011/1646/1631 868/1649/1634 1010/1650/1635
f 750/1648/1633 749/1651/1636 868/1649/1634
f 868/1649/1634 749/1651/1636 869/1652/1637
f 869/1652/1637 749/1651/1636 1008/1637/1622
f 869/1652/1637 1008/1637/1622 1009/1653/1638
f 749/1651/1636 754/1635/1620 1008/1637/1622
f 1002/1643/1628 1003/1654/1639 860/1640/1625
f 758/1655/1640 946/1656/1641 755/1657/1642
f 755/1657/1642 946/1656/1641 945/1658/1643
f 755/1657/1642 945/1658/1643 1022/1659/1644
f 1022/1659/1644 945/1658/1643 1021/1660/1645
f 757/1661/1646 1017/1662/1647 758/1655/1640
f 758/1655/1640 1017/1662/1647 1019/1663/1648
f 758/1655/1640 1019/1663/1648 946/1656/1641
f 946/1656/1641 1019/1663/1648 1020/1664/1649
f 756/1665/1650 937/1666/1651 757/1661/1646
f 757/1661/1646 937/1666/1651 936/1667/1652
f 757/1661/1646 936/1667/1652 1016/1668/1653
f 1016/1668/1653 936/1667/1652 1015/1669/1654
f 755/1657/1642 1024/1670/1655 756/1665/1650
f 756/1665/1650 1024/1670/1655 1013/1671/1656
f 756/1665/1650 1013/1671/1656 937/1666/1651
f 937/1666/1651 1013/1671/1656 1014/1672/1657
f 1016/1668/1653 1017/1662/1647 757/1661/1646
f 1017/1662/1647 1018/1673/1658 1019/1663/1648
f 1023/1674/1659 1024/1670/1655 1022/1659/1644
f 1022/1659/1644 1024/1670/1655 755/1657/1642
f 763/1675/1660 1029/1676/1661 764/1677/1662
f 764/1677/1662 1029/1676/1661 1030/1678/1663
f 764/1677/1662 1030/1678/1663 1032/1679/1664
f 1032/1679/1664 1030/1678/1663 1031/1680/1665
f 1029/1676/1661 763/1675/1660 877/1681/1666
f 877/1681/1666 763/1675/1660 762/1682/1667
f 877/1681/1666 762/1682/1667 878/1683/1668
f 878/1683/1668 762/1682/1667 1026/1684/1669
f 878/1683/1668 1026/1684/1669 1027/1685/1670
f 762/1682/1667 761/1686/1671 1026/1684/1669
f 1026/1684/1669 761/1686/1671 1025/1687/1672
f 1025/1687/1672 761/1686/1671 1035/1688/1673
f 1025/1687/1672 1035/1688/1673 1036/1689/1674
f 761/1686/1671 760/1690/1675 1035/1688/1673
f 1035/1688/1673 760/1690/1675 886/1691/1676
f 1035/1688/1673 886/1691/1676 1034/1692/1677
f 886/1691/1676 760/1690/1675 887/1693/1678
f 887/1693/1678 760/1690/1675 759/1694/1679
f 887/1693/1678 759/1694/1679 1032/1679/1664
f 1032/1679/1664 759/1694/1679 764/1677/1662
f 877/1681/1666 1028/1695/1680 1029/1676/1661
f 1032/1679/1664 1033/1696/1681 887/1693/1678
f 1037/1697/1682 771/1698/1683 797/1699/1684
f 797/1699/1684 771/1698/1683 770/1700/1264
f 797/1699/1684 770/1700/1264 798/1701/1266
f 1038/1702/1685 772/1703/1686 1037/1704/1687
f 1037/1704/1687 772/1703/1686 771/1705/1688
f 773/1706/1689 772/1707/1690 1039/1708/1691
f 1039/1708/1691 772/1707/1690 1038/1709/1692
f 827/1710/1693 826/1711/1694 1040/1712/1695
f 1040/1712/1695 826/1711/1694 1039/1713/1696
f 1039/1713/1696 826/1711/1694 774/1714/1697
f 1039/1713/1696 774/1714/1697 773/1715/1698
f 826/1716/1699 825/1717/1700 774/1718/1701
f 774/1718/1701 825/1717/1700 775/1719/1702
f 825/1720/1703 824/1721/1704 775/1722/1705
f 775/1722/1705 824/1721/1704 776/1723/1706
f 796/1724/1707 776/1725/1708 856/1726/1709
f 856/1726/1709 776/1725/1708 824/1727/1710
f 856/1726/1709 824/1727/1710 823/1728/1711
f 810/1729/1712 777/1730/1713 796/1724/1707
f 796/1724/1707 777/1730/1713 776/1725/1708
f 823/1728/1711 842/1731/1714 856/1726/1709
f 805/1732/1715 804/1733/1716 1041/1734/1717
f 1041/1734/1717 804/1733/1716 783/1735/1718
f 1041/1734/1717 783/1735/1718 782/1736/1719
f 1041/1734/1717 782/1736/1719 1042/1737/1720
f 1042/1737/1720 782/1736/1719 781/1738/1721
f 1042/1737/1720 781/1738/1721 1043/1739/1722
f 1043/1739/1722 781/1738/1721 780/1740/1723
f 1043/1739/1722 780/1740/1723 1044/1741/1724
f 1044/1741/1724 780/1740/1723 779/1742/1725
f 1044/1741/1724 779/1742/1725 1045/1743/1726
f 1045/1743/1726 779/1742/1725 778/1744/1727
f 1045/1743/1726 778/1744/1727 777/1745/1728
f 777/1745/1728 810/1746/1729 1045/1743/1726
f 1045/1743/1726 810/1746/1729 809/1747/1730
f 1045/1743/1726 809/1747/1730 1044/1741/1724
f 1044/1741/1724 809/1747/1730 808/1748/1731
f 1044/1741/1724 808/1748/1731 1043/1739/1722
f 1043/1739/1722 808/1748/1731 807/1749/1732
f 1043/1739/1722 807/1749/1732 1042/1737/1720
f 1042/1737/1720 807/1749/1732 806/1750/1733
f 1042/1737/1720 806/1750/1733 1041/1734/1717
f 1041/1734/1717 806/1750/1733 805/1732/1715
f 784/1751/1240 783/1752/1718 790/1753/1239
f 790/1753/1239 783/1752/1718 804/1754/1716
f 1046/1755/1734 1047/1756/1735 855/1757/1736
f 855/1757/1736 1047/1756/1735 797/1758/1737
f 855/1757/1736 797/1758/1737 796/1759/1738
f 796/1759/1738 856/1760/1739 855/1757/1736
f 817/1761/1740 816/1762/1338 848/1763/1741
f 848/1763/1741 816/1762/1338 849/1764/1742
f 843/1765/1743 842/1766/1744 1048/1767/1745
f 1048/1767/1745 842/1766/1744 823/1768/1746
f 1048/1767/1745 823/1768/1746 822/1769/1747
f 1048/1767/1745 822/1769/1747 1049/1770/1748
f 1049/1770/1748 822/1769/1747 821/1771/1749
f 1049/1770/1748 821/1771/1749 1050/1772/1750
f 1050/1772/1750 821/1771/1749 820/1773/1751
f 1050/1772/1750 820/1773/1751 1051/1774/1752
f 1051/1774/1752 820/1773/1751 819/1775/1753
f 1051/1774/1752 819/1775/1753 1052/1776/1754
f 1052/1776/1754 819/1775/1753 818/1777/1755
f 1052/1776/1754 818/1777/1755 817/1778/1740
f 817/1778/1740 848/1779/1741 1052/1776/1754
f 1052/1776/1754 848/1779/1741 847/1780/1756
f 1052/1776/1754 847/1780/1756 1051/1774/1752
f 1051/1774/1752 847/1780/1756 846/1781/1757
f 1051/1774/1752 846/1781/1757 1050/1772/1750
f 1050/1772/1750 846/1781/1757 845/1782/1758
f 1050/1772/1750 845/1782/1758 1049/1770/1748
f 1049/1770/1748 845/1782/1758 844/1783/1759
f 1049/1770/1748 844/1783/1759 1048/1767/1745
f 1048/1767/1745 844/1783/1759 843/1765/1743
f 828/1784/1760 827/1785/1761 1053/1786/1762
f 1053/1786/1762 827/1785/1761 1040/1787/1763
f 1054/1788/1764 829/1789/1765 1053/1790/1766
f 1053/1790/1766 829/1789/1765 828/1791/1767
f 836/1792/1313 830/1793/1314 855/1794/1768
f 855/1794/1768 830/1793/1314 829/1795/1769
f 855/1794/1768 829/1795/1769 1054/1796/1770
f 858/1797/1771 857/1798/1772 1055/1799/1773
f 1055/1799/1773 857/1798/1772 874/1800/1774
f 1004/1801/1775 859/1802/1776 1055/1803/1777
f 1055/1803/1777 859/1802/1776 858/1804/1778
f 861/1805/1779 860/1806/1780 1056/1807/1781
f 1056/1807/1781 860/1806/1780 1003/1808/1782
f 863/1809/1783 862/1810/1784 1056/1811/1785
f 1056/1811/1785 862/1810/1784 861/1812/1786
f 1003/1813/1787 1002/1814/1788 1056/1815/1789
f 1056/1815/1789 1002/1814/1788 1057/1816/1790
f 1056/1815/1789 1057/1816/1790 864/1817/1791
f 864/1817/1791 863/1818/1792 1056/1815/1789
f 1057/1819/1793 1058/1820/1794 864/1821/1795
f 864/1821/1795 1058/1820/1794 865/1822/1796
f 1012/1823/1797 1059/1824/1798 1001/1825/1799
f 1001/1825/1799 1059/1824/1798 1058/1826/1800
f 1058/1826/1800 1059/1824/1798 865/1827/1801
f 865/1827/1801 1059/1824/1798 866/1828/1802
f 866/1829/1803 1059/1830/1804 867/1831/1805
f 867/1831/1805 1059/1830/1804 1060/1832/1806
f 867/1831/1805 1060/1832/1806 1061/1833/1807
f 867/1834/1808 1061/1835/1809 293/1836/1810
f 293/1836/1810 1061/1835/1809 295/1837/1811
f 295/1837/1811 1061/1835/1809 868/1838/1812
f 868/1838/1812 1061/1835/1809 1010/1839/1813
f 298/1840/1814 296/1841/1815 1062/1842/1816
f 1062/1842/1816 296/1841/1815 869/1843/1817
f 1062/1842/1816 869/1843/1817 1009/1844/1818
f 1062/1842/1816 870/1845/1819 298/1840/1814
f 871/1846/1820 870/1847/1821 1064/1848/1822
f 1064/1848/1822 870/1847/1821 1063/1849/1823
f 1063/1849/1823 870/1847/1821 1062/1850/1824
f 1007/1851/1825 1006/1852/1826 1064/1853/1827
f 1064/1853/1827 1006/1852/1826 1065/1854/1828
f 1064/1853/1827 1065/1854/1828 872/1855/1829
f 872/1855/1829 871/1856/1830 1064/1853/1827
f 1065/1857/1831 1066/1858/1832 872/1859/1833
f 872/1859/1833 1066/1858/1832 873/1860/1834
f 1004/1861/1835 1055/1862/1836 1005/1863/1837
f 1005/1863/1837 1055/1862/1836 1066/1864/1838
f 1066/1864/1838 1055/1862/1836 873/1865/1839
f 873/1865/1839 1055/1862/1836 874/1866/1840
f 1067/1867/1841 876/1868/1842 892/1869/1843
f 892/1869/1843 876/1868/1842 875/1870/1844
f 1028/1871/1845 877/1872/1846 1067/1873/1847
f 1067/1873/1847 877/1872/1846 876/1874/1848
f 879/1875/1849 878/1876/1850 1068/1877/1851
f 1068/1877/1851 878/1876/1850 1027/1878/1852
f 881/1879/1853 880/1880/1854 1068/1881/1855
f 1068/1881/1855 880/1880/1854 879/1882/1856
f 1027/1883/1857 1026/1884/1858 1068/1885/1859
f 1068/1885/1859 1026/1884/1858 1069/1886/1860
f 1068/1885/1859 1069/1886/1860 882/1887/1861
f 882/1887/1861 881/1888/1862 1068/1885/1859
f 1069/1889/1863 1070/1890/1864 882/1891/1865
f 882/1891/1865 1070/1890/1864 883/1892/1866
f 1036/1893/1867 1071/1894/1868 1025/1895/1869
f 1025/1895/1869 1071/1894/1868 1070/1896/1870
f 1070/1896/1870 1071/1894/1868 883/1897/1871
f 883/1897/1871 1071/1894/1868 884/1898/1872
f 884/1899/1873 1071/1900/1874 885/1901/1875
f 885/1901/1875 1071/1900/1874 1072/1902/1876
f 885/1901/1875 1072/1902/1876 1073/1903/1877
f 885/1904/1878 1073/1905/1879 301/1906/1880
f 301/1906/1880 1073/1905/1879 303/1907/1881
f 303/1907/1881 1073/1905/1879 886/1908/1882
f 886/1908/1882 1073/1905/1879 1034/1909/1883
f 306/1910/1884 304/1911/1885 1074/1912/1886
f 1074/1912/1886 304/1911/1885 887/1913/1887
f 1074/1912/1886 887/1913/1887 1033/1914/1888
f 1074/1912/1886 888/1915/1889 306/1910/1884
f 889/1916/1890 888/1917/1891 1076/1918/1892
f 1076/1918/1892 888/1917/1891 1075/1919/1893
f 1075/1919/1893 888/1917/1891 1074/1920/1894
f 1031/1921/1895 1030/1922/1896 1076/1923/1897
f 1076/1923/1897 1030/1922/1896 1077/1924/1898
f 1076/1923/1897 1077/1924/1898 890/1925/1899
f 890/1925/1899 889/1926/1900 1076/1923/1897
f 1077/1927/1901 1078/1928/1902 890/1929/1903
f 890/1929/1903 1078/1928/1902 891/1930/1904
f 1028/1931/1905 1067/1932/1906 1029/1933/1907
f 1029/1933/1907 1067/1932/1906 1078/1934/1908
f 1078/1934/1908 1067/1932/1906 891/1935/1909
f 891/1935/1909 1067/1932/1906 892/1936/1910
f 308/1937/1911 314/1938/1912 1079/1939/1913
f 1079/1939/1913 314/1938/1912 910/1940/1914
f 1079/1939/1913 910/1940/1914 972/1941/1915
f 1079/1939/1913 893/1942/1916 308/1937/1911
f 894/1943/1917 893/1944/1918 1081/1945/1919
f 1081/1945/1919 893/1944/1918 1080/1946/1920
f 1080/1946/1920 893/1944/1918 1079/1947/1921
f 970/1948/1922 969/1949/1923 1081/1950/1924
f 1081/1950/1924 969/1949/1923 1082/1951/1925
f 1081/1950/1924 1082/1951/1925 895/1952/1926
f 895/1952/1926 894/1953/1927 1081/1950/1924
f 1082/1954/1928 1083/1955/1929 895/1956/1930
f 895/1956/1930 1083/1955/1929 896/1957/1931
f 967/1958/1932 1084/1959/1933 968/1960/1934
f 968/1960/1934 1084/1959/1933 1083/1961/1935
f 1083/1961/1935 1084/1959/1933 896/1962/1936
f 896/1962/1936 1084/1959/1933 897/1963/1937
f 1084/1964/1938 899/1965/1939 897/1966/1940
f 897/1966/1940 899/1965/1939 898/1967/1941
f 967/1968/1942 900/1969/1943 1084/1970/1944
f 1084/1970/1944 900/1969/1943 899/1971/1945
f 902/1972/1946 901/1973/1947 1085/1974/1948
f 1085/1974/1948 901/1973/1947 966/1975/1949
f 904/1976/1950 903/1977/1951 1085/1978/1952
f 1085/1978/1952 903/1977/1951 902/1979/1953
f 966/1980/1954 965/1981/1955 1085/1982/1956
f 1085/1982/1956 965/1981/1955 1086/1983/1957
f 1085/1982/1956 1086/1983/1957 905/1984/1958
f 905/1984/1958 904/1985/1959 1085/1982/1956
f 1086/1986/1960 1087/1987/1961 905/1988/1962
f 905/1988/1962 1087/1987/1961 906/1989/1963
f 975/1990/1964 1088/1991/1965 976/1992/1966
f 976/1992/1966 1088/1991/1965 1087/1993/1967
f 1087/1993/1967 1088/1991/1965 906/1994/1968
f 906/1994/1968 1088/1991/1965 907/1995/1969
f 907/1996/1970 1088/1997/1971 908/1998/1972
f 908/1998/1972 1088/1997/1971 1089/1999/1973
f 908/1998/1972 1089/1999/1973 1090/2000/1974
f 908/2001/1975 1090/2002/1976 311/2003/1977
f 311/2003/1977 1090/2002/1976 313/2004/1978
f 313/2004/1978 1090/2002/1976 909/2005/1979
f 909/2005/1979 1090/2002/1976 973/2006/1980
f 316/2007/1981 322/2008/1982 1091/2009/1983
f 1091/2009/1983 322/2008/1982 928/2010/1984
f 1091/2009/1983 928/2010/1984 996/2011/1985
f 1091/2009/1983 911/2012/1986 316/2007/1981
f 912/2013/1987 911/2014/1988 1093/2015/1989
f 1093/2015/1989 911/2014/1988 1092/2016/1990
f 1092/2016/1990 911/2014/1988 1091/2017/1991
f 994/2018/1992 993/2019/1993 1093/2020/1994
f 1093/2020/1994 993/2019/1993 1094/2021/1995
f 1093/2020/1994 1094/2021/1995 913/2022/1996
f 913/2022/1996 912/2023/1997 1093/2020/1994
f 1094/2024/1998 1095/2025/1999 913/2026/2000
f 913/2026/2000 1095/2025/1999 914/2027/2001
f 991/2028/2002 1096/2029/2003 992/2030/2004
f 992/2030/2004 1096/2029/2003 1095/2031/2005
f 1095/2031/2005 1096/2029/2003 914/2032/2006
f 914/2032/2006 1096/2029/2003 915/2033/2007
f 917/2034/2008 916/2035/2009 1096/2036/2010
f 1096/2036/2010 916/2035/2009 915/2037/2011
f 991/2038/2012 918/2039/2013 1096/2040/2014
f 1096/2040/2014 918/2039/2013 917/2041/2015
f 920/2042/2016 919/2043/2017 1097/2044/2018
f 1097/2044/2018 919/2043/2017 990/2045/2019
f 922/2046/2020 921/2047/2021 1097/2048/2022
f 1097/2048/2022 921/2047/2021 920/2049/2023
f 990/2050/2024 989/2051/2025 1097/2052/2026
f 1097/2052/2026 989/2051/2025 1098/2053/2027
f 1097/2052/2026 1098/2053/2027 923/2054/2028
f 923/2054/2028 922/2055/2029 1097/2052/2026
f 1098/2056/2030 1099/2057/2031 923/2058/2032
f 923/2058/2032 1099/2057/2031 924/2059/2033
f 999/2060/2034 1100/2061/2035 1000/2062/2036
f 1000/2062/2036 1100/2061/2035 1099/2063/2037
f 1099/2063/2037 1100/2061/2035 924/2064/2038
f 924/2064/2038 1100/2061/2035 925/2065/2039
f 925/2066/2040 1100/2067/2041 926/2068/2042
f 926/2068/2042 1100/2067/2041 1101/2069/2043
f 926/2068/2042 1101/2069/2043 1102/2070/2044
f 926/2071/2045 1102/2072/2046 319/2073/2047
f 319/2073/2047 1102/2072/2046 321/2074/2048
f 321/2074/2048 1102/2072/2046 927/2075/2049
f 927/2075/2049 1102/2072/2046 997/2076/2050
f 324/2077/2051 330/2078/2052 1103/2079/2053
f 1103/2079/2053 330/2078/2052 946/2080/2054
f 1103/2079/2053 946/2080/2054 1020/2081/2055
f 1103/2079/2053 929/2082/2056 324/2077/2051
f 930/2083/2057 929/2084/2058 1105/2085/2059
f 1105/2085/2059 929/2084/2058 1104/2086/2060
f 1104/2086/2060 929/2084/2058 1103/2087/2061
f 1018/2088/2062 1017/2089/2063 1105/2090/2064
f 1105/2090/2064 1017/2089/2063 1106/2091/2065
f 1105/2090/2064 1106/2091/2065 931/2092/2066
f 931/2092/2066 930/2093/2067 1105/2090/2064
f 1106/2094/2068 1107/2095/2069 931/2096/2070
f 931/2096/2070 1107/2095/2069 932/2097/2071
f 1015/2098/2072 1108/2099/2073 1016/2100/2074
f 1016/2100/2074 1108/2099/2073 1107/2101/2075
f 1107/2101/2075 1108/2099/2073 932/2102/2076
f 932/2102/2076 1108/2099/2073 933/2103/2077
f 935/2104/2078 934/2105/2079 1108/2106/2080
f 1108/2106/2080 934/2105/2079 933/2107/2081
f 1015/2108/2082 936/2109/2083 1108/2110/2084
f 1108/2110/2084 936/2109/2083 935/2111/2085
f 938/2112/2086 937/2113/2087 1109/2114/2088
f 1109/2114/2088 937/2113/2087 1014/2115/2089
f 940/2116/2090 939/2117/2091 1109/2118/2092
f 1109/2118/2092 939/2117/2091 938/2119/2093
f 1014/2120/2094 1013/2121/2095 1109/2122/2096
f 1109/2122/2096 1013/2121/2095 1110/2123/2097
f 1109/2122/2096 1110/2123/2097 941/2124/2098
f 941/2124/2098 940/2125/2099 1109/2122/2096
f 1110/2126/2100 1111/2127/2101 941/2128/2102
f 941/2128/2102 1111/2127/2101 942/2129/2103
f 1023/2130/2104 1112/2131/2105 1024/2132/2106
f 1024/2132/2106 1112/2131/2105 1111/2133/2107
f 1111/2133/2107 1112/2131/2105 942/2134/2108
f 942/2134/2108 1112/2131/2105 943/2135/2109
f 943/2136/2110 1112/2137/2111 944/2138/2112
f 944/2138/2112 1112/2137/2111 1113/2139/2113
f 944/2138/2112 1113/2139/2113 1114/2140/2114
f 944/2141/2115 1114/2142/2116 327/2143/2117
f 327/2143/2117 1114/2142/2116 329/2144/2118
f 329/2144/2118 1114/2142/2116 945/2145/2119
f 945/2145/2119 1114/2142/2116 1021/2146/2120
f 948/2147/2121 947/2148/2122 1115/2149/2123
f 1115/2149/2123 947/2148/2122 964/2150/2124
f 980/2151/2125 949/2152/2126 1115/2153/2127
f 1115/2153/2127 949/2152/2126 948/2154/2128
f 951/2155/2129 950/2156/2130 1116/2157/2131
f 1116/2157/2131 950/2156/2130 979/2158/2132
f 953/2159/2133 952/2160/2134 1116/2161/2135
f 1116/2161/2135 952/2160/2134 951/2162/2136
f 979/2163/2137 978/2164/2138 1116/2165/2139
f 1116/2165/2139 978/2164/2138 1117/2166/2140
f 1116/2165/2139 1117/2166/2140 954/2167/2141
f 954/2167/2141 953/2168/2142 1116/2165/2139
f 1117/2169/2143 1118/2170/2144 954/2171/2145
f 954/2171/2145 1118/2170/2144 955/2172/2146
f 988/2173/2147 1119/2174/2148 977/2175/2149
f 977/2175/2149 1119/2174/2148 1118/2176/2150
f 1118/2176/2150 1119/2174/2148 955/2177/2151
f 955/2177/2151 1119/2174/2148 956/2178/2152
f 956/2179/2153 1119/2180/2154 957/2181/2155
f 957/2181/2155 1119/2180/2154 1120/2182/2156
f 957/2181/2155 1120/2182/2156 1121/2183/2157
f 957/2184/2158 1121/2185/2159 333/2186/2160
f 333/2186/2160 1121/2185/2159 335/2187/2161
f 335/2187/2161 1121/2185/2159 958/2188/2162
f 958/2188/2162 1121/2185/2159 986/2189/2163
f 338/2190/2164 336/2191/2165 1122/2192/2166
f 1122/2192/2166 336/2191/2165 959/2193/2167
f 1122/2192/2166 959/2193/2167 985/2194/2168
f 1122/2192/2166 960/2195/2169 338/2190/2164
f 961/2196/2170 960/2197/2171 1124/2198/2172
f 1124/2198/2172 960/2197/2171 1123/2199/2173
f 1123/2199/2173 960/2197/2171 1122/2200/2174
f 983/2201/2175 982/2202/2176 1124/2203/2177
f 1124/2203/2177 982/2202/2176 1125/2204/2178
f 1124/2203/2177 1125/2204/2178 962/2205/2179
f 962/2205/2179 961/2206/2180 1124/2203/2177
f 962/2207/2181 1125/2208/2182 963/2209/2183
f 963/2209/2183 1125/2208/2182 1126/2210/2184
f 980/2211/2185 1115/2212/2186 981/2213/2187
f 981/2213/2187 1115/2212/2186 1126/2214/2188
f 1126/2214/2188 1115/2212/2186 963/2215/2189
f 963/2215/2189 1115/2212/2186 964/2216/2190
f 1083/2217/2191 1082/2218/2192 968/2219/2193
f 968/2219/2193 1082/2218/2192 969/2220/2194
f 1081/2221/2195 1080/2222/2196 970/2223/2197
f 970/2223/2197 1080/2222/2196 971/2224/2198
f 971/2225/2199 1080/2226/2200 972/2227/2201
f 972/2227/2201 1080/2226/2200 1079/2228/2202
f 1090/2229/2203 1089/2230/2204 973/2231/2205
f 973/2231/2205 1089/2230/2204 974/2232/2206
f 974/2233/2207 1089/2234/2208 975/2235/2209
f 975/2235/2209 1089/2234/2208 1088/2236/2210
f 976/2237/2211 1087/2238/2212 965/2239/2213
f 965/2239/2213 1087/2238/2212 1086/2240/2214
f 977/2241/2215 1118/2242/2216 978/2243/2217
f 978/2243/2217 1118/2242/2216 1117/2244/2218
f 1126/2245/2219 1125/2246/2220 981/2247/2221
f 981/2247/2221 1125/2246/2220 982/2248/2222
f 1124/2249/2223 1123/2250/2224 983/2251/2225
f 983/2251/2225 1123/2250/2224 984/2252/2226
f 1123/2253/2227 1122/2254/2228 984/2255/2229
f 984/2255/2229 1122/2254/2228 985/2256/2230
f 1121/2257/2231 1120/2258/2232 986/2259/2233
f 986/2259/2233 1120/2258/2232 987/2260/2234
f 987/2261/2235 1120/2262/2236 988/2263/2237
f 988/2263/2237 1120/2262/2236 1119/2264/2238
f 1095/2265/2239 1094/2266/2240 992/2267/2241
f 992/2267/2241 1094/2266/2240 993/2268/2242
f 1093/2269/2243 1092/2270/2244 994/2271/2245
f 994/2271/2245 1092/2270/2244 995/2272/2246
f 995/2273/2247 1092/2274/2248 996/2275/2249
f 996/2275/2249 1092/2274/2248 1091/2276/2250
f 1102/2277/2251 1101/2278/2252 997/2279/2253
f 997/2279/2253 1101/2278/2252 998/2280/2254
f 998/2281/2255 1101/2282/2256 999/2283/2257
f 999/2283/2257 1101/2282/2256 1100/2284/2258
f 1000/2285/2259 1099/2286/2260 989/2287/2261
f 989/2287/2261 1099/2286/2260 1098/2288/2262
f 1001/2289/2263 1058/2290/2264 1002/2291/2265
f 1002/2291/2265 1058/2290/2264 1057/2292/2266
f 1066/2293/2267 1065/2294/2268 1005/2295/2269
f 1005/2295/2269 1065/2294/2268 1006/2296/2270
f 1064/2297/2271 1063/2298/2272 1007/2299/2273
f 1007/2299/2273 1063/2298/2272 1008/2300/2274
f 1008/2301/2275 1063/2302/2276 1009/2303/2277
f 1009/2303/2277 1063/2302/2276 1062/2304/2278
f 1061/2305/2279 1060/2306/2280 1010/2307/2281
f 1010/2307/2281 1060/2306/2280 1011/2308/2282
f 1011/2309/2283 1060/2310/2284 1012/2311/2285
f 1012/2311/2285 1060/2310/2284 1059/2312/2286
f 1107/2313/2287 1106/2314/2288 1016/2315/2289
f 1016/2315/2289 1106/2314/2288 1017/2316/2290
f 1105/2317/2291 1104/2318/2292 1018/2319/2293
f 1018/2319/2293 1104/2318/2292 1019/2320/2294
f 1104/2321/2295 1103/2322/2296 1019/2323/2297
f 1019/2323/2297 1103/2322/2296 1020/2324/2298
f 1114/2325/2299 1113/2326/2300 1021/2327/2301
f 1021/2327/2301 1113/2326/2300 1022/2328/2302
f 1022/2329/2303 1113/2330/2304 1023/2331/2305
f 1023/2331/2305 1113/2330/2304 1112/2332/2306
f 1024/2333/2307 1111/2334/2308 1013/2335/2309
f 1013/2335/2309 1111/2334/2308 1110/2336/2310
f 1025/2337/2311 1070/2338/2312 1026/2339/2313
f 1026/2339/2313 1070/2338/2312 1069/2340/2314
f 1078/2341/2315 1077/2342/2316 1029/2343/2317
f 1029/2343/2317 1077/2342/2316 1030/2344/2318
f 1076/2345/2319 1075/2346/2320 1031/2347/2321
f 1031/2347/2321 1075/2346/2320 1032/2348/2322
f 1075/2349/2323 1074/2350/2324 1032/2351/2325
f 1032/2351/2325 1074/2350/2324 1033/2352/2326
f 1073/2353/2327 1072/2354/2328 1034/2355/2329
f 1034/2355/2329 1072/2354/2328 1035/2356/2330
f 1035/2357/2331 1072/2358/2332 1036/2359/2333
f 1036/2359/2333 1072/2358/2332 1071/2360/2334
f 797/2361/2335 1047/2362/2336 1037/2363/2337
f 1037/2363/2337 1047/2362/2336 1130/2364/2338
f 1037/2363/2337 1130/2364/2338 1131/2365/2339
f 1127/2366/2340 1128/2367/2341 1047/2362/2336
f 1047/2362/2336 1128/2367/2341 1129/2368/2342
f 1047/2362/2336 1129/2368/2342 1130/2364/2338
f 1131/2365/2339 1039/2369/2343 1037/2363/2337
f 1037/2363/2337 1039/2369/2343 1038/2370/2344
f 1039/2371/2345 1131/2372/2346 1040/2373/2347
f 1040/2373/2347 1131/2372/2346 1132/2374/2348
f 1046/2375/2349 1133/2376/2350 1047/2377/2351
f 1047/2377/2351 1133/2376/2350 1127/2378/2352
f 1053/2379/2353 1040/2380/2354 1054/2381/2355
f 1054/2381/2355 1040/2380/2354 1132/2382/2356
f 1054/2381/2355 1132/2382/2356 1134/2383/2357
f 1054/2381/2355 1134/2383/2357 1046/2384/2358
f 1046/2384/2358 1134/2383/2357 1135/2385/2359
f 1046/2384/2358 1135/2385/2359 1136/2386/2360
f 1136/2386/2360 1133/2387/2361 1046/2384/2358
f 1046/2384/2358 855/2388/2362 1054/2381/2355
f 1133/2389/2363 1136/2390/2364 1127/2391/2365
f 1127/2391/2365 1136/2390/2364 1128/2392/2366
f 1136/2393/2367 1135/2394/2368 1128/2395/2369
f 1128/2395/2369 1135/2394/2368 1129/2396/2370
f 1135/2397/2371 1134/2398/2372 1129/2399/2373
f 1129/2399/2373 1134/2398/2372 1130/2400/2374
f 1134/2401/2375 1132/2402/2376 1130/2403/2377
f 1130/2403/2377 1132/2402/2376 1131/2404/2378
# 1136 vertices
# 2404 texture params
# 2378 normals
# 2296 facets

# 1 groups
