####
#
# OBJ File Generated by Meshlab
#
####
# Object connectorMO6_m.obj
#
# Vertices: 1136
# Faces: 2296
#
####
mtllib ./connectorMO6_m.obj.mtl

vn 0.692682 0.719700 0.047158
v 0.000980 0.000690 0.000550
vn 0.692680 0.719701 -0.047164
v 0.000980 0.000690 -0.000550
vn -0.692679 0.719702 -0.047164
v 0.000880 0.000690 -0.000550
vn -0.301514 0.904533 -0.301511
v 0.000880 0.000690 -0.000480
vn -0.577350 0.577350 -0.577350
v -0.000090 0.000690 -0.000480
vn -0.577350 0.577350 0.577350
v -0.000090 0.000690 0.000480
vn -0.301511 0.904534 0.301511
v 0.000880 0.000690 0.000480
vn -0.692682 0.719700 0.047158
v 0.000880 0.000690 0.000550
vn 0.692682 0.047161 0.719700
v 0.000980 0.000660 0.000580
vn 0.577350 -0.577350 0.577350
v 0.000980 0.000350 0.000580
vn 0.904534 -0.301511 0.301511
v 0.000980 0.000350 0.000480
vn 0.904534 0.301511 0.301511
v 0.000980 -0.000350 0.000480
vn 0.577350 0.577350 0.577350
v 0.000980 -0.000350 0.000580
vn 0.692682 -0.047161 0.719700
v 0.000980 -0.000660 0.000580
vn 0.678870 -0.190036 0.709241
v 0.000980 -0.000668 0.000579
vn 0.678870 -0.367154 0.635872
v 0.000980 -0.000675 0.000576
vn 0.678886 -0.519190 0.519187
v 0.000980 -0.000681 0.000571
vn 0.678871 -0.635871 0.367154
v 0.000980 -0.000686 0.000565
vn 0.678868 -0.709242 0.190036
v 0.000980 -0.000689 0.000558
vn 0.692682 -0.719700 0.047158
v 0.000980 -0.000690 0.000550
vn 0.692680 -0.719701 -0.047164
v 0.000980 -0.000690 -0.000550
vn 0.678875 -0.709239 -0.190022
v 0.000980 -0.000689 -0.000558
vn 0.678866 -0.635884 -0.367141
v 0.000980 -0.000686 -0.000565
vn 0.678886 -0.519189 -0.519189
v 0.000980 -0.000681 -0.000571
vn 0.678871 -0.367154 -0.635871
v 0.000980 -0.000675 -0.000576
vn 0.678868 -0.190036 -0.709242
v 0.000980 -0.000668 -0.000579
vn 0.692683 -0.047158 -0.719699
v 0.000980 -0.000660 -0.000580
vn 0.692683 0.047158 -0.719699
v 0.000980 0.000660 -0.000580
vn 0.678868 0.190036 -0.709242
v 0.000980 0.000668 -0.000579
vn 0.678871 0.367154 -0.635871
v 0.000980 0.000675 -0.000576
vn 0.678886 0.519189 -0.519189
v 0.000980 0.000681 -0.000571
vn 0.678866 0.635884 -0.367141
v 0.000980 0.000686 -0.000565
vn 0.678875 0.709239 -0.190022
v 0.000980 0.000689 -0.000558
vn 0.678868 0.709242 0.190036
v 0.000980 0.000689 0.000558
vn 0.678871 0.635871 0.367154
v 0.000980 0.000686 0.000565
vn 0.678886 0.519190 0.519187
v 0.000980 0.000681 0.000571
vn 0.678870 0.367154 0.635872
v 0.000980 0.000675 0.000576
vn 0.678870 0.190036 0.709241
v 0.000980 0.000668 0.000579
vn 0.987345 0.114176 -0.110062
v 0.000980 -0.000180 -0.000025
vn 0.987345 -0.114176 -0.110062
v 0.000980 0.000180 -0.000025
vn 0.987345 -0.114176 0.110061
v 0.000980 0.000180 -0.000380
vn 0.987345 0.114176 0.110062
v 0.000980 -0.000180 -0.000380
vn 0.987345 0.114176 -0.110062
v 0.000980 -0.000600 -0.000025
vn 0.987345 -0.114176 -0.110062
v 0.000980 -0.000240 -0.000025
vn 0.987345 -0.114176 0.110062
v 0.000980 -0.000240 -0.000380
vn 0.987345 0.114176 0.110062
v 0.000980 -0.000600 -0.000380
vn 0.987825 0.111318 0.108677
v 0.000980 0.000240 0.000035
vn 0.987825 0.111318 -0.108677
v 0.000980 0.000240 0.000400
vn 0.987825 -0.111318 -0.108677
v 0.000980 0.000600 0.000400
vn 0.987825 -0.111318 0.108677
v 0.000980 0.000600 0.000035
vn 0.987825 0.111318 0.108677
v 0.000980 -0.000180 0.000035
vn 0.987825 0.111318 -0.108677
v 0.000980 -0.000180 0.000400
vn 0.987825 -0.111318 -0.108677
v 0.000980 0.000180 0.000400
vn 0.987825 -0.111318 0.108677
v 0.000980 0.000180 0.000035
vn 0.987825 0.111318 0.108677
v 0.000980 -0.000600 0.000035
vn 0.987825 0.111318 -0.108677
v 0.000980 -0.000600 0.000400
vn 0.987825 -0.111318 -0.108677
v 0.000980 -0.000240 0.000400
vn 0.987825 -0.111318 0.108677
v 0.000980 -0.000240 0.000035
vn 0.987345 0.114176 -0.110062
v 0.000980 0.000240 -0.000025
vn 0.987345 -0.114176 -0.110062
v 0.000980 0.000600 -0.000025
vn 0.987345 -0.114176 0.110062
v 0.000980 0.000600 -0.000380
vn 0.987345 0.114176 0.110062
v 0.000980 0.000240 -0.000380
vn -0.692683 0.047158 -0.719699
v 0.000880 0.000660 -0.000580
vn -0.678868 0.190036 -0.709242
v 0.000880 0.000668 -0.000579
vn -0.678871 0.367154 -0.635871
v 0.000880 0.000675 -0.000576
vn -0.678887 0.519188 -0.519188
v 0.000880 0.000681 -0.000571
vn -0.678867 0.635883 -0.367140
v 0.000880 0.000686 -0.000565
vn -0.678875 0.709239 -0.190022
v 0.000880 0.000689 -0.000558
vn -0.692682 -0.047158 -0.719700
v 0.000880 -0.000660 -0.000580
vn -0.678868 -0.190036 -0.709242
v 0.000880 -0.000668 -0.000579
vn -0.678871 -0.367154 -0.635871
v 0.000880 -0.000675 -0.000576
vn -0.678887 -0.519188 -0.519188
v 0.000880 -0.000681 -0.000571
vn -0.678867 -0.635883 -0.367140
v 0.000880 -0.000686 -0.000565
vn -0.678874 -0.709240 -0.190022
v 0.000880 -0.000689 -0.000558
vn -0.692680 -0.719701 -0.047164
v 0.000880 -0.000690 -0.000550
vn -0.301513 -0.904534 -0.301511
v 0.000880 -0.000690 -0.000480
vn -0.584551 -0.534954 -0.610020
v 0.000880 -0.000500 -0.000480
vn -0.737685 -0.652146 -0.174719
v 0.000880 -0.000499 -0.000486
vn -0.737720 -0.584664 -0.337545
v 0.000880 -0.000497 -0.000492
vn -0.737695 -0.477370 -0.477414
v 0.000880 -0.000493 -0.000498
vn -0.737692 -0.337575 -0.584683
v 0.000880 -0.000488 -0.000502
vn -0.737702 -0.174760 -0.652116
v 0.000880 -0.000481 -0.000504
vn -0.737705 -0.000007 -0.675123
v 0.000880 -0.000475 -0.000505
vn -0.737712 0.174770 -0.652101
v 0.000880 -0.000469 -0.000504
vn -0.737684 0.337596 -0.584680
v 0.000880 -0.000463 -0.000502
vn -0.737695 0.477369 -0.477414
v 0.000880 -0.000457 -0.000498
vn -0.737721 0.584665 -0.337543
v 0.000880 -0.000453 -0.000492
vn -0.737684 0.652147 -0.174719
v 0.000880 -0.000451 -0.000486
vn -0.584547 0.534960 -0.610019
v 0.000880 -0.000450 -0.000480
vn -0.584551 -0.534954 -0.610020
v 0.000880 -0.000445 -0.000480
vn -0.737685 -0.652146 -0.174719
v 0.000880 -0.000444 -0.000486
vn -0.737720 -0.584665 -0.337544
v 0.000880 -0.000442 -0.000492
vn -0.737696 -0.477370 -0.477413
v 0.000880 -0.000438 -0.000498
vn -0.737692 -0.337575 -0.584683
v 0.000880 -0.000433 -0.000502
vn -0.737702 -0.174760 -0.652115
v 0.000880 -0.000426 -0.000504
vn -0.737705 -0.000006 -0.675123
v 0.000880 -0.000420 -0.000505
vn -0.737712 0.174770 -0.652102
v 0.000880 -0.000414 -0.000504
vn -0.737684 0.337595 -0.584680
v 0.000880 -0.000408 -0.000502
vn -0.737695 0.477369 -0.477414
v 0.000880 -0.000402 -0.000498
vn -0.737721 0.584665 -0.337543
v 0.000880 -0.000398 -0.000492
vn -0.737684 0.652147 -0.174717
v 0.000880 -0.000396 -0.000486
vn -0.584547 0.534962 -0.610017
v 0.000880 -0.000395 -0.000480
vn -0.584550 -0.534954 -0.610020
v 0.000880 -0.000390 -0.000480
vn -0.737684 -0.652147 -0.174717
v 0.000880 -0.000389 -0.000486
vn -0.737721 -0.584665 -0.337543
v 0.000880 -0.000387 -0.000492
vn -0.737695 -0.477369 -0.477414
v 0.000880 -0.000383 -0.000498
vn -0.737692 -0.337575 -0.584683
v 0.000880 -0.000378 -0.000502
vn -0.737702 -0.174760 -0.652115
v 0.000880 -0.000371 -0.000504
vn -0.737705 -0.000007 -0.675123
v 0.000880 -0.000365 -0.000505
vn -0.737713 0.174770 -0.652101
v 0.000880 -0.000359 -0.000504
vn -0.737685 0.337595 -0.584680
v 0.000880 -0.000353 -0.000502
vn -0.737696 0.477370 -0.477413
v 0.000880 -0.000347 -0.000498
vn -0.737720 0.584665 -0.337544
v 0.000880 -0.000343 -0.000492
vn -0.737684 0.652146 -0.174719
v 0.000880 -0.000341 -0.000486
vn -0.584547 0.534962 -0.610017
v 0.000880 -0.000340 -0.000480
vn -0.584550 -0.534954 -0.610021
v 0.000880 -0.000052 -0.000480
vn -0.737684 -0.652147 -0.174718
v 0.000880 -0.000052 -0.000486
vn -0.737720 -0.584665 -0.337544
v 0.000880 -0.000049 -0.000492
vn -0.737695 -0.477370 -0.477414
v 0.000880 -0.000045 -0.000498
vn -0.737692 -0.337575 -0.584683
v 0.000880 -0.000040 -0.000502
vn -0.737702 -0.174760 -0.652115
v 0.000880 -0.000034 -0.000504
vn -0.737706 -0.000007 -0.675123
v 0.000880 -0.000028 -0.000505
vn -0.737712 0.174770 -0.652102
v 0.000880 -0.000021 -0.000504
vn -0.737684 0.337596 -0.584680
v 0.000880 -0.000015 -0.000502
vn -0.737695 0.477370 -0.477414
v 0.000880 -0.000010 -0.000498
vn -0.737721 0.584665 -0.337544
v 0.000880 -0.000006 -0.000492
vn -0.737684 0.652147 -0.174718
v 0.000880 -0.000003 -0.000486
vn -0.584546 0.534961 -0.610018
v 0.000880 -0.000003 -0.000480
vn -0.584551 -0.534954 -0.610021
v 0.000880 0.000003 -0.000480
vn -0.737684 -0.652147 -0.174718
v 0.000880 0.000003 -0.000486
vn -0.737720 -0.584665 -0.337544
v 0.000880 0.000006 -0.000492
vn -0.737695 -0.477369 -0.477414
v 0.000880 0.000010 -0.000498
vn -0.737692 -0.337575 -0.584683
v 0.000880 0.000015 -0.000502
vn -0.737702 -0.174760 -0.652115
v 0.000880 0.000021 -0.000504
vn -0.737705 -0.000007 -0.675123
v 0.000880 0.000028 -0.000505
vn -0.737712 0.174770 -0.652102
v 0.000880 0.000034 -0.000504
vn -0.737685 0.337595 -0.584679
v 0.000880 0.000040 -0.000502
vn -0.737695 0.477369 -0.477414
v 0.000880 0.000045 -0.000498
vn -0.737720 0.584665 -0.337544
v 0.000880 0.000049 -0.000492
vn -0.737684 0.652147 -0.174718
v 0.000880 0.000052 -0.000486
vn -0.584546 0.534962 -0.610018
v 0.000880 0.000052 -0.000480
vn -0.584551 -0.534954 -0.610020
v 0.000880 0.000395 -0.000480
vn -0.737684 -0.652147 -0.174717
v 0.000880 0.000396 -0.000486
vn -0.737720 -0.584665 -0.337543
v 0.000880 0.000398 -0.000492
vn -0.737695 -0.477369 -0.477414
v 0.000880 0.000402 -0.000498
vn -0.737692 -0.337575 -0.584683
v 0.000880 0.000408 -0.000502
vn -0.737703 -0.174760 -0.652114
v 0.000880 0.000414 -0.000504
vn -0.737705 -0.000007 -0.675123
v 0.000880 0.000420 -0.000505
vn -0.737712 0.174770 -0.652102
v 0.000880 0.000426 -0.000504
vn -0.737684 0.337595 -0.584680
v 0.000880 0.000433 -0.000502
vn -0.737696 0.477370 -0.477413
v 0.000880 0.000438 -0.000498
vn -0.737720 0.584665 -0.337544
v 0.000880 0.000442 -0.000492
vn -0.737685 0.652146 -0.174719
v 0.000880 0.000444 -0.000486
vn -0.584547 0.534962 -0.610017
v 0.000880 0.000445 -0.000480
vn -0.888828 0.302133 -0.344529
v -0.000090 0.000445 -0.000480
vn -0.520508 0.562975 -0.641974
v -0.000090 -0.000395 -0.000480
vn -0.678888 0.709230 -0.190010
v -0.000090 -0.000396 -0.000486
vn -0.678857 0.635903 -0.367125
v -0.000090 -0.000398 -0.000492
vn -0.678879 0.519169 -0.519218
v -0.000090 -0.000402 -0.000498
vn -0.678888 0.367146 -0.635858
v -0.000090 -0.000408 -0.000502
vn -0.678865 0.190082 -0.709233
v -0.000090 -0.000414 -0.000504
vn -0.678870 -0.000007 -0.734258
v -0.000090 -0.000420 -0.000505
vn -0.678873 -0.190066 -0.709230
v -0.000090 -0.000426 -0.000504
vn -0.678882 -0.367130 -0.635873
v -0.000090 -0.000433 -0.000502
vn -0.678878 -0.519170 -0.519217
v -0.000090 -0.000438 -0.000498
vn -0.678858 -0.635902 -0.367124
v -0.000090 -0.000442 -0.000492
vn -0.678888 -0.709230 -0.190012
v -0.000090 -0.000444 -0.000486
vn -0.520504 -0.562983 -0.641970
v -0.000090 -0.000445 -0.000480
vn -0.520506 0.562975 -0.641975
v -0.000090 -0.000450 -0.000480
vn -0.678888 0.709229 -0.190012
v -0.000090 -0.000451 -0.000486
vn -0.678857 0.635903 -0.367125
v -0.000090 -0.000453 -0.000492
vn -0.678879 0.519169 -0.519218
v -0.000090 -0.000457 -0.000498
vn -0.678888 0.367146 -0.635858
v -0.000090 -0.000463 -0.000502
vn -0.678864 0.190082 -0.709233
v -0.000090 -0.000469 -0.000504
vn -0.678870 -0.000007 -0.734258
v -0.000090 -0.000475 -0.000505
vn -0.678873 -0.190066 -0.709230
v -0.000090 -0.000481 -0.000504
vn -0.678881 -0.367131 -0.635874
v -0.000090 -0.000488 -0.000502
vn -0.678879 -0.519169 -0.519217
v -0.000090 -0.000493 -0.000498
vn -0.678857 -0.635902 -0.367126
v -0.000090 -0.000497 -0.000492
vn -0.678888 -0.709230 -0.190012
v -0.000090 -0.000499 -0.000486
vn -0.520504 -0.562983 -0.641970
v -0.000090 -0.000500 -0.000480
vn -0.577347 -0.577352 -0.577352
v -0.000090 -0.000690 -0.000480
vn -0.577350 -0.577350 0.577350
v -0.000090 -0.000690 0.000480
vn -0.678888 0.709230 -0.190012
v -0.000090 0.000444 -0.000486
vn -0.678858 0.635902 -0.367125
v -0.000090 0.000442 -0.000492
vn -0.678878 0.519170 -0.519217
v -0.000090 0.000438 -0.000498
vn -0.678888 0.367146 -0.635858
v -0.000090 0.000433 -0.000502
vn -0.678865 0.190082 -0.709233
v -0.000090 0.000426 -0.000504
vn -0.678870 -0.000007 -0.734258
v -0.000090 0.000420 -0.000505
vn -0.678873 -0.190066 -0.709230
v -0.000090 0.000414 -0.000504
vn -0.678882 -0.367130 -0.635873
v -0.000090 0.000408 -0.000502
vn 0.737695 -0.477369 -0.477414
v -0.000090 0.000402 -0.000498
vn 0.737721 -0.584665 -0.337543
v -0.000090 0.000398 -0.000492
vn 0.737684 -0.652147 -0.174717
v -0.000090 0.000396 -0.000486
vn 0.584547 -0.534962 -0.610017
v -0.000090 0.000395 -0.000480
vn -0.520508 0.562975 -0.641974
v -0.000090 0.000052 -0.000480
vn -0.678888 0.709230 -0.190012
v -0.000090 0.000052 -0.000486
vn -0.678857 0.635903 -0.367125
v -0.000090 0.000049 -0.000492
vn -0.678879 0.519169 -0.519218
v -0.000090 0.000045 -0.000498
vn -0.678888 0.367146 -0.635858
v -0.000090 0.000040 -0.000502
vn -0.678865 0.190082 -0.709233
v -0.000090 0.000034 -0.000504
vn -0.678870 -0.000007 -0.734258
v -0.000090 0.000028 -0.000505
vn -0.678873 -0.190066 -0.709230
v -0.000090 0.000021 -0.000504
vn -0.678882 -0.367130 -0.635873
v -0.000090 0.000015 -0.000502
vn -0.678879 -0.519169 -0.519218
v -0.000090 0.000010 -0.000498
vn -0.678857 -0.635903 -0.367125
v -0.000090 0.000006 -0.000492
vn -0.678888 -0.709230 -0.190012
v -0.000090 0.000003 -0.000486
vn -0.520503 -0.562983 -0.641971
v -0.000090 0.000003 -0.000480
vn -0.520508 0.562975 -0.641974
v -0.000090 -0.000003 -0.000480
vn -0.678888 0.709230 -0.190012
v -0.000090 -0.000003 -0.000486
vn -0.678857 0.635903 -0.367125
v -0.000090 -0.000006 -0.000492
vn -0.678879 0.519169 -0.519218
v -0.000090 -0.000010 -0.000498
vn -0.678888 0.367146 -0.635858
v -0.000090 -0.000015 -0.000502
vn -0.678865 0.190082 -0.709233
v -0.000090 -0.000021 -0.000504
vn -0.678870 -0.000007 -0.734258
v -0.000090 -0.000028 -0.000505
vn -0.678873 -0.190066 -0.709230
v -0.000090 -0.000034 -0.000504
vn -0.678882 -0.367130 -0.635874
v -0.000090 -0.000040 -0.000502
vn -0.678879 -0.519169 -0.519218
v -0.000090 -0.000045 -0.000498
vn -0.678857 -0.635903 -0.367125
v -0.000090 -0.000049 -0.000492
vn -0.678888 -0.709230 -0.190012
v -0.000090 -0.000052 -0.000486
vn -0.520503 -0.562983 -0.641971
v -0.000090 -0.000052 -0.000480
vn -0.520508 0.562976 -0.641973
v -0.000090 -0.000340 -0.000480
vn -0.678888 0.709230 -0.190012
v -0.000090 -0.000341 -0.000486
vn -0.678858 0.635902 -0.367125
v -0.000090 -0.000343 -0.000492
vn -0.678878 0.519170 -0.519217
v -0.000090 -0.000347 -0.000498
vn -0.678888 0.367146 -0.635858
v -0.000090 -0.000353 -0.000502
vn -0.678865 0.190082 -0.709233
v -0.000090 -0.000359 -0.000504
vn -0.678870 -0.000007 -0.734258
v -0.000090 -0.000365 -0.000505
vn -0.678873 -0.190066 -0.709230
v -0.000090 -0.000371 -0.000504
vn -0.678882 -0.367130 -0.635873
v -0.000090 -0.000378 -0.000502
vn -0.678879 -0.519169 -0.519218
v -0.000090 -0.000383 -0.000498
vn -0.678857 -0.635903 -0.367125
v -0.000090 -0.000387 -0.000492
vn -0.678888 -0.709230 -0.190010
v -0.000090 -0.000389 -0.000486
vn -0.520504 -0.562983 -0.641970
v -0.000090 -0.000390 -0.000480
vn -0.904534 0.301511 0.301511
v -0.000090 0.000590 0.000370
vn -0.904534 -0.301511 0.301511
v -0.000090 0.000250 0.000370
vn -0.804186 -0.549133 -0.227458
v -0.000090 0.000250 0.000105
vn -0.804186 -0.227458 -0.549133
v -0.000090 0.000325 0.000030
vn -0.804186 0.227458 -0.549133
v -0.000090 0.000515 0.000030
vn -0.804186 0.549133 -0.227458
v -0.000090 0.000590 0.000105
vn -0.904534 0.301511 -0.301511
v -0.000090 0.000590 -0.000390
vn -0.904534 0.301511 0.301511
v -0.000090 0.000590 -0.000050
vn -0.904534 -0.301511 0.301511
v -0.000090 0.000250 -0.000050
vn -0.904534 -0.301511 -0.301511
v -0.000090 0.000250 -0.000390
vn -0.904534 0.301511 -0.301511
v -0.000090 0.000170 0.000030
vn -0.904534 0.301511 0.301511
v -0.000090 0.000170 0.000370
vn -0.904534 -0.301511 0.301511
v -0.000090 -0.000170 0.000370
vn -0.904534 -0.301511 -0.301511
v -0.000090 -0.000170 0.000030
vn -0.804186 -0.227458 -0.549133
v -0.000090 -0.000095 -0.000390
vn -0.804186 0.227458 -0.549133
v -0.000090 0.000095 -0.000390
vn -0.804186 0.549133 -0.227458
v -0.000090 0.000170 -0.000315
vn -0.904534 0.301511 0.301511
v -0.000090 0.000170 -0.000050
vn -0.904534 -0.301511 0.301511
v -0.000090 -0.000170 -0.000050
vn -0.804186 -0.549133 -0.227458
v -0.000090 -0.000170 -0.000315
vn -0.904534 0.301511 -0.301511
v -0.000090 -0.000250 0.000030
vn -0.904534 0.301511 0.301511
v -0.000090 -0.000250 0.000370
vn -0.904534 -0.301511 0.301511
v -0.000090 -0.000590 0.000370
vn -0.904534 -0.301511 -0.301511
v -0.000090 -0.000590 0.000030
vn -0.804186 -0.227458 -0.549133
v -0.000090 -0.000515 -0.000390
vn -0.804186 0.227458 -0.549133
v -0.000090 -0.000325 -0.000390
vn -0.804186 0.549133 -0.227458
v -0.000090 -0.000250 -0.000315
vn -0.904534 0.301511 0.301511
v -0.000090 -0.000250 -0.000050
vn -0.904534 -0.301511 0.301511
v -0.000090 -0.000590 -0.000050
vn -0.804186 -0.549133 -0.227458
v -0.000090 -0.000590 -0.000315
vn -0.301511 -0.904534 0.301511
v 0.000880 -0.000690 0.000480
vn -0.301511 0.301511 0.904534
v 0.000880 -0.000350 0.000480
vn -0.301511 -0.301511 0.904534
v 0.000880 0.000350 0.000480
vn -0.032668 0.020857 0.999249
v 0.000005 0.000270 0.000480
vn 0.032668 0.020856 0.999249
v 0.000215 0.000270 0.000480
vn 0.032668 -0.020857 0.999249
v 0.000215 0.000150 0.000480
vn -0.032668 -0.020856 0.999249
v 0.000005 0.000150 0.000480
vn 0.032668 -0.020856 0.999249
v 0.000215 -0.000270 0.000480
vn -0.032668 -0.020857 0.999249
v 0.000005 -0.000270 0.000480
vn -0.032668 0.020857 0.999249
v 0.000005 -0.000150 0.000480
vn 0.032668 0.020856 0.999249
v 0.000215 -0.000150 0.000480
vn -0.577350 -0.577350 0.577350
v 0.000880 0.000350 0.000580
vn -0.692682 0.047161 0.719700
v 0.000880 0.000660 0.000580
vn -0.678870 0.190036 0.709241
v 0.000880 0.000668 0.000579
vn -0.678870 0.367154 0.635872
v 0.000880 0.000675 0.000576
vn -0.678886 0.519190 0.519187
v 0.000880 0.000681 0.000571
vn -0.678871 0.635871 0.367154
v 0.000880 0.000686 0.000565
vn -0.678868 0.709242 0.190036
v 0.000880 0.000689 0.000558
vn -0.577350 0.577350 0.577350
v 0.000880 -0.000350 0.000580
vn -0.692682 -0.047161 0.719700
v 0.000880 -0.000660 0.000580
vn -0.678869 -0.190036 0.709241
v 0.000880 -0.000668 0.000579
vn -0.678870 -0.367154 0.635872
v 0.000880 -0.000675 0.000576
vn -0.678886 -0.519190 0.519187
v 0.000880 -0.000681 0.000571
vn -0.678871 -0.635871 0.367154
v 0.000880 -0.000686 0.000565
vn -0.678868 -0.709242 0.190036
v 0.000880 -0.000689 0.000558
vn -0.692682 -0.719700 0.047158
v 0.000880 -0.000690 0.000550
vn 0.564661 0.565283 -0.601343
v 0.000880 -0.000075 -0.000115
vn 0.564661 -0.565283 -0.601343
v 0.000880 0.000075 -0.000115
vn 0.524045 -0.830182 0.190197
v 0.000880 0.000075 -0.000252
vn 0.901155 -0.286983 0.324900
v 0.000880 0.000075 -0.000290
vn 0.489850 -0.188460 0.851193
v 0.000880 0.000038 -0.000290
vn 0.489850 0.188460 0.851193
v 0.000880 -0.000038 -0.000290
vn 0.901155 0.286983 0.324900
v 0.000880 -0.000075 -0.000290
vn 0.524045 0.830182 0.190197
v 0.000880 -0.000075 -0.000252
vn 0.564661 0.565283 -0.601343
v 0.000880 -0.000495 -0.000115
vn 0.564661 -0.565283 -0.601343
v 0.000880 -0.000345 -0.000115
vn 0.524045 -0.830182 0.190197
v 0.000880 -0.000345 -0.000252
vn 0.901155 -0.286983 0.324900
v 0.000880 -0.000345 -0.000290
vn 0.489850 -0.188460 0.851193
v 0.000880 -0.000383 -0.000290
vn 0.489850 0.188460 0.851193
v 0.000880 -0.000458 -0.000290
vn 0.901155 0.286983 0.324900
v 0.000880 -0.000495 -0.000290
vn 0.524045 0.830182 0.190197
v 0.000880 -0.000495 -0.000252
vn 0.905013 0.288177 0.312898
v 0.000880 0.000345 0.000130
vn 0.524045 0.830182 0.190197
v 0.000880 0.000345 0.000168
vn 0.573520 0.567317 -0.590954
v 0.000880 0.000345 0.000305
vn 0.573520 -0.567317 -0.590954
v 0.000880 0.000495 0.000305
vn 0.524045 -0.830182 0.190197
v 0.000880 0.000495 0.000168
vn 0.905013 -0.288177 0.312898
v 0.000880 0.000495 0.000130
vn 0.501920 -0.189034 0.844004
v 0.000880 0.000458 0.000130
vn 0.501920 0.189034 0.844004
v 0.000880 0.000383 0.000130
vn 0.905013 0.288177 0.312898
v 0.000880 -0.000075 0.000130
vn 0.524045 0.830182 0.190197
v 0.000880 -0.000075 0.000168
vn 0.573520 0.567317 -0.590953
v 0.000880 -0.000075 0.000305
vn 0.573520 -0.567317 -0.590954
v 0.000880 0.000075 0.000305
vn 0.524045 -0.830182 0.190197
v 0.000880 0.000075 0.000168
vn 0.905013 -0.288177 0.312898
v 0.000880 0.000075 0.000130
vn 0.501920 -0.189034 0.844004
v 0.000880 0.000038 0.000130
vn 0.501920 0.189034 0.844004
v 0.000880 -0.000038 0.000130
vn 0.905013 0.288177 0.312898
v 0.000880 -0.000495 0.000130
vn 0.524045 0.830182 0.190197
v 0.000880 -0.000495 0.000168
vn 0.573521 0.567317 -0.590954
v 0.000880 -0.000495 0.000305
vn 0.573520 -0.567317 -0.590954
v 0.000880 -0.000345 0.000305
vn 0.524045 -0.830182 0.190197
v 0.000880 -0.000345 0.000168
vn 0.905013 -0.288177 0.312898
v 0.000880 -0.000345 0.000130
vn 0.501920 -0.189034 0.844004
v 0.000880 -0.000383 0.000130
vn 0.501920 0.189034 0.844004
v 0.000880 -0.000458 0.000130
vn 0.564661 0.565283 -0.601343
v 0.000880 0.000345 -0.000115
vn 0.564661 -0.565283 -0.601343
v 0.000880 0.000495 -0.000115
vn 0.524045 -0.830182 0.190197
v 0.000880 0.000495 -0.000252
vn 0.901155 -0.286983 0.324900
v 0.000880 0.000495 -0.000290
vn 0.489850 -0.188460 0.851193
v 0.000880 0.000458 -0.000290
vn 0.489850 0.188460 0.851193
v 0.000880 0.000383 -0.000290
vn 0.901155 0.286983 0.324900
v 0.000880 0.000345 -0.000290
vn 0.524045 0.830182 0.190197
v 0.000880 0.000345 -0.000252
vn 0.000000 -0.965935 -0.258787
v 0.000049 -0.000499 -0.000486
vn 0.000000 -0.965935 -0.258787
v 0.000187 -0.000499 -0.000486
vn 0.000000 -0.965935 -0.258787
v 0.000326 -0.000499 -0.000486
vn 0.000000 -0.965935 -0.258787
v 0.000464 -0.000499 -0.000486
vn 0.000000 -0.965935 -0.258787
v 0.000603 -0.000499 -0.000486
vn 0.000000 -0.965935 -0.258787
v 0.000741 -0.000499 -0.000486
vn 0.000000 -0.866033 -0.499987
v 0.000049 -0.000497 -0.000492
vn 0.000000 -0.866033 -0.499987
v 0.000187 -0.000497 -0.000492
vn 0.000000 -0.866033 -0.499987
v 0.000326 -0.000497 -0.000492
vn 0.000000 -0.866033 -0.499987
v 0.000464 -0.000497 -0.000492
vn 0.000000 -0.866033 -0.499987
v 0.000603 -0.000497 -0.000492
vn 0.000000 -0.866033 -0.499987
v 0.000741 -0.000497 -0.000492
vn 0.000000 -0.707074 -0.707139
v 0.000049 -0.000493 -0.000498
vn 0.000000 -0.707074 -0.707139
v 0.000187 -0.000493 -0.000498
vn 0.000000 -0.707074 -0.707139
v 0.000326 -0.000493 -0.000498
vn 0.000000 -0.707074 -0.707139
v 0.000464 -0.000493 -0.000498
vn 0.000000 -0.707074 -0.707139
v 0.000603 -0.000493 -0.000498
vn 0.000000 -0.707074 -0.707139
v 0.000741 -0.000493 -0.000498
vn 0.000000 -0.500009 -0.866020
v 0.000049 -0.000488 -0.000502
vn 0.000000 -0.500009 -0.866020
v 0.000187 -0.000488 -0.000502
vn 0.000000 -0.500009 -0.866020
v 0.000326 -0.000488 -0.000502
vn 0.000000 -0.500009 -0.866020
v 0.000464 -0.000488 -0.000502
vn 0.000000 -0.500009 -0.866020
v 0.000603 -0.000488 -0.000502
vn 0.000000 -0.500009 -0.866020
v 0.000741 -0.000488 -0.000502
vn 0.000000 -0.258855 -0.965916
v 0.000049 -0.000481 -0.000504
vn 0.000000 -0.258855 -0.965916
v 0.000187 -0.000481 -0.000504
vn 0.000000 -0.258855 -0.965916
v 0.000326 -0.000481 -0.000504
vn 0.000000 -0.258855 -0.965916
v 0.000464 -0.000481 -0.000504
vn 0.000000 -0.258855 -0.965916
v 0.000603 -0.000481 -0.000504
vn 0.000000 -0.258855 -0.965916
v 0.000741 -0.000481 -0.000504
vn 0.000000 -0.000010 -1.000000
v 0.000049 -0.000475 -0.000505
vn 0.000000 -0.000010 -1.000000
v 0.000187 -0.000475 -0.000505
vn 0.000000 -0.000010 -1.000000
v 0.000326 -0.000475 -0.000505
vn 0.000000 -0.000010 -1.000000
v 0.000464 -0.000475 -0.000505
vn 0.000000 -0.000010 -1.000000
v 0.000603 -0.000475 -0.000505
vn 0.000000 -0.000010 -1.000000
v 0.000741 -0.000475 -0.000505
vn 0.000000 0.258875 -0.965911
v 0.000049 -0.000469 -0.000504
vn 0.000000 0.258875 -0.965911
v 0.000187 -0.000469 -0.000504
vn 0.000000 0.258875 -0.965911
v 0.000326 -0.000469 -0.000504
vn 0.000000 0.258875 -0.965911
v 0.000464 -0.000469 -0.000504
vn 0.000000 0.258875 -0.965911
v 0.000603 -0.000469 -0.000504
vn 0.000000 0.258875 -0.965911
v 0.000741 -0.000469 -0.000504
vn 0.000000 0.500034 -0.866006
v 0.000049 -0.000463 -0.000502
vn 0.000000 0.500034 -0.866006
v 0.000187 -0.000463 -0.000502
vn 0.000000 0.500034 -0.866006
v 0.000326 -0.000463 -0.000502
vn 0.000000 0.500034 -0.866006
v 0.000464 -0.000463 -0.000502
vn 0.000000 0.500034 -0.866006
v 0.000603 -0.000463 -0.000502
vn 0.000000 0.500034 -0.866006
v 0.000741 -0.000463 -0.000502
vn 0.000000 0.707073 -0.707140
v 0.000049 -0.000457 -0.000498
vn 0.000000 0.707073 -0.707140
v 0.000187 -0.000457 -0.000498
vn 0.000000 0.707073 -0.707140
v 0.000326 -0.000457 -0.000498
vn 0.000000 0.707073 -0.707140
v 0.000464 -0.000457 -0.000498
vn 0.000000 0.707073 -0.707140
v 0.000603 -0.000457 -0.000498
vn 0.000000 0.707073 -0.707140
v 0.000741 -0.000457 -0.000498
vn 0.000000 0.866034 -0.499986
v 0.000049 -0.000453 -0.000492
vn 0.000000 0.866034 -0.499986
v 0.000187 -0.000453 -0.000492
vn 0.000000 0.866034 -0.499986
v 0.000326 -0.000453 -0.000492
vn 0.000000 0.866034 -0.499986
v 0.000464 -0.000453 -0.000492
vn 0.000000 0.866034 -0.499986
v 0.000603 -0.000453 -0.000492
vn 0.000000 0.866034 -0.499986
v 0.000741 -0.000453 -0.000492
vn 0.000000 0.965935 -0.258787
v 0.000049 -0.000451 -0.000486
vn 0.000000 0.965935 -0.258787
v 0.000187 -0.000451 -0.000486
vn 0.000000 0.965935 -0.258787
v 0.000326 -0.000451 -0.000486
vn 0.000000 0.965935 -0.258787
v 0.000464 -0.000451 -0.000486
vn 0.000000 0.965935 -0.258787
v 0.000603 -0.000451 -0.000486
vn 0.000000 0.965935 -0.258787
v 0.000741 -0.000451 -0.000486
vn 0.000000 -0.965935 -0.258787
v 0.000049 -0.000444 -0.000486
vn 0.000000 -0.965935 -0.258787
v 0.000187 -0.000444 -0.000486
vn 0.000000 -0.965935 -0.258787
v 0.000326 -0.000444 -0.000486
vn 0.000000 -0.965935 -0.258787
v 0.000464 -0.000444 -0.000486
vn 0.000000 -0.965935 -0.258787
v 0.000603 -0.000444 -0.000486
vn 0.000000 -0.965935 -0.258787
v 0.000741 -0.000444 -0.000486
vn 0.000000 -0.866034 -0.499986
v 0.000049 -0.000442 -0.000492
vn 0.000000 -0.866034 -0.499986
v 0.000187 -0.000442 -0.000492
vn 0.000000 -0.866034 -0.499986
v 0.000326 -0.000442 -0.000492
vn 0.000000 -0.866034 -0.499986
v 0.000464 -0.000442 -0.000492
vn 0.000000 -0.866034 -0.499986
v 0.000603 -0.000442 -0.000492
vn 0.000000 -0.866034 -0.499986
v 0.000741 -0.000442 -0.000492
vn 0.000000 -0.707075 -0.707139
v 0.000049 -0.000438 -0.000498
vn 0.000000 -0.707075 -0.707139
v 0.000187 -0.000438 -0.000498
vn 0.000000 -0.707075 -0.707139
v 0.000326 -0.000438 -0.000498
vn 0.000000 -0.707075 -0.707139
v 0.000464 -0.000438 -0.000498
vn 0.000000 -0.707075 -0.707139
v 0.000603 -0.000438 -0.000498
vn 0.000000 -0.707075 -0.707139
v 0.000741 -0.000438 -0.000498
vn 0.000000 -0.500009 -0.866020
v 0.000049 -0.000433 -0.000502
vn 0.000000 -0.500009 -0.866021
v 0.000187 -0.000433 -0.000502
vn 0.000000 -0.500009 -0.866020
v 0.000326 -0.000433 -0.000502
vn 0.000000 -0.500009 -0.866021
v 0.000464 -0.000433 -0.000502
vn 0.000000 -0.500009 -0.866020
v 0.000603 -0.000433 -0.000502
vn 0.000000 -0.500009 -0.866021
v 0.000741 -0.000433 -0.000502
vn 0.000000 -0.258856 -0.965916
v 0.000049 -0.000426 -0.000504
vn 0.000000 -0.258856 -0.965916
v 0.000187 -0.000426 -0.000504
vn 0.000000 -0.258856 -0.965916
v 0.000326 -0.000426 -0.000504
vn 0.000000 -0.258856 -0.965916
v 0.000464 -0.000426 -0.000504
vn 0.000000 -0.258856 -0.965916
v 0.000603 -0.000426 -0.000504
vn 0.000000 -0.258856 -0.965916
v 0.000741 -0.000426 -0.000504
vn 0.000000 -0.000010 -1.000000
v 0.000049 -0.000420 -0.000505
vn 0.000000 -0.000010 -1.000000
v 0.000187 -0.000420 -0.000505
vn 0.000000 -0.000010 -1.000000
v 0.000326 -0.000420 -0.000505
vn 0.000000 -0.000010 -1.000000
v 0.000464 -0.000420 -0.000505
vn 0.000000 -0.000010 -1.000000
v 0.000603 -0.000420 -0.000505
vn 0.000000 -0.000010 -1.000000
v 0.000741 -0.000420 -0.000505
vn 0.000000 0.258874 -0.965911
v 0.000049 -0.000414 -0.000504
vn 0.000000 0.258874 -0.965911
v 0.000187 -0.000414 -0.000504
vn 0.000000 0.258874 -0.965911
v 0.000326 -0.000414 -0.000504
vn 0.000000 0.258874 -0.965911
v 0.000464 -0.000414 -0.000504
vn 0.000000 0.258874 -0.965911
v 0.000603 -0.000414 -0.000504
vn 0.000000 0.258874 -0.965911
v 0.000741 -0.000414 -0.000504
vn 0.000000 0.500034 -0.866006
v 0.000049 -0.000408 -0.000502
vn 0.000000 0.500034 -0.866006
v 0.000187 -0.000408 -0.000502
vn 0.000000 0.500034 -0.866006
v 0.000326 -0.000408 -0.000502
vn 0.000000 0.500034 -0.866006
v 0.000464 -0.000408 -0.000502
vn 0.000000 0.500034 -0.866006
v 0.000603 -0.000408 -0.000502
vn 0.000000 0.500034 -0.866006
v 0.000741 -0.000408 -0.000502
vn 0.000000 0.707073 -0.707140
v 0.000049 -0.000402 -0.000498
vn 0.000000 0.707073 -0.707140
v 0.000187 -0.000402 -0.000498
vn 0.000000 0.707073 -0.707140
v 0.000326 -0.000402 -0.000498
vn 0.000000 0.707073 -0.707140
v 0.000464 -0.000402 -0.000498
vn 0.000000 0.707073 -0.707140
v 0.000603 -0.000402 -0.000498
vn 0.000000 0.707073 -0.707140
v 0.000741 -0.000402 -0.000498
vn 0.000000 0.866034 -0.499986
v 0.000049 -0.000398 -0.000492
vn 0.000000 0.866034 -0.499986
v 0.000187 -0.000398 -0.000492
vn 0.000000 0.866034 -0.499986
v 0.000326 -0.000398 -0.000492
vn 0.000000 0.866034 -0.499986
v 0.000464 -0.000398 -0.000492
vn 0.000000 0.866034 -0.499986
v 0.000603 -0.000398 -0.000492
vn 0.000000 0.866034 -0.499986
v 0.000741 -0.000398 -0.000492
vn 0.000000 0.965935 -0.258785
v 0.000049 -0.000396 -0.000486
vn 0.000000 0.965935 -0.258785
v 0.000187 -0.000396 -0.000486
vn 0.000000 0.965935 -0.258784
v 0.000326 -0.000396 -0.000486
vn 0.000000 0.965935 -0.258784
v 0.000464 -0.000396 -0.000486
vn 0.000000 0.965935 -0.258785
v 0.000603 -0.000396 -0.000486
vn 0.000000 0.965935 -0.258784
v 0.000741 -0.000396 -0.000486
vn 0.000000 -0.965935 -0.258784
v 0.000049 -0.000389 -0.000486
vn 0.000000 -0.965935 -0.258785
v 0.000187 -0.000389 -0.000486
vn 0.000000 -0.965935 -0.258784
v 0.000326 -0.000389 -0.000486
vn 0.000000 -0.965935 -0.258784
v 0.000464 -0.000389 -0.000486
vn 0.000000 -0.965935 -0.258785
v 0.000603 -0.000389 -0.000486
vn 0.000000 -0.965935 -0.258785
v 0.000741 -0.000389 -0.000486
vn 0.000000 -0.866034 -0.499986
v 0.000049 -0.000387 -0.000492
vn 0.000000 -0.866034 -0.499986
v 0.000187 -0.000387 -0.000492
vn 0.000000 -0.866034 -0.499986
v 0.000326 -0.000387 -0.000492
vn 0.000000 -0.866034 -0.499986
v 0.000464 -0.000387 -0.000492
vn 0.000000 -0.866034 -0.499986
v 0.000603 -0.000387 -0.000492
vn 0.000000 -0.866034 -0.499986
v 0.000741 -0.000387 -0.000492
vn 0.000000 -0.707073 -0.707140
v 0.000049 -0.000383 -0.000498
vn 0.000000 -0.707073 -0.707140
v 0.000187 -0.000383 -0.000498
vn 0.000000 -0.707073 -0.707140
v 0.000326 -0.000383 -0.000498
vn 0.000000 -0.707073 -0.707140
v 0.000464 -0.000383 -0.000498
vn 0.000000 -0.707073 -0.707140
v 0.000603 -0.000383 -0.000498
vn 0.000000 -0.707073 -0.707140
v 0.000741 -0.000383 -0.000498
vn 0.000000 -0.500009 -0.866020
v 0.000049 -0.000378 -0.000502
vn 0.000000 -0.500009 -0.866021
v 0.000187 -0.000378 -0.000502
vn 0.000000 -0.500009 -0.866020
v 0.000326 -0.000378 -0.000502
vn 0.000000 -0.500009 -0.866021
v 0.000464 -0.000378 -0.000502
vn 0.000000 -0.500009 -0.866020
v 0.000603 -0.000378 -0.000502
vn 0.000000 -0.500009 -0.866021
v 0.000741 -0.000378 -0.000502
vn 0.000000 -0.258856 -0.965916
v 0.000049 -0.000371 -0.000504
vn 0.000000 -0.258856 -0.965916
v 0.000187 -0.000371 -0.000504
vn 0.000000 -0.258856 -0.965916
v 0.000326 -0.000371 -0.000504
vn 0.000000 -0.258856 -0.965916
v 0.000464 -0.000371 -0.000504
vn 0.000000 -0.258856 -0.965916
v 0.000603 -0.000371 -0.000504
vn 0.000000 -0.258856 -0.965916
v 0.000741 -0.000371 -0.000504
vn 0.000000 -0.000010 -1.000000
v 0.000049 -0.000365 -0.000505
vn 0.000000 -0.000010 -1.000000
v 0.000187 -0.000365 -0.000505
vn 0.000000 -0.000010 -1.000000
v 0.000326 -0.000365 -0.000505
vn 0.000000 -0.000010 -1.000000
v 0.000464 -0.000365 -0.000505
vn 0.000000 -0.000010 -1.000000
v 0.000603 -0.000365 -0.000505
vn 0.000000 -0.000010 -1.000000
v 0.000741 -0.000365 -0.000505
vn 0.000000 0.258874 -0.965911
v 0.000049 -0.000359 -0.000504
vn 0.000000 0.258874 -0.965911
v 0.000187 -0.000359 -0.000504
vn 0.000000 0.258874 -0.965911
v 0.000326 -0.000359 -0.000504
vn 0.000000 0.258874 -0.965911
v 0.000464 -0.000359 -0.000504
vn 0.000000 0.258874 -0.965911
v 0.000603 -0.000359 -0.000504
vn 0.000000 0.258874 -0.965911
v 0.000741 -0.000359 -0.000504
vn 0.000000 0.500034 -0.866006
v 0.000049 -0.000353 -0.000502
vn 0.000000 0.500034 -0.866006
v 0.000187 -0.000353 -0.000502
vn 0.000000 0.500034 -0.866006
v 0.000326 -0.000353 -0.000502
vn 0.000000 0.500034 -0.866006
v 0.000464 -0.000353 -0.000502
vn 0.000000 0.500034 -0.866006
v 0.000603 -0.000353 -0.000502
vn 0.000000 0.500034 -0.866006
v 0.000741 -0.000353 -0.000502
vn 0.000000 0.707075 -0.707139
v 0.000049 -0.000347 -0.000498
vn 0.000000 0.707075 -0.707139
v 0.000187 -0.000347 -0.000498
vn 0.000000 0.707075 -0.707139
v 0.000326 -0.000347 -0.000498
vn 0.000000 0.707075 -0.707139
v 0.000464 -0.000347 -0.000498
vn 0.000000 0.707075 -0.707139
v 0.000603 -0.000347 -0.000498
vn 0.000000 0.707075 -0.707139
v 0.000741 -0.000347 -0.000498
vn 0.000000 0.866034 -0.499986
v 0.000049 -0.000343 -0.000492
vn 0.000000 0.866034 -0.499986
v 0.000187 -0.000343 -0.000492
vn 0.000000 0.866034 -0.499986
v 0.000326 -0.000343 -0.000492
vn 0.000000 0.866034 -0.499986
v 0.000464 -0.000343 -0.000492
vn 0.000000 0.866034 -0.499986
v 0.000603 -0.000343 -0.000492
vn 0.000000 0.866034 -0.499986
v 0.000741 -0.000343 -0.000492
vn 0.000000 0.965935 -0.258787
v 0.000049 -0.000341 -0.000486
vn 0.000000 0.965935 -0.258787
v 0.000187 -0.000341 -0.000486
vn 0.000000 0.965935 -0.258787
v 0.000326 -0.000341 -0.000486
vn 0.000000 0.965935 -0.258787
v 0.000464 -0.000341 -0.000486
vn 0.000000 0.965935 -0.258787
v 0.000603 -0.000341 -0.000486
vn 0.000000 0.965935 -0.258787
v 0.000741 -0.000341 -0.000486
vn 0.000000 -0.965935 -0.258786
v 0.000049 -0.000052 -0.000486
vn 0.000000 -0.965935 -0.258786
v 0.000187 -0.000052 -0.000486
vn 0.000000 -0.965935 -0.258786
v 0.000326 -0.000052 -0.000486
vn 0.000000 -0.965935 -0.258786
v 0.000464 -0.000052 -0.000486
vn 0.000000 -0.965935 -0.258786
v 0.000603 -0.000052 -0.000486
vn 0.000000 -0.965935 -0.258786
v 0.000741 -0.000052 -0.000486
vn 0.000000 -0.866034 -0.499986
v 0.000049 -0.000049 -0.000492
vn 0.000000 -0.866034 -0.499986
v 0.000187 -0.000049 -0.000492
vn 0.000000 -0.866034 -0.499986
v 0.000326 -0.000049 -0.000492
vn 0.000000 -0.866033 -0.499986
v 0.000464 -0.000049 -0.000492
vn 0.000000 -0.866034 -0.499986
v 0.000603 -0.000049 -0.000492
vn 0.000000 -0.866033 -0.499986
v 0.000741 -0.000049 -0.000492
vn 0.000000 -0.707074 -0.707140
v 0.000049 -0.000045 -0.000498
vn 0.000000 -0.707074 -0.707140
v 0.000187 -0.000045 -0.000498
vn 0.000000 -0.707074 -0.707140
v 0.000326 -0.000045 -0.000498
vn 0.000000 -0.707074 -0.707140
v 0.000464 -0.000045 -0.000498
vn 0.000000 -0.707074 -0.707140
v 0.000603 -0.000045 -0.000498
vn 0.000000 -0.707074 -0.707140
v 0.000741 -0.000045 -0.000498
vn 0.000000 -0.500009 -0.866020
v 0.000049 -0.000040 -0.000502
vn 0.000000 -0.500009 -0.866021
v 0.000187 -0.000040 -0.000502
vn 0.000000 -0.500009 -0.866020
v 0.000326 -0.000040 -0.000502
vn 0.000000 -0.500009 -0.866021
v 0.000464 -0.000040 -0.000502
vn 0.000000 -0.500009 -0.866020
v 0.000603 -0.000040 -0.000502
vn 0.000000 -0.500009 -0.866021
v 0.000741 -0.000040 -0.000502
vn 0.000000 -0.258856 -0.965916
v 0.000049 -0.000034 -0.000504
vn 0.000000 -0.258856 -0.965916
v 0.000187 -0.000034 -0.000504
vn 0.000000 -0.258856 -0.965916
v 0.000326 -0.000034 -0.000504
vn 0.000000 -0.258856 -0.965916
v 0.000464 -0.000034 -0.000504
vn 0.000000 -0.258856 -0.965916
v 0.000603 -0.000034 -0.000504
vn 0.000000 -0.258856 -0.965916
v 0.000741 -0.000034 -0.000504
vn 0.000000 -0.000010 -1.000000
v 0.000049 -0.000028 -0.000505
vn 0.000000 -0.000010 -1.000000
v 0.000187 -0.000028 -0.000505
vn 0.000000 -0.000010 -1.000000
v 0.000326 -0.000028 -0.000505
vn 0.000000 -0.000010 -1.000000
v 0.000464 -0.000028 -0.000505
vn 0.000000 -0.000010 -1.000000
v 0.000603 -0.000028 -0.000505
vn 0.000000 -0.000010 -1.000000
v 0.000741 -0.000028 -0.000505
vn 0.000000 0.258874 -0.965911
v 0.000049 -0.000021 -0.000504
vn 0.000000 0.258874 -0.965911
v 0.000187 -0.000021 -0.000504
vn 0.000000 0.258874 -0.965911
v 0.000326 -0.000021 -0.000504
vn 0.000000 0.258874 -0.965911
v 0.000464 -0.000021 -0.000504
vn 0.000000 0.258874 -0.965911
v 0.000603 -0.000021 -0.000504
vn 0.000000 0.258874 -0.965911
v 0.000741 -0.000021 -0.000504
vn 0.000000 0.500034 -0.866006
v 0.000049 -0.000015 -0.000502
vn 0.000000 0.500034 -0.866006
v 0.000187 -0.000015 -0.000502
vn 0.000000 0.500034 -0.866006
v 0.000326 -0.000015 -0.000502
vn 0.000000 0.500034 -0.866006
v 0.000464 -0.000015 -0.000502
vn 0.000000 0.500034 -0.866006
v 0.000603 -0.000015 -0.000502
vn 0.000000 0.500034 -0.866006
v 0.000741 -0.000015 -0.000502
vn 0.000000 0.707074 -0.707140
v 0.000049 -0.000010 -0.000498
vn 0.000000 0.707074 -0.707140
v 0.000187 -0.000010 -0.000498
vn 0.000000 0.707074 -0.707140
v 0.000326 -0.000010 -0.000498
vn 0.000000 0.707074 -0.707140
v 0.000464 -0.000010 -0.000498
vn 0.000000 0.707074 -0.707140
v 0.000603 -0.000010 -0.000498
vn 0.000000 0.707074 -0.707140
v 0.000741 -0.000010 -0.000498
vn 0.000000 0.866033 -0.499986
v 0.000049 -0.000006 -0.000492
vn 0.000000 0.866033 -0.499986
v 0.000187 -0.000006 -0.000492
vn 0.000000 0.866033 -0.499986
v 0.000326 -0.000006 -0.000492
vn 0.000000 0.866033 -0.499986
v 0.000464 -0.000006 -0.000492
vn 0.000000 0.866033 -0.499986
v 0.000603 -0.000006 -0.000492
vn 0.000000 0.866033 -0.499986
v 0.000741 -0.000006 -0.000492
vn 0.000000 0.965935 -0.258786
v 0.000049 -0.000003 -0.000486
vn 0.000000 0.965935 -0.258786
v 0.000187 -0.000003 -0.000486
vn 0.000000 0.965935 -0.258786
v 0.000326 -0.000003 -0.000486
vn 0.000000 0.965935 -0.258786
v 0.000464 -0.000003 -0.000486
vn 0.000000 0.965935 -0.258786
v 0.000603 -0.000003 -0.000486
vn 0.000000 0.965935 -0.258786
v 0.000741 -0.000003 -0.000486
vn 0.000000 -0.965935 -0.258786
v 0.000049 0.000003 -0.000486
vn 0.000000 -0.965935 -0.258786
v 0.000187 0.000003 -0.000486
vn 0.000000 -0.965935 -0.258786
v 0.000326 0.000003 -0.000486
vn 0.000000 -0.965935 -0.258786
v 0.000464 0.000003 -0.000486
vn 0.000000 -0.965935 -0.258786
v 0.000603 0.000003 -0.000486
vn 0.000000 -0.965935 -0.258786
v 0.000741 0.000003 -0.000486
vn 0.000000 -0.866033 -0.499986
v 0.000049 0.000006 -0.000492
vn 0.000000 -0.866033 -0.499986
v 0.000187 0.000006 -0.000492
vn 0.000000 -0.866033 -0.499986
v 0.000326 0.000006 -0.000492
vn 0.000000 -0.866033 -0.499986
v 0.000464 0.000006 -0.000492
vn 0.000000 -0.866033 -0.499986
v 0.000603 0.000006 -0.000492
vn 0.000000 -0.866033 -0.499986
v 0.000741 0.000006 -0.000492
vn 0.000000 -0.707074 -0.707140
v 0.000049 0.000010 -0.000498
vn 0.000000 -0.707074 -0.707140
v 0.000187 0.000010 -0.000498
vn 0.000000 -0.707074 -0.707140
v 0.000326 0.000010 -0.000498
vn 0.000000 -0.707074 -0.707140
v 0.000464 0.000010 -0.000498
vn 0.000000 -0.707074 -0.707140
v 0.000603 0.000010 -0.000498
vn 0.000000 -0.707074 -0.707140
v 0.000741 0.000010 -0.000498
vn 0.000000 -0.500009 -0.866020
v 0.000049 0.000015 -0.000502
vn 0.000000 -0.500009 -0.866020
v 0.000187 0.000015 -0.000502
vn 0.000000 -0.500009 -0.866020
v 0.000326 0.000015 -0.000502
vn 0.000000 -0.500009 -0.866020
v 0.000464 0.000015 -0.000502
vn 0.000000 -0.500009 -0.866020
v 0.000603 0.000015 -0.000502
vn 0.000000 -0.500009 -0.866021
v 0.000741 0.000015 -0.000502
vn 0.000000 -0.258856 -0.965916
v 0.000049 0.000021 -0.000504
vn 0.000000 -0.258856 -0.965916
v 0.000187 0.000021 -0.000504
vn 0.000000 -0.258856 -0.965916
v 0.000326 0.000021 -0.000504
vn 0.000000 -0.258856 -0.965916
v 0.000464 0.000021 -0.000504
vn 0.000000 -0.258856 -0.965916
v 0.000603 0.000021 -0.000504
vn 0.000000 -0.258856 -0.965916
v 0.000741 0.000021 -0.000504
vn 0.000000 -0.000010 -1.000000
v 0.000049 0.000028 -0.000505
vn 0.000000 -0.000010 -1.000000
v 0.000187 0.000028 -0.000505
vn 0.000000 -0.000010 -1.000000
v 0.000326 0.000028 -0.000505
vn 0.000000 -0.000010 -1.000000
v 0.000464 0.000028 -0.000505
vn 0.000000 -0.000010 -1.000000
v 0.000603 0.000028 -0.000505
vn 0.000000 -0.000010 -1.000000
v 0.000741 0.000028 -0.000505
vn 0.000000 0.258874 -0.965911
v 0.000049 0.000034 -0.000504
vn 0.000000 0.258874 -0.965911
v 0.000187 0.000034 -0.000504
vn 0.000000 0.258874 -0.965911
v 0.000326 0.000034 -0.000504
vn 0.000000 0.258874 -0.965911
v 0.000464 0.000034 -0.000504
vn 0.000000 0.258874 -0.965911
v 0.000603 0.000034 -0.000504
vn 0.000000 0.258874 -0.965911
v 0.000741 0.000034 -0.000504
vn 0.000000 0.500034 -0.866006
v 0.000049 0.000040 -0.000502
vn 0.000000 0.500034 -0.866006
v 0.000187 0.000040 -0.000502
vn 0.000000 0.500034 -0.866006
v 0.000326 0.000040 -0.000502
vn 0.000000 0.500034 -0.866006
v 0.000464 0.000040 -0.000502
vn 0.000000 0.500034 -0.866006
v 0.000603 0.000040 -0.000502
vn 0.000000 0.500034 -0.866006
v 0.000741 0.000040 -0.000502
vn 0.000000 0.707074 -0.707140
v 0.000049 0.000045 -0.000498
vn 0.000000 0.707074 -0.707140
v 0.000187 0.000045 -0.000498
vn 0.000000 0.707074 -0.707140
v 0.000326 0.000045 -0.000498
vn 0.000000 0.707074 -0.707140
v 0.000464 0.000045 -0.000498
vn 0.000000 0.707074 -0.707140
v 0.000603 0.000045 -0.000498
vn 0.000000 0.707074 -0.707140
v 0.000741 0.000045 -0.000498
vn 0.000000 0.866033 -0.499986
v 0.000049 0.000049 -0.000492
vn 0.000000 0.866034 -0.499986
v 0.000187 0.000049 -0.000492
vn 0.000000 0.866033 -0.499986
v 0.000326 0.000049 -0.000492
vn 0.000000 0.866034 -0.499986
v 0.000464 0.000049 -0.000492
vn 0.000000 0.866033 -0.499986
v 0.000603 0.000049 -0.000492
vn 0.000000 0.866034 -0.499986
v 0.000741 0.000049 -0.000492
vn 0.000000 0.965935 -0.258786
v 0.000049 0.000052 -0.000486
vn 0.000000 0.965935 -0.258786
v 0.000187 0.000052 -0.000486
vn 0.000000 0.965935 -0.258786
v 0.000326 0.000052 -0.000486
vn 0.000000 0.965935 -0.258786
v 0.000464 0.000052 -0.000486
vn 0.000000 0.965935 -0.258786
v 0.000603 0.000052 -0.000486
vn 0.000000 0.965935 -0.258786
v 0.000741 0.000052 -0.000486
vn 0.000000 -0.965935 -0.258784
v 0.000049 0.000396 -0.000486
vn 0.000000 -0.965935 -0.258785
v 0.000187 0.000396 -0.000486
vn 0.000000 -0.965935 -0.258784
v 0.000326 0.000396 -0.000486
vn 0.000000 -0.965935 -0.258784
v 0.000464 0.000396 -0.000486
vn 0.000000 -0.965935 -0.258785
v 0.000603 0.000396 -0.000486
vn 0.000000 -0.965935 -0.258785
v 0.000741 0.000396 -0.000486
vn 0.000000 -0.866034 -0.499986
v 0.000049 0.000398 -0.000492
vn 0.000000 -0.866034 -0.499986
v 0.000187 0.000398 -0.000492
vn 0.000000 -0.866034 -0.499986
v 0.000326 0.000398 -0.000492
vn 0.000000 -0.866034 -0.499986
v 0.000464 0.000398 -0.000492
vn 0.000000 -0.866034 -0.499986
v 0.000603 0.000398 -0.000492
vn 0.000000 -0.866034 -0.499986
v 0.000741 0.000398 -0.000492
vn 0.000000 -0.707073 -0.707140
v 0.000049 0.000402 -0.000498
vn 0.000000 -0.707073 -0.707140
v 0.000187 0.000402 -0.000498
vn 0.000000 -0.707073 -0.707140
v 0.000326 0.000402 -0.000498
vn 0.000000 -0.707073 -0.707140
v 0.000464 0.000402 -0.000498
vn 0.000000 -0.707073 -0.707140
v 0.000603 0.000402 -0.000498
vn 0.000000 -0.707073 -0.707140
v 0.000741 0.000402 -0.000498
vn 0.000000 -0.500009 -0.866020
v 0.000049 0.000408 -0.000502
vn 0.000000 -0.500009 -0.866021
v 0.000187 0.000408 -0.000502
vn 0.000000 -0.500009 -0.866020
v 0.000326 0.000408 -0.000502
vn 0.000000 -0.500009 -0.866021
v 0.000464 0.000408 -0.000502
vn 0.000000 -0.500009 -0.866020
v 0.000603 0.000408 -0.000502
vn 0.000000 -0.500009 -0.866021
v 0.000741 0.000408 -0.000502
vn 0.000000 -0.258856 -0.965916
v 0.000049 0.000414 -0.000504
vn 0.000000 -0.258856 -0.965916
v 0.000187 0.000414 -0.000504
vn 0.000000 -0.258856 -0.965916
v 0.000326 0.000414 -0.000504
vn 0.000000 -0.258856 -0.965916
v 0.000464 0.000414 -0.000504
vn 0.000000 -0.258856 -0.965916
v 0.000603 0.000414 -0.000504
vn 0.000000 -0.258856 -0.965916
v 0.000741 0.000414 -0.000504
vn 0.000000 -0.000010 -1.000000
v 0.000049 0.000420 -0.000505
vn 0.000000 -0.000010 -1.000000
v 0.000187 0.000420 -0.000505
vn 0.000000 -0.000010 -1.000000
v 0.000326 0.000420 -0.000505
vn 0.000000 -0.000010 -1.000000
v 0.000464 0.000420 -0.000505
vn 0.000000 -0.000010 -1.000000
v 0.000603 0.000420 -0.000505
vn 0.000000 -0.000010 -1.000000
v 0.000741 0.000420 -0.000505
vn 0.000000 0.258874 -0.965911
v 0.000049 0.000426 -0.000504
vn 0.000000 0.258874 -0.965911
v 0.000187 0.000426 -0.000504
vn 0.000000 0.258874 -0.965911
v 0.000326 0.000426 -0.000504
vn 0.000000 0.258874 -0.965911
v 0.000464 0.000426 -0.000504
vn 0.000000 0.258874 -0.965911
v 0.000603 0.000426 -0.000504
vn 0.000000 0.258874 -0.965911
v 0.000741 0.000426 -0.000504
vn 0.000000 0.500034 -0.866006
v 0.000049 0.000433 -0.000502
vn 0.000000 0.500034 -0.866006
v 0.000187 0.000433 -0.000502
vn 0.000000 0.500034 -0.866006
v 0.000326 0.000433 -0.000502
vn 0.000000 0.500034 -0.866006
v 0.000464 0.000433 -0.000502
vn 0.000000 0.500034 -0.866006
v 0.000603 0.000433 -0.000502
vn 0.000000 0.500034 -0.866006
v 0.000741 0.000433 -0.000502
vn 0.000000 0.707075 -0.707139
v 0.000049 0.000438 -0.000498
vn 0.000000 0.707075 -0.707139
v 0.000187 0.000438 -0.000498
vn 0.000000 0.707075 -0.707139
v 0.000326 0.000438 -0.000498
vn 0.000000 0.707075 -0.707139
v 0.000464 0.000438 -0.000498
vn 0.000000 0.707075 -0.707139
v 0.000603 0.000438 -0.000498
vn 0.000000 0.707075 -0.707139
v 0.000741 0.000438 -0.000498
vn 0.000000 0.866034 -0.499986
v 0.000049 0.000442 -0.000492
vn 0.000000 0.866034 -0.499986
v 0.000187 0.000442 -0.000492
vn 0.000000 0.866034 -0.499986
v 0.000326 0.000442 -0.000492
vn 0.000000 0.866034 -0.499986
v 0.000464 0.000442 -0.000492
vn 0.000000 0.866034 -0.499986
v 0.000603 0.000442 -0.000492
vn 0.000000 0.866034 -0.499986
v 0.000741 0.000442 -0.000492
vn 0.000000 0.965935 -0.258787
v 0.000049 0.000444 -0.000486
vn 0.000000 0.965935 -0.258787
v 0.000187 0.000444 -0.000486
vn 0.000000 0.965935 -0.258787
v 0.000326 0.000444 -0.000486
vn 0.000000 0.965935 -0.258787
v 0.000464 0.000444 -0.000486
vn 0.000000 0.965935 -0.258787
v 0.000603 0.000444 -0.000486
vn 0.000000 0.965935 -0.258787
v 0.000741 0.000444 -0.000486
vn -0.577350 0.577350 0.577350
v -0.000980 0.000590 0.000370
vn -0.577350 -0.577350 0.577350
v -0.000980 0.000250 0.000370
vn -0.630262 -0.717284 -0.297109
v -0.000980 0.000250 0.000105
vn -0.630262 -0.297109 -0.717284
v -0.000980 0.000325 0.000030
vn -0.630262 0.297109 -0.717284
v -0.000980 0.000515 0.000030
vn -0.630262 0.717284 -0.297109
v -0.000980 0.000590 0.000105
vn -0.577350 0.577350 -0.577350
v -0.000980 0.000590 -0.000390
vn -0.577350 0.577350 0.577350
v -0.000980 0.000590 -0.000050
vn -0.577350 -0.577350 0.577350
v -0.000980 0.000250 -0.000050
vn -0.577350 -0.577350 -0.577350
v -0.000980 0.000250 -0.000390
vn -0.577350 0.577350 -0.577350
v -0.000980 0.000170 0.000030
vn -0.577350 0.577350 0.577350
v -0.000980 0.000170 0.000370
vn -0.577350 -0.577350 0.577350
v -0.000980 -0.000170 0.000370
vn -0.577350 -0.577350 -0.577350
v -0.000980 -0.000170 0.000030
vn -0.630262 -0.297109 -0.717284
v -0.000980 -0.000095 -0.000390
vn -0.630262 0.297109 -0.717284
v -0.000980 0.000095 -0.000390
vn -0.630262 0.717284 -0.297109
v -0.000980 0.000170 -0.000315
vn -0.577350 0.577350 0.577350
v -0.000980 0.000170 -0.000050
vn -0.577350 -0.577350 0.577350
v -0.000980 -0.000170 -0.000050
vn -0.630262 -0.717284 -0.297109
v -0.000980 -0.000170 -0.000315
vn -0.577350 0.577350 -0.577350
v -0.000980 -0.000250 0.000030
vn -0.577350 0.577350 0.577350
v -0.000980 -0.000250 0.000370
vn -0.577350 -0.577350 0.577350
v -0.000980 -0.000590 0.000370
vn -0.577350 -0.577350 -0.577350
v -0.000980 -0.000590 0.000030
vn -0.630262 -0.297109 -0.717284
v -0.000980 -0.000515 -0.000390
vn -0.630262 0.297109 -0.717284
v -0.000980 -0.000325 -0.000390
vn -0.630262 0.717284 -0.297109
v -0.000980 -0.000250 -0.000315
vn -0.577350 0.577350 0.577350
v -0.000980 -0.000250 -0.000050
vn -0.577350 -0.577350 0.577350
v -0.000980 -0.000590 -0.000050
vn -0.630263 -0.717284 -0.297108
v -0.000980 -0.000590 -0.000315
vn -0.174729 0.737706 0.652119
v 0.000013 0.000270 0.000481
vn -0.337584 0.737706 0.584660
v 0.000020 0.000270 0.000484
vn -0.477399 0.737685 0.477399
v 0.000026 0.000270 0.000489
vn -0.584662 0.737711 0.337568
v 0.000031 0.000270 0.000495
vn -0.652130 0.737699 0.174721
v 0.000034 0.000270 0.000502
vn -0.690281 0.722126 0.045237
v 0.000035 0.000270 0.000510
vn -0.577350 0.577351 0.577350
v 0.000035 0.000270 0.000760
vn -0.257981 0.825917 0.501306
v 0.000560 0.000270 0.000760
vn -0.592748 0.782667 0.189955
v 0.000610 0.000270 0.000830
vn -0.577350 0.577350 0.577350
v 0.000610 0.000270 0.000860
vn 0.577350 0.577350 0.577350
v 0.000760 0.000270 0.000860
vn 0.599505 0.582079 -0.549344
v 0.000760 0.000270 0.000669
vn 0.102845 0.721268 -0.684979
v 0.000203 0.000270 0.000620
vn 0.222266 0.735964 -0.639496
v 0.000198 0.000270 0.000619
vn 0.372045 0.735927 -0.565679
v 0.000194 0.000270 0.000617
vn 0.499156 0.735967 -0.457379
v 0.000190 0.000270 0.000614
vn 0.595960 0.735924 -0.321321
v 0.000187 0.000270 0.000610
vn 0.656436 0.735958 -0.165701
v 0.000186 0.000270 0.000605
vn 0.691329 0.721273 -0.042770
v 0.000185 0.000270 0.000600
vn 0.690281 0.722126 0.045237
v 0.000185 0.000270 0.000510
vn 0.652130 0.737699 0.174720
v 0.000186 0.000270 0.000502
vn 0.584662 0.737711 0.337567
v 0.000189 0.000270 0.000495
vn 0.477399 0.737686 0.477399
v 0.000194 0.000270 0.000489
vn 0.337584 0.737706 0.584660
v 0.000200 0.000270 0.000484
vn 0.174729 0.737707 0.652119
v 0.000207 0.000270 0.000481
vn 0.690281 -0.722126 0.045237
v 0.000185 0.000150 0.000510
vn 0.652130 -0.737699 0.174720
v 0.000186 0.000150 0.000502
vn 0.584662 -0.737711 0.337567
v 0.000189 0.000150 0.000495
vn 0.477399 -0.737686 0.477399
v 0.000194 0.000150 0.000489
vn 0.337584 -0.737706 0.584660
v 0.000200 0.000150 0.000484
vn 0.174729 -0.737706 0.652119
v 0.000207 0.000150 0.000481
vn 0.065408 -0.013897 -0.997762
v 0.000318 0.000150 0.000630
vn -0.707107 -0.000000 -0.707107
v 0.000035 0.000150 0.000630
vn -0.690281 -0.722126 0.045237
v 0.000035 0.000150 0.000510
vn -0.652130 -0.737699 0.174721
v 0.000034 0.000150 0.000502
vn -0.584662 -0.737711 0.337568
v 0.000031 0.000150 0.000495
vn -0.477399 -0.737685 0.477399
v 0.000026 0.000150 0.000489
vn -0.337584 -0.737706 0.584660
v 0.000020 0.000150 0.000484
vn -0.174729 -0.737706 0.652119
v 0.000013 0.000150 0.000481
vn 0.691329 -0.721273 -0.042770
v 0.000185 0.000150 0.000600
vn 0.656436 -0.735958 -0.165701
v 0.000186 0.000150 0.000605
vn 0.595960 -0.735924 -0.321321
v 0.000187 0.000150 0.000610
vn 0.499156 -0.735967 -0.457379
v 0.000190 0.000150 0.000614
vn 0.372045 -0.735927 -0.565680
v 0.000194 0.000150 0.000617
vn 0.222266 -0.735964 -0.639496
v 0.000198 0.000150 0.000619
vn 0.102845 -0.721268 -0.684979
v 0.000203 0.000150 0.000620
vn 0.174729 -0.737707 0.652119
v 0.000207 -0.000270 0.000481
vn 0.337584 -0.737706 0.584660
v 0.000200 -0.000270 0.000484
vn 0.477399 -0.737686 0.477399
v 0.000194 -0.000270 0.000489
vn 0.584663 -0.737711 0.337568
v 0.000189 -0.000270 0.000495
vn 0.652130 -0.737699 0.174720
v 0.000186 -0.000270 0.000502
vn 0.690281 -0.722126 0.045237
v 0.000185 -0.000270 0.000510
vn 0.691329 -0.721273 -0.042770
v 0.000185 -0.000270 0.000600
vn 0.656436 -0.735958 -0.165701
v 0.000186 -0.000270 0.000605
vn 0.595960 -0.735924 -0.321321
v 0.000187 -0.000270 0.000610
vn 0.499156 -0.735967 -0.457379
v 0.000190 -0.000270 0.000614
vn 0.372045 -0.735927 -0.565679
v 0.000194 -0.000270 0.000617
vn 0.222266 -0.735964 -0.639496
v 0.000198 -0.000270 0.000619
vn 0.102845 -0.721268 -0.684979
v 0.000203 -0.000270 0.000620
vn 0.599504 -0.582079 -0.549344
v 0.000760 -0.000270 0.000669
vn 0.577350 -0.577350 0.577350
v 0.000760 -0.000270 0.000860
vn -0.577351 -0.577350 0.577350
v 0.000610 -0.000270 0.000860
vn -0.592748 -0.782667 0.189955
v 0.000610 -0.000270 0.000830
vn -0.257981 -0.825917 0.501306
v 0.000560 -0.000270 0.000760
vn -0.577350 -0.577351 0.577350
v 0.000035 -0.000270 0.000760
vn -0.690281 -0.722126 0.045237
v 0.000035 -0.000270 0.000510
vn -0.652130 -0.737699 0.174721
v 0.000034 -0.000270 0.000502
vn -0.584662 -0.737712 0.337568
v 0.000031 -0.000270 0.000495
vn -0.477399 -0.737685 0.477399
v 0.000026 -0.000270 0.000489
vn -0.337584 -0.737706 0.584660
v 0.000020 -0.000270 0.000484
vn -0.174729 -0.737706 0.652119
v 0.000013 -0.000270 0.000481
vn -0.690281 0.722126 0.045237
v 0.000035 -0.000150 0.000510
vn -0.652130 0.737699 0.174721
v 0.000034 -0.000150 0.000502
vn -0.584662 0.737711 0.337568
v 0.000031 -0.000150 0.000495
vn -0.477399 0.737685 0.477399
v 0.000026 -0.000150 0.000489
vn -0.337584 0.737706 0.584660
v 0.000020 -0.000150 0.000484
vn -0.174729 0.737706 0.652119
v 0.000013 -0.000150 0.000481
vn 0.102845 0.721268 -0.684979
v 0.000203 -0.000150 0.000620
vn 0.222265 0.735964 -0.639496
v 0.000198 -0.000150 0.000619
vn 0.372045 0.735927 -0.565679
v 0.000194 -0.000150 0.000617
vn 0.499156 0.735967 -0.457379
v 0.000190 -0.000150 0.000614
vn 0.595960 0.735924 -0.321321
v 0.000187 -0.000150 0.000610
vn 0.656436 0.735958 -0.165701
v 0.000186 -0.000150 0.000605
vn 0.691329 0.721273 -0.042770
v 0.000185 -0.000150 0.000600
vn 0.690281 0.722126 0.045237
v 0.000185 -0.000150 0.000510
vn 0.652130 0.737699 0.174720
v 0.000186 -0.000150 0.000502
vn 0.584662 0.737712 0.337567
v 0.000189 -0.000150 0.000495
vn 0.477399 0.737685 0.477399
v 0.000194 -0.000150 0.000489
vn 0.337584 0.737706 0.584660
v 0.000200 -0.000150 0.000484
vn 0.174729 0.737706 0.652119
v 0.000207 -0.000150 0.000481
vn -0.707107 0.000000 -0.707107
v 0.000035 -0.000150 0.000630
vn 0.065408 0.013897 -0.997762
v 0.000318 -0.000150 0.000630
vn -0.301511 0.301511 -0.904534
v -0.000090 -0.000075 -0.000115
vn -0.577350 0.577350 -0.577350
v -0.000090 -0.000080 -0.000115
vn -0.904535 0.301511 -0.301510
v -0.000980 -0.000080 -0.000115
vn -0.904535 -0.301511 -0.301510
v -0.000980 0.000080 -0.000115
vn -0.577350 -0.577350 -0.577350
v -0.000090 0.000080 -0.000115
vn -0.301511 -0.301511 -0.904534
v -0.000090 0.000075 -0.000115
vn -0.577350 -0.577350 -0.577350
v -0.000090 0.000075 -0.000165
vn -0.301511 -0.904534 -0.301511
v 0.000010 0.000075 -0.000165
vn -0.301511 -0.904534 0.301511
v 0.000010 0.000075 -0.000215
vn -0.577350 -0.577350 0.577350
v -0.000090 0.000075 -0.000215
vn -0.804186 -0.549133 0.227458
v -0.000090 0.000075 -0.000252
vn -0.804187 -0.227459 0.549133
v -0.000980 0.000038 -0.000290
vn -0.804187 0.227459 0.549133
v -0.000980 -0.000038 -0.000290
vn -0.804186 0.549133 0.227458
v -0.000090 -0.000075 -0.000252
vn -0.577350 0.577350 0.577350
v -0.000090 -0.000075 -0.000215
vn -0.301511 0.904534 0.301511
v 0.000010 -0.000075 -0.000215
vn -0.301511 0.904534 -0.301512
v 0.000010 -0.000075 -0.000165
vn -0.577350 0.577350 -0.577350
v -0.000090 -0.000075 -0.000165
vn -0.301511 0.301511 -0.904534
v -0.000090 -0.000495 -0.000115
vn -0.577350 0.577350 -0.577350
v -0.000090 -0.000500 -0.000115
vn -0.904535 0.301511 -0.301510
v -0.000980 -0.000500 -0.000115
vn -0.904535 -0.301511 -0.301510
v -0.000980 -0.000340 -0.000115
vn -0.577350 -0.577350 -0.577350
v -0.000090 -0.000340 -0.000115
vn -0.301511 -0.301511 -0.904534
v -0.000090 -0.000345 -0.000115
vn -0.577350 -0.577350 -0.577350
v -0.000090 -0.000345 -0.000165
vn -0.301511 -0.904534 -0.301511
v 0.000010 -0.000345 -0.000165
vn -0.301511 -0.904534 0.301511
v 0.000010 -0.000345 -0.000215
vn -0.577350 -0.577350 0.577350
v -0.000090 -0.000345 -0.000215
vn -0.804186 -0.549133 0.227458
v -0.000090 -0.000345 -0.000252
vn -0.804187 -0.227459 0.549133
v -0.000980 -0.000383 -0.000290
vn -0.804187 0.227459 0.549132
v -0.000980 -0.000458 -0.000290
vn -0.804186 0.549133 0.227458
v -0.000090 -0.000495 -0.000252
vn -0.577350 0.577350 0.577350
v -0.000090 -0.000495 -0.000215
vn -0.301511 0.904534 0.301511
v 0.000010 -0.000495 -0.000215
vn -0.301511 0.904534 -0.301512
v 0.000010 -0.000495 -0.000165
vn -0.577350 0.577350 -0.577350
v -0.000090 -0.000495 -0.000165
vn -0.804186 0.549133 0.227458
v -0.000090 0.000345 0.000168
vn -0.577350 0.577350 0.577350
v -0.000090 0.000345 0.000205
vn -0.301511 0.904534 0.301511
v 0.000010 0.000345 0.000205
vn -0.301511 0.904534 -0.301512
v 0.000010 0.000345 0.000255
vn -0.577350 0.577350 -0.577350
v -0.000090 0.000345 0.000255
vn -0.301511 0.301511 -0.904534
v -0.000090 0.000345 0.000305
vn -0.577350 0.577350 -0.577350
v -0.000090 0.000340 0.000305
vn -0.904535 0.301511 -0.301510
v -0.000980 0.000340 0.000305
vn -0.904535 -0.301511 -0.301510
v -0.000980 0.000500 0.000305
vn -0.577350 -0.577350 -0.577350
v -0.000090 0.000500 0.000305
vn -0.301511 -0.301511 -0.904534
v -0.000090 0.000495 0.000305
vn -0.577350 -0.577350 -0.577350
v -0.000090 0.000495 0.000255
vn -0.301511 -0.904534 -0.301511
v 0.000010 0.000495 0.000255
vn -0.301511 -0.904534 0.301511
v 0.000010 0.000495 0.000205
vn -0.577350 -0.577350 0.577350
v -0.000090 0.000495 0.000205
vn -0.804186 -0.549133 0.227458
v -0.000090 0.000495 0.000168
vn -0.804186 -0.227458 0.549133
v -0.000980 0.000458 0.000130
vn -0.804186 0.227458 0.549133
v -0.000980 0.000383 0.000130
vn -0.804186 0.549133 0.227458
v -0.000090 -0.000075 0.000168
vn -0.577350 0.577350 0.577350
v -0.000090 -0.000075 0.000205
vn -0.301511 0.904534 0.301511
v 0.000010 -0.000075 0.000205
vn -0.301511 0.904534 -0.301512
v 0.000010 -0.000075 0.000255
vn -0.577350 0.577350 -0.577350
v -0.000090 -0.000075 0.000255
vn -0.301511 0.301511 -0.904534
v -0.000090 -0.000075 0.000305
vn -0.577350 0.577350 -0.577350
v -0.000090 -0.000080 0.000305
vn -0.904535 0.301511 -0.301510
v -0.000980 -0.000080 0.000305
vn -0.904535 -0.301511 -0.301510
v -0.000980 0.000080 0.000305
vn -0.577350 -0.577350 -0.577350
v -0.000090 0.000080 0.000305
vn -0.301511 -0.301511 -0.904534
v -0.000090 0.000075 0.000305
vn -0.577350 -0.577350 -0.577350
v -0.000090 0.000075 0.000255
vn -0.301511 -0.904534 -0.301511
v 0.000010 0.000075 0.000255
vn -0.301511 -0.904534 0.301511
v 0.000010 0.000075 0.000205
vn -0.577350 -0.577350 0.577350
v -0.000090 0.000075 0.000205
vn -0.804186 -0.549133 0.227458
v -0.000090 0.000075 0.000168
vn -0.804186 -0.227458 0.549133
v -0.000980 0.000038 0.000130
vn -0.804186 0.227458 0.549133
v -0.000980 -0.000038 0.000130
vn -0.804186 0.549133 0.227458
v -0.000090 -0.000495 0.000168
vn -0.577350 0.577350 0.577350
v -0.000090 -0.000495 0.000205
vn -0.301511 0.904534 0.301511
v 0.000010 -0.000495 0.000205
vn -0.301511 0.904534 -0.301512
v 0.000010 -0.000495 0.000255
vn -0.577350 0.577350 -0.577350
v -0.000090 -0.000495 0.000255
vn -0.301511 0.301511 -0.904534
v -0.000090 -0.000495 0.000305
vn -0.577350 0.577350 -0.577350
v -0.000090 -0.000500 0.000305
vn -0.904535 0.301511 -0.301510
v -0.000980 -0.000500 0.000305
vn -0.904535 -0.301511 -0.301510
v -0.000980 -0.000340 0.000305
vn -0.577350 -0.577350 -0.577350
v -0.000090 -0.000340 0.000305
vn -0.301511 -0.301511 -0.904534
v -0.000090 -0.000345 0.000305
vn -0.577350 -0.577350 -0.577350
v -0.000090 -0.000345 0.000255
vn -0.301511 -0.904534 -0.301511
v 0.000010 -0.000345 0.000255
vn -0.301511 -0.904534 0.301511
v 0.000010 -0.000345 0.000205
vn -0.577350 -0.577350 0.577350
v -0.000090 -0.000345 0.000205
vn -0.804186 -0.549133 0.227458
v -0.000090 -0.000345 0.000168
vn -0.804186 -0.227458 0.549133
v -0.000980 -0.000383 0.000130
vn -0.804186 0.227458 0.549133
v -0.000980 -0.000458 0.000130
vn -0.301511 0.301511 -0.904534
v -0.000090 0.000345 -0.000115
vn -0.577350 0.577350 -0.577350
v -0.000090 0.000340 -0.000115
vn -0.904535 0.301511 -0.301510
v -0.000980 0.000340 -0.000115
vn -0.904535 -0.301511 -0.301510
v -0.000980 0.000500 -0.000115
vn -0.577350 -0.577350 -0.577350
v -0.000090 0.000500 -0.000115
vn -0.301511 -0.301511 -0.904534
v -0.000090 0.000495 -0.000115
vn -0.577350 -0.577350 -0.577350
v -0.000090 0.000495 -0.000165
vn -0.301511 -0.904534 -0.301511
v 0.000010 0.000495 -0.000165
vn -0.301511 -0.904534 0.301511
v 0.000010 0.000495 -0.000215
vn -0.577350 -0.577350 0.577350
v -0.000090 0.000495 -0.000215
vn -0.804186 -0.549133 0.227458
v -0.000090 0.000495 -0.000252
vn -0.804187 -0.227459 0.549133
v -0.000980 0.000458 -0.000290
vn -0.804187 0.227459 0.549132
v -0.000980 0.000383 -0.000290
vn -0.804186 0.549133 0.227458
v -0.000090 0.000345 -0.000252
vn -0.577350 0.577350 0.577350
v -0.000090 0.000345 -0.000215
vn -0.301511 0.904534 0.301511
v 0.000010 0.000345 -0.000215
vn -0.301511 0.904534 -0.301512
v 0.000010 0.000345 -0.000165
vn -0.577350 0.577350 -0.577350
v -0.000090 0.000345 -0.000165
vn -0.904534 -0.301512 -0.301510
v -0.000980 0.000510 0.000255
vn -0.577350 -0.577350 -0.577350
v -0.000980 0.000500 0.000255
vn -0.577350 0.577350 -0.577350
v -0.000980 0.000340 0.000255
vn -0.904534 0.301512 -0.301510
v -0.000980 0.000330 0.000255
vn -0.904534 0.301511 0.301510
v -0.000980 0.000330 0.000205
vn -0.577350 0.577350 0.577350
v -0.000980 0.000340 0.000205
vn -0.904534 0.301511 0.301511
v -0.000980 0.000340 0.000140
vn -0.630262 0.297109 0.717284
v -0.000980 0.000373 0.000140
vn -0.630262 -0.297109 0.717284
v -0.000980 0.000468 0.000140
vn -0.904534 -0.301511 0.301511
v -0.000980 0.000500 0.000140
vn -0.577350 -0.577350 0.577350
v -0.000980 0.000500 0.000205
vn -0.904534 -0.301511 0.301510
v -0.000980 0.000510 0.000205
vn -0.904534 -0.301511 0.301510
v -0.000980 0.000510 -0.000215
vn -0.904534 -0.301512 -0.301510
v -0.000980 0.000510 -0.000165
vn -0.577350 -0.577350 -0.577350
v -0.000980 0.000500 -0.000165
vn -0.577350 0.577350 -0.577350
v -0.000980 0.000340 -0.000165
vn -0.904534 0.301512 -0.301510
v -0.000980 0.000330 -0.000165
vn -0.904534 0.301511 0.301510
v -0.000980 0.000330 -0.000215
vn -0.577350 0.577350 0.577350
v -0.000980 0.000340 -0.000215
vn -0.904534 0.301511 0.301511
v -0.000980 0.000340 -0.000280
vn -0.630262 0.297109 0.717283
v -0.000980 0.000373 -0.000280
vn -0.630262 -0.297109 0.717283
v -0.000980 0.000468 -0.000280
vn -0.904534 -0.301511 0.301511
v -0.000980 0.000500 -0.000280
vn -0.577350 -0.577350 0.577350
v -0.000980 0.000500 -0.000215
vn -0.904534 -0.301512 -0.301510
v -0.000980 0.000090 0.000255
vn -0.577350 -0.577350 -0.577350
v -0.000980 0.000080 0.000255
vn -0.577350 0.577350 -0.577350
v -0.000980 -0.000080 0.000255
vn -0.904534 0.301512 -0.301510
v -0.000980 -0.000090 0.000255
vn -0.904534 0.301511 0.301510
v -0.000980 -0.000090 0.000205
vn -0.577350 0.577350 0.577350
v -0.000980 -0.000080 0.000205
vn -0.904534 0.301511 0.301511
v -0.000980 -0.000080 0.000140
vn -0.630262 0.297108 0.717284
v -0.000980 -0.000048 0.000140
vn -0.630262 -0.297108 0.717284
v -0.000980 0.000048 0.000140
vn -0.904534 -0.301511 0.301511
v -0.000980 0.000080 0.000140
vn -0.577350 -0.577350 0.577350
v -0.000980 0.000080 0.000205
vn -0.904534 -0.301511 0.301510
v -0.000980 0.000090 0.000205
vn -0.904534 -0.301511 0.301510
v -0.000980 0.000090 -0.000215
vn -0.904534 -0.301512 -0.301510
v -0.000980 0.000090 -0.000165
vn -0.577350 -0.577350 -0.577350
v -0.000980 0.000080 -0.000165
vn -0.577350 0.577350 -0.577350
v -0.000980 -0.000080 -0.000165
vn -0.904534 0.301512 -0.301510
v -0.000980 -0.000090 -0.000165
vn -0.904534 0.301511 0.301510
v -0.000980 -0.000090 -0.000215
vn -0.577350 0.577350 0.577350
v -0.000980 -0.000080 -0.000215
vn -0.904534 0.301511 0.301511
v -0.000980 -0.000080 -0.000280
vn -0.630262 0.297109 0.717283
v -0.000980 -0.000048 -0.000280
vn -0.630262 -0.297109 0.717283
v -0.000980 0.000048 -0.000280
vn -0.904534 -0.301511 0.301511
v -0.000980 0.000080 -0.000280
vn -0.577350 -0.577350 0.577350
v -0.000980 0.000080 -0.000215
vn -0.904534 -0.301512 -0.301510
v -0.000980 -0.000330 0.000255
vn -0.577350 -0.577350 -0.577350
v -0.000980 -0.000340 0.000255
vn -0.577350 0.577350 -0.577350
v -0.000980 -0.000500 0.000255
vn -0.904534 0.301512 -0.301510
v -0.000980 -0.000510 0.000255
vn -0.904534 0.301511 0.301510
v -0.000980 -0.000510 0.000205
vn -0.577350 0.577350 0.577350
v -0.000980 -0.000500 0.000205
vn -0.904534 0.301511 0.301511
v -0.000980 -0.000500 0.000140
vn -0.630262 0.297109 0.717284
v -0.000980 -0.000468 0.000140
vn -0.630262 -0.297109 0.717284
v -0.000980 -0.000373 0.000140
vn -0.904534 -0.301511 0.301511
v -0.000980 -0.000340 0.000140
vn -0.577350 -0.577350 0.577350
v -0.000980 -0.000340 0.000205
vn -0.904534 -0.301511 0.301510
v -0.000980 -0.000330 0.000205
vn -0.904534 -0.301511 0.301510
v -0.000980 -0.000330 -0.000215
vn -0.904534 -0.301512 -0.301510
v -0.000980 -0.000330 -0.000165
vn -0.577350 -0.577350 -0.577350
v -0.000980 -0.000340 -0.000165
vn -0.577350 0.577350 -0.577350
v -0.000980 -0.000500 -0.000165
vn -0.904534 0.301512 -0.301510
v -0.000980 -0.000510 -0.000165
vn -0.904534 0.301511 0.301510
v -0.000980 -0.000510 -0.000215
vn -0.577350 0.577350 0.577350
v -0.000980 -0.000500 -0.000215
vn -0.904534 0.301511 0.301511
v -0.000980 -0.000500 -0.000280
vn -0.630262 0.297109 0.717283
v -0.000980 -0.000468 -0.000280
vn -0.630262 -0.297109 0.717283
v -0.000980 -0.000373 -0.000280
vn -0.904534 -0.301511 0.301511
v -0.000980 -0.000340 -0.000280
vn -0.577350 -0.577350 0.577350
v -0.000980 -0.000340 -0.000215
vn -0.301511 0.904534 0.301511
v 0.000035 0.000150 0.000760
vn -0.360041 0.617165 0.699627
v 0.000560 0.000150 0.000760
vn -0.856843 0.184277 0.481521
v 0.000610 0.000150 0.000830
vn -0.856843 -0.184277 0.481521
v 0.000610 -0.000150 0.000830
vn 0.969587 0.000000 -0.244748
v 0.000186 0.000210 0.000605
vn 0.880212 0.000000 -0.474580
v 0.000187 0.000210 0.000610
vn 0.737287 0.000000 -0.675580
v 0.000190 0.000210 0.000614
vn 0.549501 0.000000 -0.835493
v 0.000194 0.000210 0.000617
vn 0.328299 0.000000 -0.944574
v 0.000198 0.000210 0.000619
vn 0.298175 -0.914570 -0.273228
v -0.000433 -0.000150 0.000630
vn 0.298175 0.914570 -0.273228
v -0.000433 0.000150 0.000630
vn 0.328299 0.000000 -0.944574
v 0.000198 -0.000210 0.000619
vn 0.549501 0.000000 -0.835493
v 0.000194 -0.000210 0.000617
vn 0.737286 0.000000 -0.675580
v 0.000190 -0.000210 0.000614
vn 0.880212 0.000000 -0.474580
v 0.000187 -0.000210 0.000610
vn 0.969587 0.000000 -0.244748
v 0.000186 -0.000210 0.000605
vn -0.360041 -0.617165 0.699627
v 0.000560 -0.000150 0.000760
vn -0.301511 -0.904534 0.301511
v 0.000035 -0.000150 0.000760
vn -0.301512 0.301511 -0.904534
v -0.000090 -0.000080 -0.000165
vn -0.301512 -0.301511 -0.904534
v -0.000090 0.000080 -0.000165
vn -0.577350 -0.577350 -0.577350
v 0.000010 0.000090 -0.000165
vn -0.577350 -0.577350 0.577350
v 0.000010 0.000090 -0.000215
vn -0.301512 -0.301512 0.904534
v -0.000090 0.000080 -0.000215
vn -0.577350 -0.577350 0.577350
v -0.000090 0.000080 -0.000280
vn -0.131340 -0.557228 0.819907
v -0.000090 0.000048 -0.000280
vn -0.131340 0.557228 0.819907
v -0.000090 -0.000048 -0.000280
vn -0.577350 0.577350 0.577350
v -0.000090 -0.000080 -0.000280
vn -0.301512 0.301512 0.904534
v -0.000090 -0.000080 -0.000215
vn -0.577350 0.577350 0.577350
v 0.000010 -0.000090 -0.000215
vn -0.577350 0.577350 -0.577350
v 0.000010 -0.000090 -0.000165
vn -0.301512 0.301512 -0.904534
v -0.000090 -0.000500 -0.000165
vn -0.301512 -0.301512 -0.904534
v -0.000090 -0.000340 -0.000165
vn -0.577350 -0.577350 -0.577350
v 0.000010 -0.000330 -0.000165
vn -0.577350 -0.577350 0.577350
v 0.000010 -0.000330 -0.000215
vn -0.301512 -0.301512 0.904534
v -0.000090 -0.000340 -0.000215
vn -0.577350 -0.577350 0.577350
v -0.000090 -0.000340 -0.000280
vn -0.131340 -0.557228 0.819907
v -0.000090 -0.000373 -0.000280
vn -0.131340 0.557228 0.819907
v -0.000090 -0.000468 -0.000280
vn -0.577350 0.577350 0.577350
v -0.000090 -0.000500 -0.000280
vn -0.301512 0.301512 0.904534
v -0.000090 -0.000500 -0.000215
vn -0.577350 0.577350 0.577350
v 0.000010 -0.000510 -0.000215
vn -0.577350 0.577350 -0.577350
v 0.000010 -0.000510 -0.000165
vn -0.131340 0.557227 0.819907
v -0.000090 0.000373 0.000140
vn -0.577350 0.577350 0.577350
v -0.000090 0.000340 0.000140
vn -0.301512 0.301512 0.904534
v -0.000090 0.000340 0.000205
vn -0.577350 0.577350 0.577350
v 0.000010 0.000330 0.000205
vn -0.577350 0.577350 -0.577350
v 0.000010 0.000330 0.000255
vn -0.301512 0.301512 -0.904534
v -0.000090 0.000340 0.000255
vn -0.301512 -0.301512 -0.904534
v -0.000090 0.000500 0.000255
vn -0.577350 -0.577350 -0.577350
v 0.000010 0.000510 0.000255
vn -0.577350 -0.577350 0.577350
v 0.000010 0.000510 0.000205
vn -0.301512 -0.301512 0.904534
v -0.000090 0.000500 0.000205
vn -0.577350 -0.577350 0.577350
v -0.000090 0.000500 0.000140
vn -0.131340 -0.557227 0.819907
v -0.000090 0.000468 0.000140
vn -0.131340 0.557227 0.819907
v -0.000090 -0.000048 0.000140
vn -0.577350 0.577350 0.577350
v -0.000090 -0.000080 0.000140
vn -0.301512 0.301512 0.904534
v -0.000090 -0.000080 0.000205
vn -0.577350 0.577350 0.577350
v 0.000010 -0.000090 0.000205
vn -0.577350 0.577350 -0.577350
v 0.000010 -0.000090 0.000255
vn -0.301512 0.301511 -0.904534
v -0.000090 -0.000080 0.000255
vn -0.301512 -0.301511 -0.904534
v -0.000090 0.000080 0.000255
vn -0.577350 -0.577350 -0.577350
v 0.000010 0.000090 0.000255
vn -0.577350 -0.577350 0.577350
v 0.000010 0.000090 0.000205
vn -0.301512 -0.301512 0.904534
v -0.000090 0.000080 0.000205
vn -0.577350 -0.577350 0.577350
v -0.000090 0.000080 0.000140
vn -0.131340 -0.557227 0.819907
v -0.000090 0.000048 0.000140
vn -0.131340 0.557227 0.819907
v -0.000090 -0.000468 0.000140
vn -0.577350 0.577350 0.577350
v -0.000090 -0.000500 0.000140
vn -0.301512 0.301512 0.904534
v -0.000090 -0.000500 0.000205
vn -0.577350 0.577350 0.577350
v 0.000010 -0.000510 0.000205
vn -0.577350 0.577350 -0.577350
v 0.000010 -0.000510 0.000255
vn -0.301512 0.301512 -0.904534
v -0.000090 -0.000500 0.000255
vn -0.301512 -0.301512 -0.904534
v -0.000090 -0.000340 0.000255
vn -0.577350 -0.577350 -0.577350
v 0.000010 -0.000330 0.000255
vn -0.577350 -0.577350 0.577350
v 0.000010 -0.000330 0.000205
vn -0.301512 -0.301512 0.904534
v -0.000090 -0.000340 0.000205
vn -0.577350 -0.577350 0.577350
v -0.000090 -0.000340 0.000140
vn -0.131340 -0.557227 0.819907
v -0.000090 -0.000373 0.000140
vn -0.301512 0.301512 -0.904534
v -0.000090 0.000340 -0.000165
vn -0.301512 -0.301512 -0.904534
v -0.000090 0.000500 -0.000165
vn -0.577350 -0.577350 -0.577350
v 0.000010 0.000510 -0.000165
vn -0.577350 -0.577350 0.577350
v 0.000010 0.000510 -0.000215
vn -0.301512 -0.301512 0.904534
v -0.000090 0.000500 -0.000215
vn -0.577350 -0.577350 0.577350
v -0.000090 0.000500 -0.000280
vn -0.131340 -0.557228 0.819907
v -0.000090 0.000468 -0.000280
vn -0.131340 0.557228 0.819907
v -0.000090 0.000373 -0.000280
vn -0.577350 0.577350 0.577350
v -0.000090 0.000340 -0.000280
vn -0.301512 0.301512 0.904534
v -0.000090 0.000340 -0.000215
vn -0.577350 0.577350 0.577350
v 0.000010 0.000330 -0.000215
vn -0.577350 0.577350 -0.577350
v 0.000010 0.000330 -0.000165
vn 0.604291 0.572900 -0.553732
v -0.000420 0.000150 0.000480
vn -0.297109 0.630263 -0.717284
v -0.000570 0.000150 0.000480
vn -0.717284 0.630262 -0.297109
v -0.000720 0.000150 0.000630
vn -0.717284 0.630262 0.297109
v -0.000720 0.000150 0.000760
vn -0.297109 0.630262 0.717284
v -0.000650 0.000150 0.000830
vn -0.297109 -0.630262 0.717284
v -0.000650 -0.000150 0.000830
vn 0.604291 -0.572900 -0.553732
v -0.000420 -0.000150 0.000480
vn -0.717284 -0.630262 0.297109
v -0.000720 -0.000150 0.000760
vn -0.717284 -0.630262 -0.297109
v -0.000720 -0.000150 0.000630
vn -0.297109 -0.630262 -0.717284
v -0.000570 -0.000150 0.000480
# 1136 vertices, 0 vertices normals


usemtl material_0
vt -0.970000 0.550000
vt -1.070000 0.550000
vt -0.970000 0.480000
f 8/1/8 1/2/1 7/3/7
vt -1.070000 -0.550000
f 7/3/7 1/2/1 2/4/2
vt -0.970000 -0.480000
f 7/3/7 2/4/2 4/5/4
vt -0.970000 -0.550000
f 4/5/4 2/4/2 3/6/3
vt -0.000000 -0.480000
f 4/5/4 5/7/5 7/3/7
vt -0.000000 0.480000
f 7/3/7 5/7/5 6/8/6
vt 1.160000 0.340000
vt 1.060000 0.340000
vt 1.160000 0.030000
f 10/9/10 11/10/11 9/11/9
vt 0.980000 0.090000
f 9/11/9 11/10/11 49/12/49
vt 1.130000 0.000000
f 9/11/9 49/12/49 1/13/1
vt 0.615000 0.090000
f 1/13/1 49/12/49 50/14/50
vt 0.555000 0.090000
f 1/13/1 50/14/50 60/15/60
vt 0.555000 0.450000
f 60/15/60 50/14/50 59/16/59
vt 0.615000 0.450000
f 59/16/59 50/14/50 47/17/47
vt 0.555000 0.510000
f 59/16/59 47/17/47 40/18/40
vt 0.615000 0.510000
f 40/18/40 47/17/47 54/19/54
vt 0.615000 0.870000
f 40/18/40 54/19/54 51/20/51
vt 1.060000 1.040000
vt 0.980000 0.510000
f 12/21/12 53/22/53 11/10/11
vt 0.980000 0.450000
f 11/10/11 53/22/53 48/23/48
f 11/10/11 48/23/48 49/12/49
vt 1.160000 1.040000
vt 1.160000 1.350000
f 13/24/13 14/25/14 12/21/12
vt 0.980000 1.290000
f 12/21/12 14/25/14 56/26/56
vt 0.980000 0.930000
f 12/21/12 56/26/56 57/27/57
vt 1.158978 1.357765
vt 1.155981 1.365000
f 15/28/15 16/29/16 14/25/14
vt 1.151213 1.371213
f 14/25/14 16/29/16 17/30/17
vt 1.145000 1.375981
f 14/25/14 17/30/17 18/31/18
vt 1.137765 1.378978
f 18/31/18 19/32/19 14/25/14
vt 1.130000 1.380000
f 14/25/14 19/32/19 20/33/20
f 14/25/14 20/33/20 56/26/56
vt 0.615000 1.290000
f 56/26/56 20/33/20 55/34/55
vt 0.555000 1.290000
f 55/34/55 20/33/20 43/35/43
vt 0.615000 0.930000
f 55/34/55 43/35/43 58/36/58
vt 0.555000 0.930000
f 58/36/58 43/35/43 44/37/44
f 58/36/58 44/37/44 51/20/51
vt 0.555000 0.870000
f 51/20/51 44/37/44 39/38/39
f 51/20/51 39/38/39 40/18/40
vt 0.030000 1.380000
f 20/33/20 21/39/21 43/35/43
vt 0.200000 1.290000
f 43/35/43 21/39/21 46/40/46
vt 0.000000 1.350000
f 46/40/46 21/39/21 27/41/27
vt 0.200000 0.930000
f 46/40/46 27/41/27 45/42/45
vt 0.200000 0.870000
f 45/42/45 27/41/27 42/43/42
f 45/42/45 42/43/42 44/37/44
f 44/37/44 42/43/42 39/38/39
vt 0.022235 1.378978
f 21/39/21 22/44/22 27/41/27
vt 0.015000 1.375981
f 27/41/27 22/44/22 23/45/23
vt 0.008787 1.371213
f 27/41/27 23/45/23 24/46/24
vt 0.004019 1.365000
f 24/46/24 25/47/25 27/41/27
vt 0.001022 1.357765
f 27/41/27 25/47/25 26/48/26
vt 0.000000 0.030000
f 27/41/27 28/49/28 42/43/42
vt 0.200000 0.510000
f 42/43/42 28/49/28 41/50/41
vt 0.200000 0.450000
f 41/50/41 28/49/28 62/51/62
f 41/50/41 62/51/62 59/16/59
vt 0.001022 0.022235
vt 0.004019 0.015000
f 29/52/29 30/53/30 28/49/28
vt 0.008787 0.008787
f 28/49/28 30/53/30 31/54/31
vt 0.015000 0.004019
f 28/49/28 31/54/31 32/55/32
vt 0.022235 0.001022
f 32/55/32 33/56/33 28/49/28
vt 0.030000 0.000000
f 28/49/28 33/56/33 2/57/2
vt 0.200000 0.090000
f 28/49/28 2/57/2 61/58/61
f 61/58/61 2/57/2 60/15/60
f 60/15/60 2/57/2 1/13/1
vt 1.137765 0.001022
f 1/13/1 34/59/34 9/11/9
vt 1.145000 0.004019
f 9/11/9 34/59/34 35/60/35
vt 1.151213 0.008787
f 9/11/9 35/60/35 36/61/36
vt 1.155981 0.015000
f 36/61/36 37/62/37 9/11/9
vt 1.158978 0.022235
f 9/11/9 37/62/37 38/63/38
f 40/18/40 41/50/41 59/16/59
f 47/17/47 48/23/48 54/19/54
f 54/19/54 48/23/48 53/22/53
f 58/36/58 51/20/51 57/27/57
vt 0.980000 0.870000
f 57/27/57 51/20/51 52/64/52
f 57/27/57 52/64/52 12/21/12
f 12/21/12 52/64/52 53/22/53
f 61/58/61 62/51/62 28/49/28
vt -0.101479 0.000000
vt -0.001479 0.000000
vt -0.101479 0.007854
f 3/65/3 2/66/2 68/67/68
vt -0.001479 0.007854
f 68/67/68 2/66/2 33/68/33
vt -0.001479 0.015708
f 68/67/68 33/68/33 32/69/32
vt -0.101479 0.015708
f 68/67/68 32/69/32 67/70/67
vt -0.001479 0.023562
f 67/70/67 32/69/32 31/71/31
vt -0.101479 0.023562
f 67/70/67 31/71/31 66/72/66
vt -0.101479 0.031416
f 66/72/66 31/71/31 65/73/65
vt -0.001479 0.031416
f 65/73/65 31/71/31 30/74/30
vt -0.101479 0.039270
f 65/73/65 30/74/30 64/75/64
vt -0.001479 0.039270
f 64/75/64 30/74/30 29/76/29
vt -0.101479 0.047124
f 64/75/64 29/76/29 63/77/63
vt -0.001479 0.047124
f 63/77/63 29/76/29 28/78/28
vt 0.100000 1.350000
vt 0.091213 1.371213
vt 0.100000 0.030000
f 69/79/69 72/80/72 63/81/63
vt 0.091213 0.008787
f 63/81/63 72/80/72 66/82/66
vt 0.095981 0.015000
f 63/81/63 66/82/66 65/83/65
vt 0.098978 1.357765
vt 0.095981 1.365000
f 70/84/70 71/85/71 69/79/69
f 69/79/69 71/85/71 72/80/72
vt 0.085000 1.375981
f 72/80/72 73/86/73 66/82/66
vt 0.085000 0.004019
f 66/82/66 73/86/73 67/87/67
vt 0.077765 1.378978
f 67/87/67 73/86/73 74/88/74
vt 0.077765 0.001022
f 67/87/67 74/88/74 68/89/68
vt 0.025000 0.662500
f 68/89/68 74/88/74 135/90/135
vt 0.070000 0.000000
f 68/89/68 135/90/135 3/91/3
vt 0.025000 0.270000
f 3/91/3 135/90/135 148/92/148
vt 0.024148 0.263530
f 3/91/3 148/92/148 149/93/149
vt 0.025000 0.717500
f 135/90/135 74/88/74 122/94/122
vt 0.070000 1.380000
f 122/94/122 74/88/74 75/95/75
vt 0.025000 1.055000
f 122/94/122 75/95/75 109/96/109
vt 0.025000 1.110000
f 109/96/109 75/95/75 96/97/96
vt 0.024148 1.103530
f 109/96/109 96/97/96 97/98/97
vt 0.000000 1.380000
vt 0.024148 1.171470
f 76/99/76 82/100/82 75/95/75
vt 0.025000 1.165000
f 75/95/75 82/100/82 83/101/83
f 75/95/75 83/101/83 96/97/96
vt 0.024148 1.158530
f 96/97/96 83/101/83 84/102/84
vt 0.024148 1.116470
f 96/97/96 84/102/84 95/103/95
vt 0.021651 1.152500
f 95/103/95 84/102/84 85/104/85
vt 0.021651 1.122500
f 95/103/95 85/104/85 94/105/94
vt 0.017678 1.147322
f 94/105/94 85/104/85 86/106/86
vt 0.017678 1.127678
f 94/105/94 86/106/86 93/107/93
vt 0.012500 1.143349
f 93/107/93 86/106/86 87/108/87
vt 0.012500 1.131651
f 93/107/93 87/108/87 92/109/92
vt 0.006470 1.140852
f 92/109/92 87/108/87 88/110/88
vt 0.006470 1.134148
f 92/109/92 88/110/88 91/111/91
vt 0.000000 1.140000
f 91/111/91 88/110/88 89/112/89
vt 0.000000 1.135000
f 91/111/91 89/112/89 90/113/90
vt 0.000000 1.190000
vt 0.006470 1.189148
f 77/114/77 78/115/78 76/99/76
vt 0.012500 1.186651
f 76/99/76 78/115/78 79/116/79
vt 0.017678 1.182678
f 76/99/76 79/116/79 80/117/80
vt 0.021651 1.177500
f 80/117/80 81/118/81 76/99/76
f 76/99/76 81/118/81 82/100/82
vt 0.024148 1.061470
f 109/96/109 97/98/97 108/119/108
vt 0.021651 1.097500
f 108/119/108 97/98/97 98/120/98
vt 0.021651 1.067500
f 108/119/108 98/120/98 107/121/107
vt 0.017678 1.092322
f 107/121/107 98/120/98 99/122/99
vt 0.017678 1.072678
f 107/121/107 99/122/99 106/123/106
vt 0.012500 1.088349
f 106/123/106 99/122/99 100/124/100
vt 0.012500 1.076651
f 106/123/106 100/124/100 105/125/105
vt 0.006470 1.085852
f 105/125/105 100/124/100 101/126/101
vt 0.006470 1.079148
f 105/125/105 101/126/101 104/127/104
vt 0.000000 1.085000
f 104/127/104 101/126/101 102/128/102
vt 0.000000 1.080000
f 104/127/104 102/128/102 103/129/103
vt 0.024148 1.048530
f 109/96/109 110/130/110 122/94/122
vt 0.024148 0.723970
f 122/94/122 110/130/110 121/131/121
vt 0.021651 1.042500
f 121/131/121 110/130/110 111/132/111
vt 0.021651 0.730000
f 121/131/121 111/132/111 120/133/120
vt 0.017678 1.037322
f 120/133/120 111/132/111 112/134/112
vt 0.017678 0.735178
f 120/133/120 112/134/112 119/135/119
vt 0.012500 1.033349
f 119/135/119 112/134/112 113/136/113
vt 0.012500 0.739151
f 119/135/119 113/136/113 118/137/118
vt 0.006470 1.030852
f 118/137/118 113/136/113 114/138/114
vt 0.006470 0.741648
f 118/137/118 114/138/114 117/139/117
vt 0.000000 0.742500
f 117/139/117 114/138/114 116/140/116
vt 0.000000 1.030000
f 116/140/116 114/138/114 115/141/115
vt 0.024148 0.711030
f 122/94/122 123/142/123 135/90/135
vt 0.024148 0.668970
f 135/90/135 123/142/123 134/143/134
vt 0.021651 0.705000
f 134/143/134 123/142/123 124/144/124
vt 0.021651 0.675000
f 134/143/134 124/144/124 133/145/133
vt 0.017678 0.699822
f 133/145/133 124/144/124 125/146/125
vt 0.017678 0.680178
f 133/145/133 125/146/125 132/147/132
vt 0.012500 0.695849
f 132/147/132 125/146/125 126/148/126
vt 0.012500 0.684151
f 132/147/132 126/148/126 131/149/131
vt 0.006470 0.693352
f 131/149/131 126/148/126 127/150/127
vt 0.006470 0.686648
f 131/149/131 127/150/127 130/151/130
vt 0.000000 0.692500
f 130/151/130 127/150/127 128/152/128
vt 0.000000 0.687500
f 130/151/130 128/152/128 129/153/129
vt 0.024148 0.276470
f 148/92/148 135/90/135 147/154/147
vt 0.024148 0.656030
f 147/154/147 135/90/135 136/155/136
vt 0.021651 0.650000
f 147/154/147 136/155/136 137/156/137
vt 0.021651 0.282500
f 147/154/147 137/156/137 146/157/146
vt 0.017678 0.644822
f 146/157/146 137/156/137 138/158/138
vt 0.017678 0.287678
f 146/157/146 138/158/138 145/159/145
vt 0.012500 0.640849
f 145/159/145 138/158/138 139/160/139
vt 0.012500 0.291651
f 145/159/145 139/160/139 144/161/144
vt 0.006470 0.638352
f 144/161/144 139/160/139 140/162/140
vt 0.006470 0.294148
f 144/161/144 140/162/140 143/163/143
vt 0.000000 0.637500
f 143/163/143 140/162/140 141/164/141
vt 0.000000 0.295000
f 143/163/143 141/164/141 142/165/142
vt 0.000000 0.000000
f 3/91/3 149/93/149 4/166/4
vt 0.021651 0.257500
f 4/166/4 149/93/149 150/167/150
vt 0.017678 0.252322
f 4/166/4 150/167/150 151/168/151
vt 0.012500 0.248349
f 151/168/151 152/169/152 4/166/4
vt 0.006470 0.245852
f 4/166/4 152/169/152 153/170/153
vt 0.000000 0.245000
f 4/166/4 153/170/153 154/171/154
vt 0.098978 0.022235
f 65/83/65 64/172/64 63/81/63
vt 0.970000 -0.000000
f 5/166/5 4/173/4 155/171/155
vt 0.970000 0.245000
f 155/171/155 4/173/4 154/174/154
vt 0.966470 1.085852
vt 0.960000 1.135000
vt 0.960000 1.085000
f 157/175/157 168/176/168 156/177/156
vt 0.960000 1.140000
f 156/177/156 168/176/168 169/178/169
vt 0.960000 1.380000
f 156/177/156 169/178/169 182/179/182
vt 0.960000 1.190000
f 182/179/182 169/178/169 181/180/181
vt 0.966470 1.189148
f 181/180/181 169/178/169 180/181/180
vt 0.966470 1.140852
f 180/181/180 169/178/169 170/182/170
vt 0.972500 1.143349
f 180/181/180 170/182/170 171/183/171
vt 0.966470 1.134148
f 168/176/168 157/175/157 167/184/167
vt 0.972500 1.088349
f 167/184/167 157/175/157 158/185/158
vt 0.972500 1.131651
f 167/184/167 158/185/158 166/186/166
vt 0.977678 1.092322
f 166/186/166 158/185/158 159/187/159
vt 0.977678 1.127678
f 166/186/166 159/187/159 165/188/165
vt 0.981651 1.097500
f 165/188/165 159/187/159 160/189/160
vt 0.981651 1.122500
f 165/188/165 160/189/160 164/190/164
vt 0.984148 1.103530
f 164/190/164 160/189/160 161/191/161
vt 0.984148 1.116470
f 164/190/164 161/191/161 163/192/163
vt 0.985000 1.110000
f 163/192/163 161/191/161 162/193/162
vt 0.972500 1.186651
f 180/181/180 171/183/171 179/194/179
vt 0.977678 1.147322
f 179/194/179 171/183/171 172/195/172
vt 0.977678 1.182678
f 179/194/179 172/195/172 178/196/178
vt 0.981651 1.152500
f 178/196/178 172/195/172 173/197/173
vt 0.981651 1.177500
f 178/196/178 173/197/173 177/198/177
vt 0.984148 1.158530
f 177/198/177 173/197/173 174/199/174
vt 0.984148 1.171470
f 177/198/177 174/199/174 176/200/176
vt 0.985000 1.165000
f 176/200/176 174/199/174 175/201/175
vt 0.450000 1.280000
f 183/99/183 258/202/258 182/179/182
vt 0.530000 1.280000
f 182/179/182 258/202/258 263/203/263
vt 0.795000 1.280000
f 182/179/182 263/203/263 264/204/264
vt 0.110000 0.860000
f 6/166/6 247/205/247 183/99/183
vt 0.110000 0.940000
f 183/99/183 247/205/247 256/206/256
vt 0.110000 1.280000
f 183/99/183 256/206/256 257/207/257
vt 0.960000 0.000000
vt 0.530000 0.100000
f 5/208/5 242/209/242 6/166/6
vt 0.375000 0.100000
f 6/166/6 242/209/242 240/210/240
vt 0.110000 0.100000
f 6/166/6 240/210/240 235/211/235
vt 0.870000 0.100000
f 242/209/242 5/208/5 241/212/241
vt 0.960000 0.245000
f 241/212/241 5/208/5 155/213/155
vt 0.870000 0.440000
f 241/212/241 155/213/155 244/214/244
vt 0.981651 0.282500
f 244/214/244 155/213/155 191/215/191
vt 0.870000 0.595000
f 244/214/244 191/215/191 250/216/250
vt 0.870000 0.785000
f 250/216/250 191/215/191 249/217/249
f 249/217/249 191/215/191 182/179/182
vt 0.870000 1.015000
f 249/217/249 182/179/182 260/218/260
vt 0.870000 1.205000
f 260/218/260 182/179/182 259/219/259
f 259/219/259 182/179/182 264/204/264
vt 0.966470 0.245852
f 155/213/155 184/220/184 191/215/191
vt 0.972500 0.248349
f 191/215/191 184/220/184 185/221/185
vt 0.977678 0.252322
f 191/215/191 185/221/185 186/222/186
vt 0.981651 0.257500
f 186/222/186 187/223/187 191/215/191
vt 0.984148 0.263530
f 191/215/191 187/223/187 188/224/188
vt 0.984148 0.276470
f 191/215/191 188/224/188 190/225/190
vt 0.985000 0.270000
f 190/225/190 188/224/188 189/226/189
vt 0.977678 0.287678
f 191/215/191 192/227/192 182/179/182
vt 0.972500 0.291651
f 182/179/182 192/227/192 193/228/193
vt 0.966470 0.294148
f 182/179/182 193/228/193 194/229/194
vt 0.960000 0.295000
f 194/229/194 195/230/195 182/179/182
vt 0.960000 0.637500
f 182/179/182 195/230/195 196/231/196
vt 0.960000 0.692500
f 182/179/182 196/231/196 209/232/209
vt 0.960000 0.687500
f 209/232/209 196/231/196 208/233/208
vt 0.966470 0.686648
f 208/233/208 196/231/196 207/234/207
vt 0.966470 0.638352
f 207/234/207 196/231/196 197/235/197
vt 0.972500 0.640849
f 207/234/207 197/235/197 198/236/198
vt 0.972500 0.684151
f 207/234/207 198/236/198 206/237/206
vt 0.977678 0.644822
f 206/237/206 198/236/198 199/238/199
vt 0.977678 0.680178
f 206/237/206 199/238/199 205/239/205
vt 0.981651 0.650000
f 205/239/205 199/238/199 200/240/200
vt 0.981651 0.675000
f 205/239/205 200/240/200 204/241/204
vt 0.984148 0.656030
f 204/241/204 200/240/200 201/242/201
vt 0.984148 0.668970
f 204/241/204 201/242/201 203/243/203
vt 0.985000 0.662500
f 203/243/203 201/242/201 202/244/202
vt 0.966470 0.693352
vt 0.966470 0.741648
f 210/245/210 220/246/220 209/232/209
vt 0.960000 0.742500
f 209/232/209 220/246/220 221/247/221
vt 0.960000 1.030000
f 209/232/209 221/247/221 222/248/222
vt 0.972500 0.695849
f 210/245/210 211/249/211 220/246/220
vt 0.972500 0.739151
f 220/246/220 211/249/211 219/250/219
vt 0.977678 0.699822
f 219/250/219 211/249/211 212/251/212
vt 0.977678 0.735178
f 219/250/219 212/251/212 218/252/218
vt 0.981651 0.705000
f 218/252/218 212/251/212 213/253/213
vt 0.981651 0.730000
f 218/252/218 213/253/213 217/254/217
vt 0.984148 0.711030
f 217/254/217 213/253/213 214/255/214
vt 0.984148 0.723970
f 217/254/217 214/255/214 216/256/216
vt 0.985000 0.717500
f 216/256/216 214/255/214 215/257/215
vt 0.966470 1.030852
vt 0.966470 1.079148
f 223/258/223 233/259/233 222/248/222
vt 0.960000 1.080000
f 222/248/222 233/259/233 234/260/234
f 222/248/222 234/260/234 156/177/156
vt 0.972500 1.033349
f 223/258/223 224/261/224 233/259/233
vt 0.972500 1.076651
f 233/259/233 224/261/224 232/262/232
vt 0.977678 1.037322
f 232/262/232 224/261/224 225/263/225
vt 0.977678 1.072678
f 232/262/232 225/263/225 231/264/231
vt 0.981651 1.042500
f 231/264/231 225/263/225 226/265/226
vt 0.981651 1.067500
f 231/264/231 226/265/226 230/266/230
vt 0.984148 1.048530
f 230/266/230 226/265/226 227/267/227
vt 0.984148 1.061470
f 230/266/230 227/267/227 229/268/229
vt 0.985000 1.055000
f 229/268/229 227/267/227 228/269/228
vt 0.110000 0.440000
f 235/211/235 236/270/236 6/166/6
vt 0.110000 0.520000
f 6/166/6 236/270/236 246/271/246
f 6/166/6 246/271/246 247/205/247
vt 0.375000 0.440000
f 236/270/236 237/272/237 246/271/246
vt 0.450000 0.520000
f 246/271/246 237/272/237 245/273/245
vt 0.450000 0.365000
f 245/273/245 237/272/237 238/274/238
vt 0.530000 0.440000
f 245/273/245 238/274/238 243/275/243
f 243/275/243 238/274/238 242/209/242
vt 0.450000 0.175000
f 242/209/242 238/274/238 239/276/239
f 242/209/242 239/276/239 240/210/240
vt 0.795000 0.520000
f 244/214/244 251/277/251 243/275/243
vt 0.530000 0.520000
f 243/275/243 251/277/251 252/278/252
f 243/275/243 252/278/252 245/273/245
vt 0.450000 0.860000
f 245/273/245 252/278/252 248/279/248
vt 0.530000 0.860000
f 248/279/248 252/278/252 253/280/253
vt 0.450000 0.940000
f 248/279/248 253/280/253 255/281/255
vt 0.530000 0.940000
f 255/281/255 253/280/253 262/282/262
f 255/281/255 262/282/262 258/202/258
f 258/202/258 262/282/262 263/203/263
f 247/205/247 248/279/248 256/206/256
f 256/206/256 248/279/248 255/281/255
f 250/216/250 251/277/251 244/214/244
vt 0.795000 0.860000
f 253/280/253 254/283/254 262/282/262
vt 0.795000 0.940000
f 262/282/262 254/283/254 261/284/261
f 261/284/261 254/283/254 249/217/249
f 261/284/261 249/217/249 260/218/260
f 257/207/257 258/202/258 183/99/183
f 156/177/156 182/179/182 222/248/222
f 222/248/222 182/179/182 209/232/209
vt 0.100000 0.340000
vt 0.100000 0.000000
vt 0.765000 0.420000
f 267/285/267 7/286/7 269/287/269
vt 1.070000 0.000000
f 269/287/269 7/286/7 6/288/6
vt 0.975000 0.420000
f 269/287/269 6/288/6 268/289/268
vt 0.975000 0.540000
f 268/289/268 6/288/6 271/290/271
vt 0.975000 0.840000
f 271/290/271 6/288/6 274/291/274
vt 0.765000 0.840000
f 271/290/271 274/291/274 275/292/275
vt 1.070000 1.380000
f 6/288/6 183/293/183 274/291/274
vt 0.975000 0.960000
f 274/291/274 183/293/183 273/294/273
vt 0.765000 0.960000
f 273/294/273 183/293/183 272/295/272
vt 0.100000 1.380000
f 272/295/272 183/293/183 265/296/265
vt 0.100000 1.040000
f 272/295/272 265/296/265 266/297/266
vt -0.000000 1.040000
f 12/298/12 267/285/267 266/297/266
f 266/297/266 267/285/267 275/292/275
f 266/297/266 275/292/275 272/295/272
vt -0.000000 0.340000
f 12/298/12 11/299/11 267/285/267
vt 0.765000 0.540000
f 269/287/269 270/300/270 267/285/267
f 267/285/267 270/300/270 275/292/275
f 270/300/270 271/290/271 275/292/275
vt -0.960000 0.000000
vt -0.960000 0.340000
vt -1.030000 0.000000
f 7/301/7 267/302/267 8/303/8
vt -1.060000 0.340000
f 8/303/8 267/302/267 276/304/276
vt -1.060000 0.030000
f 8/303/8 276/304/276 277/305/277
vt -1.058978 0.022235
vt -1.055981 0.015000
f 278/306/278 279/307/279 277/305/277
vt -1.051213 0.008787
f 277/305/277 279/307/279 280/308/280
vt -1.045000 0.004019
f 277/305/277 280/308/280 281/309/281
vt -1.037765 0.001022
f 281/309/281 282/310/282 277/305/277
f 277/305/277 282/310/282 8/303/8
vt -0.002308 0.000000
vt -0.002308 0.007854
vt -0.102308 0.000000
f 8/311/8 282/312/282 1/313/1
vt -0.102308 0.007854
f 1/313/1 282/312/282 34/314/34
vt -0.102308 0.015708
f 34/314/34 282/312/282 35/315/35
vt -0.002308 0.015708
f 35/315/35 282/312/282 281/316/281
vt -0.102308 0.023562
f 35/315/35 281/316/281 36/317/36
vt -0.002308 0.023562
f 36/317/36 281/316/281 280/318/280
vt -0.102308 0.031416
f 36/317/36 280/318/280 37/319/37
vt -0.002308 0.031416
f 37/319/37 280/318/280 279/320/279
vt -0.102308 0.039270
f 37/319/37 279/320/279 38/321/38
vt -0.002308 0.039270
f 38/321/38 279/320/279 278/322/278
vt -0.102308 0.047124
f 38/321/38 278/322/278 9/323/9
vt -0.002308 0.047124
f 9/323/9 278/322/278 277/324/277
vt 0.310000 0.100000
vt -0.000000 0.100000
vt 0.310000 0.000000
f 277/325/277 276/326/276 9/327/9
f 9/327/9 276/326/276 10/166/10
f 11/166/11 10/286/10 267/326/267
vt 0.100000 0.100000
f 267/326/267 10/286/10 276/328/276
f 266/328/266 283/326/283 12/286/12
f 12/286/12 283/326/283 13/166/13
vt 0.340000 0.000000
vt 0.030000 0.100000
f 14/57/14 13/329/13 284/330/284
vt 0.340000 0.100000
f 284/330/284 13/329/13 283/331/283
vt -0.101565 -0.000000
vt -0.001565 -0.000000
vt -0.101565 0.007854
f 14/332/14 284/333/284 15/334/15
vt -0.001565 0.007854
f 15/334/15 284/333/284 285/335/285
vt -0.001565 0.015708
f 15/334/15 285/335/285 286/336/286
vt -0.001565 0.023562
vt -0.101565 0.023562
f 287/337/287 17/338/17 286/336/286
vt -0.101565 0.015708
f 286/336/286 17/338/17 16/339/16
f 286/336/286 16/339/16 15/334/15
vt -0.101565 0.031416
f 17/338/17 287/337/287 18/340/18
vt -0.001565 0.031416
f 18/340/18 287/337/287 288/341/288
vt -0.101565 0.039270
f 18/340/18 288/341/288 19/342/19
vt -0.001565 0.039270
f 19/342/19 288/341/288 289/343/289
vt -0.101565 0.047124
f 19/342/19 289/343/289 20/344/20
vt -0.001565 0.047124
f 20/344/20 289/343/289 290/345/290
vt 0.970000 0.550000
vt 0.970000 0.480000
vt 1.070000 0.550000
f 290/346/290 265/347/265 20/348/20
vt 1.070000 -0.550000
f 20/348/20 265/347/265 21/349/21
vt 0.970000 -0.480000
f 21/349/21 265/347/265 76/350/76
vt 0.970000 -0.550000
f 21/349/21 76/350/76 75/351/75
f 265/347/265 183/8/183 76/350/76
f 76/350/76 183/8/183 182/7/182
vt -0.101538 -0.000000
vt -0.001538 -0.000000
vt -0.101538 0.007854
f 21/352/21 75/353/75 22/354/22
vt -0.001538 0.007854
f 22/354/22 75/353/75 74/355/74
vt -0.101538 0.015708
f 22/354/22 74/355/74 23/356/23
vt -0.001538 0.015708
f 23/356/23 74/355/74 73/357/73
vt -0.101538 0.023562
f 23/356/23 73/357/73 24/358/24
vt -0.001538 0.023562
f 24/358/24 73/357/73 72/359/72
vt -0.101538 0.031416
f 24/358/24 72/359/72 25/360/25
vt -0.001538 0.031416
f 25/360/25 72/359/72 71/361/71
vt -0.101538 0.039270
f 25/360/25 71/361/71 26/362/26
vt -0.001538 0.039270
f 26/362/26 71/361/71 70/363/70
vt -0.101538 0.047124
f 26/362/26 70/363/70 27/364/27
vt -0.001538 0.047124
f 27/364/27 70/363/70 69/365/69
f 27/79/27 69/41/69 28/81/28
f 28/81/28 69/41/69 63/49/63
vt -0.180000 0.067268
vt -0.075000 -0.067268
vt 0.180000 0.067268
f 39/366/39 291/367/291 40/368/40
vt 0.075000 -0.067268
f 40/368/40 291/367/291 292/369/292
vt -0.087500 -0.072500
vt 0.050000 -0.072500
vt -0.177500 0.072500
f 292/370/292 293/371/293 40/372/40
vt 0.177500 0.072500
f 40/372/40 293/371/293 41/373/41
vt 0.087500 -0.072500
f 41/373/41 293/371/293 294/374/294
vt -0.037500 -0.067268
f 294/367/294 295/375/295 41/366/41
vt 0.037500 -0.067268
f 41/366/41 295/375/295 296/376/296
f 41/366/41 296/376/296 42/368/42
f 42/368/42 296/376/296 297/369/297
vt -0.050000 -0.072500
f 297/370/297 298/377/298 42/372/42
f 42/372/42 298/377/298 39/373/39
f 39/373/39 298/377/298 291/374/291
f 43/366/43 299/367/299 44/368/44
f 44/368/44 299/367/299 300/369/300
f 300/370/300 301/371/301 44/372/44
f 44/372/44 301/371/301 45/373/45
f 45/373/45 301/371/301 302/374/302
f 302/367/302 303/375/303 45/366/45
f 45/366/45 303/375/303 304/376/304
f 45/366/45 304/376/304 46/368/46
f 46/368/46 304/376/304 305/369/305
f 305/370/305 306/377/306 46/372/46
f 46/372/46 306/377/306 43/373/43
f 43/373/43 306/377/306 299/374/299
vt -0.182500 0.072500
f 307/370/307 308/377/308 47/378/47
vt 0.182500 0.072500
f 47/378/47 308/377/308 48/379/48
f 48/379/48 308/377/308 309/374/309
vt -0.180000 0.068966
vt -0.075000 -0.068966
vt 0.180000 0.068966
f 48/380/48 309/381/309 49/382/49
vt 0.075000 -0.068966
f 49/382/49 309/381/309 310/383/310
f 310/370/310 311/371/311 49/378/49
f 49/378/49 311/371/311 50/379/50
f 50/379/50 311/371/311 312/374/312
vt -0.037500 -0.068966
f 312/381/312 313/384/313 50/380/50
f 50/380/50 313/384/313 47/382/47
vt 0.037500 -0.068966
f 47/382/47 313/384/313 314/385/314
f 47/382/47 314/385/314 307/383/307
f 315/370/315 316/377/316 51/378/51
f 51/378/51 316/377/316 52/379/52
f 52/379/52 316/377/316 317/374/317
f 52/380/52 317/381/317 53/382/53
f 53/382/53 317/381/317 318/383/318
f 318/370/318 319/371/319 53/378/53
f 53/378/53 319/371/319 54/379/54
f 54/379/54 319/371/319 320/374/320
f 320/381/320 321/384/321 54/380/54
f 54/380/54 321/384/321 322/385/322
f 54/380/54 322/385/322 51/382/51
f 51/382/51 322/385/322 315/383/315
f 323/370/323 324/377/324 55/378/55
f 55/378/55 324/377/324 56/379/56
f 56/379/56 324/377/324 325/374/325
f 56/380/56 325/381/325 57/382/57
f 57/382/57 325/381/325 326/383/326
f 326/370/326 327/371/327 57/378/57
f 57/378/57 327/371/327 58/379/58
f 58/379/58 327/371/327 328/374/328
f 328/381/328 329/384/329 58/380/58
f 58/380/58 329/384/329 330/385/330
f 58/380/58 330/385/330 55/382/55
f 55/382/55 330/385/330 323/383/323
f 59/366/59 331/367/331 60/368/60
f 60/368/60 331/367/331 332/369/332
f 332/370/332 333/371/333 60/372/60
f 60/372/60 333/371/333 61/373/61
f 61/373/61 333/371/333 334/374/334
f 334/367/334 335/375/335 61/366/61
f 61/366/61 335/375/335 336/376/336
f 61/366/61 336/376/336 62/368/62
f 62/368/62 336/376/336 337/369/337
f 337/370/337 338/377/338 62/372/62
f 62/372/62 338/377/338 59/373/59
f 59/373/59 338/377/338 331/374/331
vt 0.970000 1.380000
vt 0.970000 1.190000
f 76/386/76 182/99/182 77/387/77
f 77/387/77 182/99/182 181/114/181
vt -0.000000 0.006545
vt -0.138571 0.006545
f 180/388/180 339/389/339 181/166/181
vt -0.277143 0.006545
f 181/166/181 339/389/339 340/390/340
vt -0.415714 0.006545
f 181/166/181 340/390/340 341/391/341
vt -0.415714 0.013090
f 341/391/341 340/390/340 347/392/347
vt -0.554286 0.013090
f 341/391/341 347/392/347 348/393/348
vt -0.554286 0.019635
f 348/393/348 347/392/347 354/394/354
vt -0.692857 0.019635
f 348/393/348 354/394/354 355/395/355
vt -0.692857 0.026180
f 355/395/355 354/394/354 361/396/361
vt -0.831429 0.026180
f 355/395/355 361/396/361 362/397/362
vt -0.831429 0.032725
f 362/397/362 361/396/361 368/398/368
vt -0.970000 0.032725
f 362/397/362 368/398/368 82/399/82
vt -0.970000 0.039270
f 82/399/82 368/398/368 83/400/83
vt -0.831429 0.039270
f 83/400/83 368/398/368 374/401/374
vt -0.970000 0.045815
f 83/400/83 374/401/374 84/402/84
vt -0.831429 0.045815
f 84/402/84 374/401/374 380/403/380
vt -0.970000 0.052360
f 84/402/84 380/403/380 85/404/85
vt -0.831429 0.052360
f 85/404/85 380/403/380 386/405/386
vt -0.970000 0.058905
f 85/404/85 386/405/386 86/406/86
vt -0.831429 0.058905
f 86/406/86 386/405/386 392/407/392
vt -0.970000 0.065450
f 86/406/86 392/407/392 87/408/87
vt -0.831429 0.065450
f 87/408/87 392/407/392 398/409/398
vt -0.970000 0.071995
f 87/408/87 398/409/398 88/410/88
vt -0.831429 0.071995
f 88/410/88 398/409/398 404/411/404
vt -0.970000 0.078540
f 88/410/88 404/411/404 89/412/89
vt -0.692857 0.071995
f 89/412/89 404/411/404 403/413/403
vt -0.554286 0.071995
f 89/412/89 403/413/403 402/414/402
vt -0.554286 0.065450
f 402/414/402 403/413/403 396/415/396
vt -0.415714 0.065450
f 402/414/402 396/415/396 395/416/395
vt -0.415714 0.058905
f 395/416/395 396/415/396 389/417/389
vt -0.277143 0.058905
f 395/416/395 389/417/389 388/418/388
vt -0.277143 0.052360
f 388/418/388 389/417/389 382/419/382
vt -0.138571 0.052360
f 388/418/388 382/419/382 381/420/381
vt -0.138571 0.045815
f 381/420/381 382/419/382 375/421/375
vt 0.000000 0.045815
f 381/420/381 375/421/375 174/422/174
vt 0.000000 0.039270
f 174/422/174 375/421/375 175/423/175
vt -0.138571 0.039270
f 175/423/175 375/421/375 369/424/369
vt -0.000000 0.032725
f 175/423/175 369/424/369 176/425/176
vt -0.138571 0.032725
f 176/425/176 369/424/369 363/426/363
vt -0.000000 0.026180
f 176/425/176 363/426/363 177/427/177
vt -0.138571 0.026180
f 177/427/177 363/426/363 357/428/357
vt -0.000000 0.019635
f 177/427/177 357/428/357 178/429/178
vt -0.138571 0.019635
f 178/429/178 357/428/357 351/430/351
vt -0.000000 0.013090
f 178/429/178 351/430/351 179/431/179
vt -0.138571 0.013090
f 179/431/179 351/430/351 345/432/345
f 179/431/179 345/432/345 180/388/180
f 180/388/180 345/432/345 339/389/339
vt 0.000000 0.052360
f 174/422/174 173/433/173 381/420/381
vt -0.138571 0.058905
f 381/420/381 173/433/173 387/434/387
f 381/420/381 387/434/387 388/418/388
vt -0.277143 0.065450
f 388/418/388 387/434/387 394/435/394
f 388/418/388 394/435/394 395/416/395
vt -0.415714 0.071995
f 395/416/395 394/435/394 401/436/401
f 395/416/395 401/436/401 402/414/402
f 402/414/402 401/436/401 89/412/89
vt 0.000000 0.058905
f 173/433/173 172/437/172 387/434/387
vt -0.138571 0.065450
f 387/434/387 172/437/172 393/438/393
f 387/434/387 393/438/393 394/435/394
vt -0.277143 0.071995
f 394/435/394 393/438/393 400/439/400
f 394/435/394 400/439/400 401/436/401
vt 0.000000 0.078540
f 401/436/401 400/439/400 169/440/169
f 401/436/401 169/440/169 89/412/89
vt 0.000000 0.065450
f 172/437/172 171/441/171 393/438/393
vt -0.138571 0.071995
f 393/438/393 171/441/171 399/442/399
f 393/438/393 399/442/399 400/439/400
f 400/439/400 399/442/399 169/440/169
vt 0.000000 0.071995
f 171/441/171 170/443/170 399/442/399
f 399/442/399 170/443/170 169/440/169
vt -0.970000 0.026180
f 82/399/82 81/444/81 362/397/362
vt -0.831429 0.019635
f 362/397/362 81/444/81 356/445/356
f 362/397/362 356/445/356 355/395/355
vt -0.692857 0.013090
f 355/395/355 356/445/356 349/446/349
f 355/395/355 349/446/349 348/393/348
vt -0.554286 0.006545
f 348/393/348 349/446/349 342/447/342
f 348/393/348 342/447/342 341/391/341
f 341/391/341 342/447/342 181/166/181
vt -0.970000 0.019635
f 81/444/81 80/448/80 356/445/356
vt -0.831429 0.013090
f 356/445/356 80/448/80 350/449/350
f 356/445/356 350/449/350 349/446/349
vt -0.692857 0.006545
f 349/446/349 350/449/350 343/450/343
f 349/446/349 343/450/343 342/447/342
vt -0.970000 0.000000
f 342/447/342 343/450/343 77/451/77
f 342/447/342 77/451/77 181/166/181
vt -0.970000 0.013090
f 80/448/80 79/452/79 350/449/350
vt -0.831429 0.006545
f 350/449/350 79/452/79 344/453/344
f 350/449/350 344/453/344 343/450/343
f 343/450/343 344/453/344 77/451/77
vt -0.970000 0.006545
f 79/452/79 78/454/78 344/453/344
f 344/453/344 78/454/78 77/451/77
vt -0.277143 0.013090
f 340/390/340 339/389/339 346/455/346
f 346/455/346 339/389/339 345/432/345
vt -0.277143 0.019635
f 346/455/346 345/432/345 352/456/352
f 352/456/352 345/432/345 351/430/351
vt -0.277143 0.026180
f 352/456/352 351/430/351 358/457/358
f 358/457/358 351/430/351 357/428/357
vt -0.277143 0.032725
f 358/457/358 357/428/357 364/458/364
f 364/458/364 357/428/357 363/426/363
vt -0.277143 0.039270
f 364/458/364 363/426/363 370/459/370
f 370/459/370 363/426/363 369/424/369
vt -0.277143 0.045815
f 370/459/370 369/424/369 376/460/376
f 376/460/376 369/424/369 375/421/375
f 376/460/376 375/421/375 382/419/382
f 340/390/340 346/455/346 347/392/347
vt -0.415714 0.019635
f 347/392/347 346/455/346 353/461/353
f 347/392/347 353/461/353 354/394/354
vt -0.554286 0.026180
f 354/394/354 353/461/353 360/462/360
f 354/394/354 360/462/360 361/396/361
vt -0.692857 0.032725
f 361/396/361 360/462/360 367/463/367
f 361/396/361 367/463/367 368/398/368
f 368/398/368 367/463/367 374/401/374
f 353/461/353 346/455/346 352/456/352
vt -0.415714 0.026180
f 353/461/353 352/456/352 359/464/359
f 359/464/359 352/456/352 358/457/358
vt -0.415714 0.032725
f 359/464/359 358/457/358 365/465/365
f 365/465/365 358/457/358 364/458/364
vt -0.415714 0.039270
f 365/465/365 364/458/364 371/466/371
f 371/466/371 364/458/364 370/459/370
vt -0.415714 0.045815
f 371/466/371 370/459/370 377/467/377
f 377/467/377 370/459/370 376/460/376
vt -0.415714 0.052360
f 377/467/377 376/460/376 383/468/383
f 383/468/383 376/460/376 382/419/382
f 383/468/383 382/419/382 389/417/389
f 353/461/353 359/464/359 360/462/360
vt -0.554286 0.032725
f 360/462/360 359/464/359 366/469/366
f 360/462/360 366/469/366 367/463/367
vt -0.692857 0.039270
f 367/463/367 366/469/366 373/470/373
f 367/463/367 373/470/373 374/401/374
f 374/401/374 373/470/373 380/403/380
f 366/469/366 359/464/359 365/465/365
vt -0.554286 0.039270
f 366/469/366 365/465/365 372/471/372
f 372/471/372 365/465/365 371/466/371
vt -0.554286 0.045815
f 372/471/372 371/466/371 378/472/378
f 378/472/378 371/466/371 377/467/377
vt -0.554286 0.052360
f 378/472/378 377/467/377 384/473/384
f 384/473/384 377/467/377 383/468/383
vt -0.554286 0.058905
f 384/473/384 383/468/383 390/474/390
f 390/474/390 383/468/383 389/417/389
f 390/474/390 389/417/389 396/415/396
f 366/469/366 372/471/372 373/470/373
vt -0.692857 0.045815
f 373/470/373 372/471/372 379/475/379
f 373/470/373 379/475/379 380/403/380
f 380/403/380 379/475/379 386/405/386
f 379/475/379 372/471/372 378/472/378
vt -0.692857 0.052360
f 379/475/379 378/472/378 385/476/385
f 385/476/385 378/472/378 384/473/384
vt -0.692857 0.058905
f 385/476/385 384/473/384 391/477/391
f 391/477/391 384/473/384 390/474/390
vt -0.692857 0.065450
f 391/477/391 390/474/390 397/478/397
f 397/478/397 390/474/390 396/415/396
f 397/478/397 396/415/396 403/413/403
f 392/407/392 386/405/386 385/476/385
f 385/476/385 386/405/386 379/475/379
f 392/407/392 385/476/385 391/477/391
f 398/409/398 392/407/392 391/477/391
f 398/409/398 391/477/391 397/478/397
f 404/411/404 398/409/398 397/478/397
f 404/411/404 397/478/397 403/413/403
vt 0.970000 1.140000
f 169/112/169 168/113/168 89/479/89
vt 0.970000 1.135000
f 89/479/89 168/113/168 90/480/90
f 167/388/167 405/389/405 168/166/168
f 168/166/168 405/389/405 406/390/406
f 168/166/168 406/390/406 407/391/407
f 407/391/407 406/390/406 413/392/413
f 407/391/407 413/392/413 414/393/414
f 414/393/414 413/392/413 420/394/420
f 414/393/414 420/394/420 421/395/421
f 421/395/421 420/394/420 427/396/427
f 421/395/421 427/396/427 428/397/428
f 428/397/428 427/396/427 434/398/434
f 428/397/428 434/398/434 95/399/95
f 95/399/95 434/398/434 96/400/96
f 96/400/96 434/398/434 440/401/440
f 96/400/96 440/401/440 97/402/97
f 97/402/97 440/401/440 446/403/446
f 97/402/97 446/403/446 98/404/98
f 98/404/98 446/403/446 452/405/452
f 98/404/98 452/405/452 99/406/99
f 99/406/99 452/405/452 458/407/458
f 99/406/99 458/407/458 100/408/100
f 100/408/100 458/407/458 464/409/464
f 100/408/100 464/409/464 101/410/101
f 101/410/101 464/409/464 470/411/470
f 101/410/101 470/411/470 102/412/102
f 102/412/102 470/411/470 469/413/469
f 102/412/102 469/413/469 468/414/468
f 468/414/468 469/413/469 462/415/462
f 468/414/468 462/415/462 461/416/461
f 461/416/461 462/415/462 455/417/455
f 461/416/461 455/417/455 454/418/454
f 454/418/454 455/417/455 448/419/448
f 454/418/454 448/419/448 447/420/447
f 447/420/447 448/419/448 441/421/441
f 447/420/447 441/421/441 161/422/161
f 161/422/161 441/421/441 162/423/162
f 162/423/162 441/421/441 435/424/435
f 162/423/162 435/424/435 163/425/163
f 163/425/163 435/424/435 429/426/429
f 163/425/163 429/426/429 164/427/164
f 164/427/164 429/426/429 423/428/423
f 164/427/164 423/428/423 165/429/165
f 165/429/165 423/428/423 417/430/417
f 165/429/165 417/430/417 166/431/166
f 166/431/166 417/430/417 411/432/411
f 166/431/166 411/432/411 167/388/167
f 167/388/167 411/432/411 405/389/405
f 161/422/161 160/433/160 447/420/447
f 447/420/447 160/433/160 453/434/453
f 447/420/447 453/434/453 454/418/454
f 454/418/454 453/434/453 460/435/460
f 454/418/454 460/435/460 461/416/461
f 461/416/461 460/435/460 467/436/467
f 461/416/461 467/436/467 468/414/468
f 468/414/468 467/436/467 102/412/102
f 160/433/160 159/437/159 453/434/453
f 453/434/453 159/437/159 459/438/459
f 453/434/453 459/438/459 460/435/460
f 460/435/460 459/438/459 466/439/466
f 460/435/460 466/439/466 467/436/467
f 467/436/467 466/439/466 156/440/156
f 467/436/467 156/440/156 102/412/102
f 159/437/159 158/441/158 459/438/459
f 459/438/459 158/441/158 465/442/465
f 459/438/459 465/442/465 466/439/466
f 466/439/466 465/442/465 156/440/156
f 158/441/158 157/443/157 465/442/465
f 465/442/465 157/443/157 156/440/156
f 95/399/95 94/444/94 428/397/428
f 428/397/428 94/444/94 422/445/422
f 428/397/428 422/445/422 421/395/421
f 421/395/421 422/445/422 415/446/415
f 421/395/421 415/446/415 414/393/414
f 414/393/414 415/446/415 408/447/408
f 414/393/414 408/447/408 407/391/407
f 407/391/407 408/447/408 168/166/168
f 94/444/94 93/448/93 422/445/422
f 422/445/422 93/448/93 416/449/416
f 422/445/422 416/449/416 415/446/415
f 415/446/415 416/449/416 409/450/409
f 415/446/415 409/450/409 408/447/408
f 408/447/408 409/450/409 90/451/90
f 408/447/408 90/451/90 168/166/168
f 93/448/93 92/452/92 416/449/416
f 416/449/416 92/452/92 410/453/410
f 416/449/416 410/453/410 409/450/409
f 409/450/409 410/453/410 90/451/90
f 92/452/92 91/454/91 410/453/410
f 410/453/410 91/454/91 90/451/90
f 406/390/406 405/389/405 412/455/412
f 412/455/412 405/389/405 411/432/411
f 412/455/412 411/432/411 418/456/418
f 418/456/418 411/432/411 417/430/417
f 418/456/418 417/430/417 424/457/424
f 424/457/424 417/430/417 423/428/423
f 424/457/424 423/428/423 430/458/430
f 430/458/430 423/428/423 429/426/429
f 430/458/430 429/426/429 436/459/436
f 436/459/436 429/426/429 435/424/435
f 436/459/436 435/424/435 442/460/442
f 442/460/442 435/424/435 441/421/441
f 442/460/442 441/421/441 448/419/448
f 406/390/406 412/455/412 413/392/413
f 413/392/413 412/455/412 419/461/419
f 413/392/413 419/461/419 420/394/420
f 420/394/420 419/461/419 426/462/426
f 420/394/420 426/462/426 427/396/427
f 427/396/427 426/462/426 433/463/433
f 427/396/427 433/463/433 434/398/434
f 434/398/434 433/463/433 440/401/440
f 419/461/419 412/455/412 418/456/418
f 419/461/419 418/456/418 425/464/425
f 425/464/425 418/456/418 424/457/424
f 425/464/425 424/457/424 431/465/431
f 431/465/431 424/457/424 430/458/430
f 431/465/431 430/458/430 437/466/437
f 437/466/437 430/458/430 436/459/436
f 437/466/437 436/459/436 443/467/443
f 443/467/443 436/459/436 442/460/442
f 443/467/443 442/460/442 449/468/449
f 449/468/449 442/460/442 448/419/448
f 449/468/449 448/419/448 455/417/455
f 419/461/419 425/464/425 426/462/426
f 426/462/426 425/464/425 432/469/432
f 426/462/426 432/469/432 433/463/433
f 433/463/433 432/469/432 439/470/439
f 433/463/433 439/470/439 440/401/440
f 440/401/440 439/470/439 446/403/446
f 432/469/432 425/464/425 431/465/431
f 432/469/432 431/465/431 438/471/438
f 438/471/438 431/465/431 437/466/437
f 438/471/438 437/466/437 444/472/444
f 444/472/444 437/466/437 443/467/443
f 444/472/444 443/467/443 450/473/450
f 450/473/450 443/467/443 449/468/449
f 450/473/450 449/468/449 456/474/456
f 456/474/456 449/468/449 455/417/455
f 456/474/456 455/417/455 462/415/462
f 432/469/432 438/471/438 439/470/439
f 439/470/439 438/471/438 445/475/445
f 439/470/439 445/475/445 446/403/446
f 446/403/446 445/475/445 452/405/452
f 445/475/445 438/471/438 444/472/444
f 445/475/445 444/472/444 451/476/451
f 451/476/451 444/472/444 450/473/450
f 451/476/451 450/473/450 457/477/457
f 457/477/457 450/473/450 456/474/456
f 457/477/457 456/474/456 463/478/463
f 463/478/463 456/474/456 462/415/462
f 463/478/463 462/415/462 469/413/469
f 458/407/458 452/405/452 451/476/451
f 451/476/451 452/405/452 445/475/445
f 458/407/458 451/476/451 457/477/457
f 464/409/464 458/407/458 457/477/457
f 464/409/464 457/477/457 463/478/463
f 470/411/470 464/409/464 463/478/463
f 470/411/470 463/478/463 469/413/469
vt 0.970000 1.080000
f 234/129/234 103/481/103 156/128/156
vt 0.970000 1.085000
f 156/128/156 103/481/103 102/482/102
f 233/388/233 471/389/471 234/166/234
f 234/166/234 471/389/471 472/390/472
f 234/166/234 472/390/472 473/391/473
f 473/391/473 472/390/472 479/392/479
f 473/391/473 479/392/479 480/393/480
f 480/393/480 479/392/479 486/394/486
f 480/393/480 486/394/486 487/395/487
f 487/395/487 486/394/486 493/396/493
f 487/395/487 493/396/493 494/397/494
f 494/397/494 493/396/493 500/398/500
f 494/397/494 500/398/500 108/399/108
f 108/399/108 500/398/500 109/400/109
f 109/400/109 500/398/500 506/401/506
f 109/400/109 506/401/506 110/402/110
f 110/402/110 506/401/506 512/403/512
f 110/402/110 512/403/512 111/404/111
f 111/404/111 512/403/512 518/405/518
f 111/404/111 518/405/518 112/406/112
f 112/406/112 518/405/518 524/407/524
f 112/406/112 524/407/524 113/408/113
f 113/408/113 524/407/524 530/409/530
f 113/408/113 530/409/530 114/410/114
f 114/410/114 530/409/530 536/411/536
f 114/410/114 536/411/536 115/412/115
f 115/412/115 536/411/536 535/413/535
f 115/412/115 535/413/535 534/414/534
f 534/414/534 535/413/535 528/415/528
f 534/414/534 528/415/528 527/416/527
f 527/416/527 528/415/528 521/417/521
f 527/416/527 521/417/521 520/418/520
f 520/418/520 521/417/521 514/419/514
f 520/418/520 514/419/514 513/420/513
f 513/420/513 514/419/514 507/421/507
f 513/420/513 507/421/507 227/422/227
f 227/422/227 507/421/507 228/423/228
f 228/423/228 507/421/507 501/424/501
f 228/423/228 501/424/501 229/425/229
f 229/425/229 501/424/501 495/426/495
f 229/425/229 495/426/495 230/427/230
f 230/427/230 495/426/495 489/428/489
f 230/427/230 489/428/489 231/429/231
f 231/429/231 489/428/489 483/430/483
f 231/429/231 483/430/483 232/431/232
f 232/431/232 483/430/483 477/432/477
f 232/431/232 477/432/477 233/388/233
f 233/388/233 477/432/477 471/389/471
f 227/422/227 226/433/226 513/420/513
f 513/420/513 226/433/226 519/434/519
f 513/420/513 519/434/519 520/418/520
f 520/418/520 519/434/519 526/435/526
f 520/418/520 526/435/526 527/416/527
f 527/416/527 526/435/526 533/436/533
f 527/416/527 533/436/533 534/414/534
f 534/414/534 533/436/533 115/412/115
f 226/433/226 225/437/225 519/434/519
f 519/434/519 225/437/225 525/438/525
f 519/434/519 525/438/525 526/435/526
f 526/435/526 525/438/525 532/439/532
f 526/435/526 532/439/532 533/436/533
f 533/436/533 532/439/532 222/440/222
f 533/436/533 222/440/222 115/412/115
f 225/437/225 224/441/224 525/438/525
f 525/438/525 224/441/224 531/442/531
f 525/438/525 531/442/531 532/439/532
f 532/439/532 531/442/531 222/440/222
f 224/441/224 223/443/223 531/442/531
f 531/442/531 223/443/223 222/440/222
f 108/399/108 107/444/107 494/397/494
f 494/397/494 107/444/107 488/445/488
f 494/397/494 488/445/488 487/395/487
f 487/395/487 488/445/488 481/446/481
f 487/395/487 481/446/481 480/393/480
f 480/393/480 481/446/481 474/447/474
f 480/393/480 474/447/474 473/391/473
f 473/391/473 474/447/474 234/166/234
f 107/444/107 106/448/106 488/445/488
f 488/445/488 106/448/106 482/449/482
f 488/445/488 482/449/482 481/446/481
f 481/446/481 482/449/482 475/450/475
f 481/446/481 475/450/475 474/447/474
f 474/447/474 475/450/475 103/451/103
f 474/447/474 103/451/103 234/166/234
f 106/448/106 105/452/105 482/449/482
f 482/449/482 105/452/105 476/453/476
f 482/449/482 476/453/476 475/450/475
f 475/450/475 476/453/476 103/451/103
f 105/452/105 104/454/104 476/453/476
f 476/453/476 104/454/104 103/451/103
f 472/390/472 471/389/471 478/455/478
f 478/455/478 471/389/471 477/432/477
f 478/455/478 477/432/477 484/456/484
f 484/456/484 477/432/477 483/430/483
f 484/456/484 483/430/483 490/457/490
f 490/457/490 483/430/483 489/428/489
f 490/457/490 489/428/489 496/458/496
f 496/458/496 489/428/489 495/426/495
f 496/458/496 495/426/495 502/459/502
f 502/459/502 495/426/495 501/424/501
f 502/459/502 501/424/501 508/460/508
f 508/460/508 501/424/501 507/421/507
f 508/460/508 507/421/507 514/419/514
f 472/390/472 478/455/478 479/392/479
f 479/392/479 478/455/478 485/461/485
f 479/392/479 485/461/485 486/394/486
f 486/394/486 485/461/485 492/462/492
f 486/394/486 492/462/492 493/396/493
f 493/396/493 492/462/492 499/463/499
f 493/396/493 499/463/499 500/398/500
f 500/398/500 499/463/499 506/401/506
f 485/461/485 478/455/478 484/456/484
f 485/461/485 484/456/484 491/464/491
f 491/464/491 484/456/484 490/457/490
f 491/464/491 490/457/490 497/465/497
f 497/465/497 490/457/490 496/458/496
f 497/465/497 496/458/496 503/466/503
f 503/466/503 496/458/496 502/459/502
f 503/466/503 502/459/502 509/467/509
f 509/467/509 502/459/502 508/460/508
f 509/467/509 508/460/508 515/468/515
f 515/468/515 508/460/508 514/419/514
f 515/468/515 514/419/514 521/417/521
f 485/461/485 491/464/491 492/462/492
f 492/462/492 491/464/491 498/469/498
f 492/462/492 498/469/498 499/463/499
f 499/463/499 498/469/498 505/470/505
f 499/463/499 505/470/505 506/401/506
f 506/401/506 505/470/505 512/403/512
f 498/469/498 491/464/491 497/465/497
f 498/469/498 497/465/497 504/471/504
f 504/471/504 497/465/497 503/466/503
f 504/471/504 503/466/503 510/472/510
f 510/472/510 503/466/503 509/467/509
f 510/472/510 509/467/509 516/473/516
f 516/473/516 509/467/509 515/468/515
f 516/473/516 515/468/515 522/474/522
f 522/474/522 515/468/515 521/417/521
f 522/474/522 521/417/521 528/415/528
f 498/469/498 504/471/504 505/470/505
f 505/470/505 504/471/504 511/475/511
f 505/470/505 511/475/511 512/403/512
f 512/403/512 511/475/511 518/405/518
f 511/475/511 504/471/504 510/472/510
f 511/475/511 510/472/510 517/476/517
f 517/476/517 510/472/510 516/473/516
f 517/476/517 516/473/516 523/477/523
f 523/477/523 516/473/516 522/474/522
f 523/477/523 522/474/522 529/478/529
f 529/478/529 522/474/522 528/415/528
f 529/478/529 528/415/528 535/413/535
f 524/407/524 518/405/518 517/476/517
f 517/476/517 518/405/518 511/475/511
f 524/407/524 517/476/517 523/477/523
f 530/409/530 524/407/524 523/477/523
f 530/409/530 523/477/523 529/478/529
f 536/411/536 530/409/530 529/478/529
f 536/411/536 529/478/529 535/413/535
vt 0.970000 1.030000
f 222/141/222 221/140/221 115/483/115
vt 0.970000 0.742500
f 115/483/115 221/140/221 116/484/116
f 220/388/220 537/389/537 221/166/221
f 221/166/221 537/389/537 538/390/538
f 221/166/221 538/390/538 539/391/539
f 539/391/539 538/390/538 545/392/545
f 539/391/539 545/392/545 546/393/546
f 546/393/546 545/392/545 552/394/552
f 546/393/546 552/394/552 553/395/553
f 553/395/553 552/394/552 559/396/559
f 553/395/553 559/396/559 560/397/560
f 560/397/560 559/396/559 566/398/566
f 560/397/560 566/398/566 121/399/121
f 121/399/121 566/398/566 122/400/122
f 122/400/122 566/398/566 572/401/572
f 122/400/122 572/401/572 123/402/123
f 123/402/123 572/401/572 578/403/578
f 123/402/123 578/403/578 124/404/124
f 124/404/124 578/403/578 584/405/584
f 124/404/124 584/405/584 125/406/125
f 125/406/125 584/405/584 590/407/590
f 125/406/125 590/407/590 126/408/126
f 126/408/126 590/407/590 596/409/596
f 126/408/126 596/409/596 127/410/127
f 127/410/127 596/409/596 602/411/602
f 127/410/127 602/411/602 128/412/128
f 128/412/128 602/411/602 601/413/601
f 128/412/128 601/413/601 600/414/600
f 600/414/600 601/413/601 594/415/594
f 600/414/600 594/415/594 593/416/593
f 593/416/593 594/415/594 587/417/587
f 593/416/593 587/417/587 586/418/586
f 586/418/586 587/417/587 580/419/580
f 586/418/586 580/419/580 579/420/579
f 579/420/579 580/419/580 573/421/573
f 579/420/579 573/421/573 214/422/214
f 214/422/214 573/421/573 215/423/215
f 215/423/215 573/421/573 567/424/567
f 215/423/215 567/424/567 216/425/216
f 216/425/216 567/424/567 561/426/561
f 216/425/216 561/426/561 217/427/217
f 217/427/217 561/426/561 555/428/555
f 217/427/217 555/428/555 218/429/218
f 218/429/218 555/428/555 549/430/549
f 218/429/218 549/430/549 219/431/219
f 219/431/219 549/430/549 543/432/543
f 219/431/219 543/432/543 220/388/220
f 220/388/220 543/432/543 537/389/537
f 214/422/214 213/433/213 579/420/579
f 579/420/579 213/433/213 585/434/585
f 579/420/579 585/434/585 586/418/586
f 586/418/586 585/434/585 592/435/592
f 586/418/586 592/435/592 593/416/593
f 593/416/593 592/435/592 599/436/599
f 593/416/593 599/436/599 600/414/600
f 600/414/600 599/436/599 128/412/128
f 213/433/213 212/437/212 585/434/585
f 585/434/585 212/437/212 591/438/591
f 585/434/585 591/438/591 592/435/592
f 592/435/592 591/438/591 598/439/598
f 592/435/592 598/439/598 599/436/599
f 599/436/599 598/439/598 209/440/209
f 599/436/599 209/440/209 128/412/128
f 212/437/212 211/441/211 591/438/591
f 591/438/591 211/441/211 597/442/597
f 591/438/591 597/442/597 598/439/598
f 598/439/598 597/442/597 209/440/209
f 211/441/211 210/443/210 597/442/597
f 597/442/597 210/443/210 209/440/209
f 121/399/121 120/444/120 560/397/560
f 560/397/560 120/444/120 554/445/554
f 560/397/560 554/445/554 553/395/553
f 553/395/553 554/445/554 547/446/547
f 553/395/553 547/446/547 546/393/546
f 546/393/546 547/446/547 540/447/540
f 546/393/546 540/447/540 539/391/539
f 539/391/539 540/447/540 221/166/221
f 120/444/120 119/448/119 554/445/554
f 554/445/554 119/448/119 548/449/548
f 554/445/554 548/449/548 547/446/547
f 547/446/547 548/449/548 541/450/541
f 547/446/547 541/450/541 540/447/540
f 540/447/540 541/450/541 116/451/116
f 540/447/540 116/451/116 221/166/221
f 119/448/119 118/452/118 548/449/548
f 548/449/548 118/452/118 542/453/542
f 548/449/548 542/453/542 541/450/541
f 541/450/541 542/453/542 116/451/116
f 118/452/118 117/454/117 542/453/542
f 542/453/542 117/454/117 116/451/116
f 538/390/538 537/389/537 544/455/544
f 544/455/544 537/389/537 543/432/543
f 544/455/544 543/432/543 550/456/550
f 550/456/550 543/432/543 549/430/549
f 550/456/550 549/430/549 556/457/556
f 556/457/556 549/430/549 555/428/555
f 556/457/556 555/428/555 562/458/562
f 562/458/562 555/428/555 561/426/561
f 562/458/562 561/426/561 568/459/568
f 568/459/568 561/426/561 567/424/567
f 568/459/568 567/424/567 574/460/574
f 574/460/574 567/424/567 573/421/573
f 574/460/574 573/421/573 580/419/580
f 538/390/538 544/455/544 545/392/545
f 545/392/545 544/455/544 551/461/551
f 545/392/545 551/461/551 552/394/552
f 552/394/552 551/461/551 558/462/558
f 552/394/552 558/462/558 559/396/559
f 559/396/559 558/462/558 565/463/565
f 559/396/559 565/463/565 566/398/566
f 566/398/566 565/463/565 572/401/572
f 551/461/551 544/455/544 550/456/550
f 551/461/551 550/456/550 557/464/557
f 557/464/557 550/456/550 556/457/556
f 557/464/557 556/457/556 563/465/563
f 563/465/563 556/457/556 562/458/562
f 563/465/563 562/458/562 569/466/569
f 569/466/569 562/458/562 568/459/568
f 569/466/569 568/459/568 575/467/575
f 575/467/575 568/459/568 574/460/574
f 575/467/575 574/460/574 581/468/581
f 581/468/581 574/460/574 580/419/580
f 581/468/581 580/419/580 587/417/587
f 551/461/551 557/464/557 558/462/558
f 558/462/558 557/464/557 564/469/564
f 558/462/558 564/469/564 565/463/565
f 565/463/565 564/469/564 571/470/571
f 565/463/565 571/470/571 572/401/572
f 572/401/572 571/470/571 578/403/578
f 564/469/564 557/464/557 563/465/563
f 564/469/564 563/465/563 570/471/570
f 570/471/570 563/465/563 569/466/569
f 570/471/570 569/466/569 576/472/576
f 576/472/576 569/466/569 575/467/575
f 576/472/576 575/467/575 582/473/582
f 582/473/582 575/467/575 581/468/581
f 582/473/582 581/468/581 588/474/588
f 588/474/588 581/468/581 587/417/587
f 588/474/588 587/417/587 594/415/594
f 564/469/564 570/471/570 571/470/571
f 571/470/571 570/471/570 577/475/577
f 571/470/571 577/475/577 578/403/578
f 578/403/578 577/475/577 584/405/584
f 577/475/577 570/471/570 576/472/576
f 577/475/577 576/472/576 583/476/583
f 583/476/583 576/472/576 582/473/582
f 583/476/583 582/473/582 589/477/589
f 589/477/589 582/473/582 588/474/588
f 589/477/589 588/474/588 595/478/595
f 595/478/595 588/474/588 594/415/594
f 595/478/595 594/415/594 601/413/601
f 590/407/590 584/405/584 583/476/583
f 583/476/583 584/405/584 577/475/577
f 590/407/590 583/476/583 589/477/589
f 596/409/596 590/407/590 589/477/589
f 596/409/596 589/477/589 595/478/595
f 602/411/602 596/409/596 595/478/595
f 602/411/602 595/478/595 601/413/601
vt 0.970000 0.687500
vt 0.970000 0.692500
f 129/485/129 128/486/128 208/153/208
f 208/153/208 128/486/128 209/152/209
f 207/388/207 603/389/603 208/166/208
f 208/166/208 603/389/603 604/390/604
f 208/166/208 604/390/604 605/391/605
f 605/391/605 604/390/604 611/392/611
f 605/391/605 611/392/611 612/393/612
f 612/393/612 611/392/611 618/394/618
f 612/393/612 618/394/618 619/395/619
f 619/395/619 618/394/618 625/396/625
f 619/395/619 625/396/625 626/397/626
f 626/397/626 625/396/625 632/398/632
f 626/397/626 632/398/632 134/399/134
f 134/399/134 632/398/632 135/400/135
f 135/400/135 632/398/632 638/401/638
f 135/400/135 638/401/638 136/402/136
f 136/402/136 638/401/638 644/403/644
f 136/402/136 644/403/644 137/404/137
f 137/404/137 644/403/644 650/405/650
f 137/404/137 650/405/650 138/406/138
f 138/406/138 650/405/650 656/407/656
f 138/406/138 656/407/656 139/408/139
f 139/408/139 656/407/656 662/409/662
f 139/408/139 662/409/662 140/410/140
f 140/410/140 662/409/662 668/411/668
f 140/410/140 668/411/668 141/412/141
f 141/412/141 668/411/668 667/413/667
f 141/412/141 667/413/667 666/414/666
f 666/414/666 667/413/667 660/415/660
f 666/414/666 660/415/660 659/416/659
f 659/416/659 660/415/660 653/417/653
f 659/416/659 653/417/653 652/418/652
f 652/418/652 653/417/653 646/419/646
f 652/418/652 646/419/646 645/420/645
f 645/420/645 646/419/646 639/421/639
f 645/420/645 639/421/639 201/422/201
f 201/422/201 639/421/639 202/423/202
f 202/423/202 639/421/639 633/424/633
f 202/423/202 633/424/633 203/425/203
f 203/425/203 633/424/633 627/426/627
f 203/425/203 627/426/627 204/427/204
f 204/427/204 627/426/627 621/428/621
f 204/427/204 621/428/621 205/429/205
f 205/429/205 621/428/621 615/430/615
f 205/429/205 615/430/615 206/431/206
f 206/431/206 615/430/615 609/432/609
f 206/431/206 609/432/609 207/388/207
f 207/388/207 609/432/609 603/389/603
f 201/422/201 200/433/200 645/420/645
f 645/420/645 200/433/200 651/434/651
f 645/420/645 651/434/651 652/418/652
f 652/418/652 651/434/651 658/435/658
f 652/418/652 658/435/658 659/416/659
f 659/416/659 658/435/658 665/436/665
f 659/416/659 665/436/665 666/414/666
f 666/414/666 665/436/665 141/412/141
f 200/433/200 199/437/199 651/434/651
f 651/434/651 199/437/199 657/438/657
f 651/434/651 657/438/657 658/435/658
f 658/435/658 657/438/657 664/439/664
f 658/435/658 664/439/664 665/436/665
f 665/436/665 664/439/664 196/440/196
f 665/436/665 196/440/196 141/412/141
f 199/437/199 198/441/198 657/438/657
f 657/438/657 198/441/198 663/442/663
f 657/438/657 663/442/663 664/439/664
f 664/439/664 663/442/663 196/440/196
f 198/441/198 197/443/197 663/442/663
f 663/442/663 197/443/197 196/440/196
f 134/399/134 133/444/133 626/397/626
f 626/397/626 133/444/133 620/445/620
f 626/397/626 620/445/620 619/395/619
f 619/395/619 620/445/620 613/446/613
f 619/395/619 613/446/613 612/393/612
f 612/393/612 613/446/613 606/447/606
f 612/393/612 606/447/606 605/391/605
f 605/391/605 606/447/606 208/166/208
f 133/444/133 132/448/132 620/445/620
f 620/445/620 132/448/132 614/449/614
f 620/445/620 614/449/614 613/446/613
f 613/446/613 614/449/614 607/450/607
f 613/446/613 607/450/607 606/447/606
f 606/447/606 607/450/607 129/451/129
f 606/447/606 129/451/129 208/166/208
f 132/448/132 131/452/131 614/449/614
f 614/449/614 131/452/131 608/453/608
f 614/449/614 608/453/608 607/450/607
f 607/450/607 608/453/608 129/451/129
f 131/452/131 130/454/130 608/453/608
f 608/453/608 130/454/130 129/451/129
f 604/390/604 603/389/603 610/455/610
f 610/455/610 603/389/603 609/432/609
f 610/455/610 609/432/609 616/456/616
f 616/456/616 609/432/609 615/430/615
f 616/456/616 615/430/615 622/457/622
f 622/457/622 615/430/615 621/428/621
f 622/457/622 621/428/621 628/458/628
f 628/458/628 621/428/621 627/426/627
f 628/458/628 627/426/627 634/459/634
f 634/459/634 627/426/627 633/424/633
f 634/459/634 633/424/633 640/460/640
f 640/460/640 633/424/633 639/421/639
f 640/460/640 639/421/639 646/419/646
f 604/390/604 610/455/610 611/392/611
f 611/392/611 610/455/610 617/461/617
f 611/392/611 617/461/617 618/394/618
f 618/394/618 617/461/617 624/462/624
f 618/394/618 624/462/624 625/396/625
f 625/396/625 624/462/624 631/463/631
f 625/396/625 631/463/631 632/398/632
f 632/398/632 631/463/631 638/401/638
f 617/461/617 610/455/610 616/456/616
f 617/461/617 616/456/616 623/464/623
f 623/464/623 616/456/616 622/457/622
f 623/464/623 622/457/622 629/465/629
f 629/465/629 622/457/622 628/458/628
f 629/465/629 628/458/628 635/466/635
f 635/466/635 628/458/628 634/459/634
f 635/466/635 634/459/634 641/467/641
f 641/467/641 634/459/634 640/460/640
f 641/467/641 640/460/640 647/468/647
f 647/468/647 640/460/640 646/419/646
f 647/468/647 646/419/646 653/417/653
f 617/461/617 623/464/623 624/462/624
f 624/462/624 623/464/623 630/469/630
f 624/462/624 630/469/630 631/463/631
f 631/463/631 630/469/630 637/470/637
f 631/463/631 637/470/637 638/401/638
f 638/401/638 637/470/637 644/403/644
f 630/469/630 623/464/623 629/465/629
f 630/469/630 629/465/629 636/471/636
f 636/471/636 629/465/629 635/466/635
f 636/471/636 635/466/635 642/472/642
f 642/472/642 635/466/635 641/467/641
f 642/472/642 641/467/641 648/473/648
f 648/473/648 641/467/641 647/468/647
f 648/473/648 647/468/647 654/474/654
f 654/474/654 647/468/647 653/417/653
f 654/474/654 653/417/653 660/415/660
f 630/469/630 636/471/636 637/470/637
f 637/470/637 636/471/636 643/475/643
f 637/470/637 643/475/643 644/403/644
f 644/403/644 643/475/643 650/405/650
f 643/475/643 636/471/636 642/472/642
f 643/475/643 642/472/642 649/476/649
f 649/476/649 642/472/642 648/473/648
f 649/476/649 648/473/648 655/477/655
f 655/477/655 648/473/648 654/474/654
f 655/477/655 654/474/654 661/478/661
f 661/478/661 654/474/654 660/415/660
f 661/478/661 660/415/660 667/413/667
f 656/407/656 650/405/650 649/476/649
f 649/476/649 650/405/650 643/475/643
f 656/407/656 649/476/649 655/477/655
f 662/409/662 656/407/656 655/477/655
f 662/409/662 655/477/655 661/478/661
f 668/411/668 662/409/662 661/478/661
f 668/411/668 661/478/661 667/413/667
vt 0.970000 0.295000
f 195/165/195 142/487/142 196/164/196
vt 0.970000 0.637500
f 196/164/196 142/487/142 141/488/141
f 194/388/194 669/389/669 195/166/195
f 195/166/195 669/389/669 670/390/670
f 195/166/195 670/390/670 671/391/671
f 671/391/671 670/390/670 677/392/677
f 671/391/671 677/392/677 678/393/678
f 678/393/678 677/392/677 684/394/684
f 678/393/678 684/394/684 685/395/685
f 685/395/685 684/394/684 691/396/691
f 685/395/685 691/396/691 692/397/692
f 692/397/692 691/396/691 698/398/698
f 692/397/692 698/398/698 147/399/147
f 147/399/147 698/398/698 148/400/148
f 148/400/148 698/398/698 704/401/704
f 148/400/148 704/401/704 149/402/149
f 149/402/149 704/401/704 710/403/710
f 149/402/149 710/403/710 150/404/150
f 150/404/150 710/403/710 716/405/716
f 150/404/150 716/405/716 151/406/151
f 151/406/151 716/405/716 722/407/722
f 151/406/151 722/407/722 152/408/152
f 152/408/152 722/407/722 728/409/728
f 152/408/152 728/409/728 153/410/153
f 153/410/153 728/409/728 734/411/734
f 153/410/153 734/411/734 154/412/154
f 154/412/154 734/411/734 733/413/733
f 154/412/154 733/413/733 732/414/732
f 732/414/732 733/413/733 726/415/726
f 732/414/732 726/415/726 725/416/725
f 725/416/725 726/415/726 719/417/719
f 725/416/725 719/417/719 718/418/718
f 718/418/718 719/417/719 712/419/712
f 718/418/718 712/419/712 711/420/711
f 711/420/711 712/419/712 705/421/705
f 711/420/711 705/421/705 188/422/188
f 188/422/188 705/421/705 189/423/189
f 189/423/189 705/421/705 699/424/699
f 189/423/189 699/424/699 190/425/190
f 190/425/190 699/424/699 693/426/693
f 190/425/190 693/426/693 191/427/191
f 191/427/191 693/426/693 687/428/687
f 191/427/191 687/428/687 192/429/192
f 192/429/192 687/428/687 681/430/681
f 192/429/192 681/430/681 193/431/193
f 193/431/193 681/430/681 675/432/675
f 193/431/193 675/432/675 194/388/194
f 194/388/194 675/432/675 669/389/669
f 188/422/188 187/433/187 711/420/711
f 711/420/711 187/433/187 717/434/717
f 711/420/711 717/434/717 718/418/718
f 718/418/718 717/434/717 724/435/724
f 718/418/718 724/435/724 725/416/725
f 725/416/725 724/435/724 731/436/731
f 725/416/725 731/436/731 732/414/732
f 732/414/732 731/436/731 154/412/154
f 187/433/187 186/437/186 717/434/717
f 717/434/717 186/437/186 723/438/723
f 717/434/717 723/438/723 724/435/724
f 724/435/724 723/438/723 730/439/730
f 724/435/724 730/439/730 731/436/731
f 731/436/731 730/439/730 155/440/155
f 731/436/731 155/440/155 154/412/154
f 186/437/186 185/441/185 723/438/723
f 723/438/723 185/441/185 729/442/729
f 723/438/723 729/442/729 730/439/730
f 730/439/730 729/442/729 155/440/155
f 185/441/185 184/443/184 729/442/729
f 729/442/729 184/443/184 155/440/155
f 147/399/147 146/444/146 692/397/692
f 692/397/692 146/444/146 686/445/686
f 692/397/692 686/445/686 685/395/685
f 685/395/685 686/445/686 679/446/679
f 685/395/685 679/446/679 678/393/678
f 678/393/678 679/446/679 672/447/672
f 678/393/678 672/447/672 671/391/671
f 671/391/671 672/447/672 195/166/195
f 146/444/146 145/448/145 686/445/686
f 686/445/686 145/448/145 680/449/680
f 686/445/686 680/449/680 679/446/679
f 679/446/679 680/449/680 673/450/673
f 679/446/679 673/450/673 672/447/672
f 672/447/672 673/450/673 142/451/142
f 672/447/672 142/451/142 195/166/195
f 145/448/145 144/452/144 680/449/680
f 680/449/680 144/452/144 674/453/674
f 680/449/680 674/453/674 673/450/673
f 673/450/673 674/453/674 142/451/142
f 144/452/144 143/454/143 674/453/674
f 674/453/674 143/454/143 142/451/142
f 670/390/670 669/389/669 676/455/676
f 676/455/676 669/389/669 675/432/675
f 676/455/676 675/432/675 682/456/682
f 682/456/682 675/432/675 681/430/681
f 682/456/682 681/430/681 688/457/688
f 688/457/688 681/430/681 687/428/687
f 688/457/688 687/428/687 694/458/694
f 694/458/694 687/428/687 693/426/693
f 694/458/694 693/426/693 700/459/700
f 700/459/700 693/426/693 699/424/699
f 700/459/700 699/424/699 706/460/706
f 706/460/706 699/424/699 705/421/705
f 706/460/706 705/421/705 712/419/712
f 670/390/670 676/455/676 677/392/677
f 677/392/677 676/455/676 683/461/683
f 677/392/677 683/461/683 684/394/684
f 684/394/684 683/461/683 690/462/690
f 684/394/684 690/462/690 691/396/691
f 691/396/691 690/462/690 697/463/697
f 691/396/691 697/463/697 698/398/698
f 698/398/698 697/463/697 704/401/704
f 683/461/683 676/455/676 682/456/682
f 683/461/683 682/456/682 689/464/689
f 689/464/689 682/456/682 688/457/688
f 689/464/689 688/457/688 695/465/695
f 695/465/695 688/457/688 694/458/694
f 695/465/695 694/458/694 701/466/701
f 701/466/701 694/458/694 700/459/700
f 701/466/701 700/459/700 707/467/707
f 707/467/707 700/459/700 706/460/706
f 707/467/707 706/460/706 713/468/713
f 713/468/713 706/460/706 712/419/712
f 713/468/713 712/419/712 719/417/719
f 683/461/683 689/464/689 690/462/690
f 690/462/690 689/464/689 696/469/696
f 690/462/690 696/469/696 697/463/697
f 697/463/697 696/469/696 703/470/703
f 697/463/697 703/470/703 704/401/704
f 704/401/704 703/470/703 710/403/710
f 696/469/696 689/464/689 695/465/695
f 696/469/696 695/465/695 702/471/702
f 702/471/702 695/465/695 701/466/701
f 702/471/702 701/466/701 708/472/708
f 708/472/708 701/466/701 707/467/707
f 708/472/708 707/467/707 714/473/714
f 714/473/714 707/467/707 713/468/713
f 714/473/714 713/468/713 720/474/720
f 720/474/720 713/468/713 719/417/719
f 720/474/720 719/417/719 726/415/726
f 696/469/696 702/471/702 703/470/703
f 703/470/703 702/471/702 709/475/709
f 703/470/703 709/475/709 710/403/710
f 710/403/710 709/475/709 716/405/716
f 709/475/709 702/471/702 708/472/708
f 709/475/709 708/472/708 715/476/715
f 715/476/715 708/472/708 714/473/714
f 715/476/715 714/473/714 721/477/721
f 721/477/721 714/473/714 720/474/720
f 721/477/721 720/474/720 727/478/727
f 727/478/727 720/474/720 726/415/726
f 727/478/727 726/415/726 733/413/733
f 722/407/722 716/405/716 715/476/715
f 715/476/715 716/405/716 709/475/709
f 722/407/722 715/476/715 721/477/721
f 728/409/728 722/407/722 721/477/721
f 728/409/728 721/477/721 727/478/727
f 734/411/734 728/409/728 727/478/727
f 734/411/734 727/478/727 733/413/733
vt 0.340000 0.890000
vt -0.000000 0.890000
f 735/489/735 736/490/736 235/329/235
f 235/329/235 736/490/736 236/166/236
vt 0.265000 -0.000000
vt 0.265000 0.890000
f 236/491/236 736/492/736 237/166/237
f 237/166/237 736/492/736 737/490/737
vt 0.106066 -0.000000
vt 0.106066 0.890000
f 237/493/237 737/494/737 238/166/238
f 238/166/238 737/494/737 738/490/738
vt 0.190000 0.890000
vt 0.190000 -0.000000
f 738/495/738 739/490/739 238/496/238
f 238/496/238 739/490/739 239/166/239
f 739/494/739 740/490/740 239/493/239
f 239/493/239 740/490/740 240/166/240
f 740/492/740 735/490/735 240/491/240
f 240/491/240 735/490/735 235/166/235
f 241/329/241 741/489/741 242/166/242
f 242/166/242 741/489/741 742/490/742
f 742/489/742 743/490/743 242/329/242
f 242/329/242 743/490/743 243/166/243
f 743/489/743 744/490/744 243/329/243
f 243/329/243 744/490/744 244/166/244
f 744/489/744 741/490/741 244/329/244
f 244/329/244 741/490/741 241/166/241
f 246/166/246 245/329/245 746/490/746
f 746/490/746 245/329/245 745/489/745
f 747/490/747 247/166/247 746/489/746
f 746/489/746 247/166/247 246/329/246
f 747/489/747 748/490/748 247/329/247
f 247/329/247 748/490/748 248/166/248
f 748/489/748 745/490/745 248/329/248
f 248/329/248 745/490/745 245/166/245
f 249/496/249 749/495/749 250/166/250
f 250/166/250 749/495/749 750/490/750
f 750/494/750 751/490/751 250/493/250
f 250/493/250 751/490/751 251/166/251
f 251/491/251 751/492/751 252/166/252
f 252/166/252 751/492/751 752/490/752
f 752/489/752 753/490/753 252/329/252
f 252/329/252 753/490/753 253/166/253
f 753/492/753 754/490/754 253/491/253
f 253/491/253 754/490/754 254/166/254
f 254/493/254 754/494/754 249/166/249
f 249/166/249 754/494/754 749/490/749
f 256/166/256 255/329/255 756/490/756
f 756/490/756 255/329/255 755/489/755
f 756/489/756 757/490/757 256/329/256
f 256/329/256 757/490/757 257/166/257
f 757/489/757 758/490/758 257/329/257
f 257/329/257 758/490/758 258/166/258
f 758/489/758 755/490/755 258/329/258
f 258/329/258 755/490/755 255/166/255
f 759/495/759 760/490/760 259/496/259
f 259/496/259 760/490/760 260/166/260
f 760/494/760 761/490/761 260/493/260
f 260/493/260 761/490/761 261/166/261
f 261/491/261 761/492/761 262/166/262
f 262/166/262 761/492/761 762/490/762
f 762/489/762 763/490/763 262/329/262
f 262/329/262 763/490/763 263/166/263
f 763/492/763 764/490/764 263/491/263
f 263/491/263 764/490/764 264/166/264
f 764/494/764 759/490/759 264/493/264
f 264/493/264 759/490/759 259/166/259
vt -1.060000 1.040000
vt -1.030000 1.380000
vt -1.060000 1.350000
f 283/497/283 290/498/290 284/499/284
vt -1.037765 1.378978
f 284/499/284 290/498/290 289/500/289
vt -1.045000 1.375981
f 284/499/284 289/500/289 288/501/288
vt -0.960000 1.040000
f 283/497/283 266/502/266 290/498/290
vt -0.960000 1.380000
f 290/498/290 266/502/266 265/503/265
vt -1.051213 1.371213
f 288/501/288 287/504/287 284/499/284
vt -1.055981 1.365000
f 284/499/284 287/504/287 286/505/286
vt -1.058978 1.357765
f 284/499/284 286/505/286 285/506/285
vt -0.095000 0.480000
vt -0.102765 0.481022
vt -0.305000 0.480000
f 268/507/268 765/508/765 269/509/269
vt -0.297235 0.481022
f 269/509/269 765/508/765 789/510/789
vt -0.110000 0.484019
f 789/510/789 765/508/765 766/511/766
vt -0.290000 0.484019
f 789/510/789 766/511/766 788/512/788
vt -0.283787 0.488787
f 788/512/788 766/511/766 787/513/787
vt -0.116213 0.488787
f 787/513/787 766/511/766 767/514/767
vt -0.279019 0.495000
f 787/513/787 767/514/767 786/515/786
vt -0.120981 0.495000
f 786/515/786 767/514/767 768/516/768
vt -0.123978 0.502235
f 786/515/786 768/516/768 769/517/769
vt -0.125000 0.510000
vt -0.275000 0.510000
f 770/518/770 784/519/784 769/517/769
vt -0.276022 0.502235
f 769/517/769 784/519/784 785/520/785
f 769/517/769 785/520/785 786/515/786
vt -0.125000 0.760000
vt -0.277396 0.609492
f 771/521/771 781/522/781 770/518/770
vt -0.275608 0.604895
f 770/518/770 781/522/781 782/523/782
vt -0.275000 0.600000
f 770/518/770 782/523/782 783/524/783
vt -0.650000 0.760000
vt -0.293257 0.619924
f 772/525/772 777/526/777 771/521/771
vt -0.288434 0.618891
f 771/521/771 777/526/777 778/527/778
vt -0.284010 0.616710
f 771/521/771 778/527/778 779/528/779
vt -0.850000 0.668633
f 777/526/777 772/525/772 776/529/776
vt -0.700000 0.830000
f 776/529/776 772/525/772 773/530/773
vt -0.850000 0.860000
f 776/529/776 773/530/773 775/531/775
vt -0.700000 0.860000
f 775/531/775 773/530/773 774/532/774
vt -0.280254 0.613512
f 779/528/779 780/533/780 771/521/771
f 771/521/771 780/533/780 781/522/781
f 783/524/783 784/519/784 770/518/770
vt 0.120000 0.047124
vt -0.000000 0.047124
vt 0.120000 0.039270
f 270/534/270 269/535/269 795/536/795
f 795/536/795 269/535/269 789/423/789
vt 0.120000 0.031416
f 795/536/795 789/423/789 794/537/794
vt 0.000000 0.031416
f 794/537/794 789/423/789 788/538/788
vt 0.120000 0.023562
f 794/537/794 788/538/788 793/539/793
vt 0.000000 0.023562
f 793/539/793 788/538/788 787/540/787
vt 0.120000 0.015708
f 793/539/793 787/540/787 792/541/792
vt 0.000000 0.015708
f 792/541/792 787/540/787 786/542/786
vt 0.120000 0.007854
f 792/541/792 786/542/786 791/543/791
vt 0.000000 0.007854
f 791/543/791 786/542/786 785/544/785
vt 0.120000 0.000000
f 791/543/791 785/544/785 790/545/790
f 790/545/790 785/544/785 784/166/784
vt 0.408427 0.630000
vt 0.125000 0.630000
vt 0.293257 0.619924
f 796/546/796 797/547/797 810/548/810
vt 0.288434 0.618891
f 810/548/810 797/547/797 809/549/809
vt 0.284010 0.616710
f 809/549/809 797/547/797 808/550/808
vt 0.280254 0.613512
f 808/550/808 797/547/797 807/551/807
vt 0.277396 0.609492
f 807/551/807 797/547/797 806/552/806
vt 0.275608 0.604895
f 806/552/806 797/547/797 805/553/805
vt 0.275000 0.600000
f 805/553/805 797/547/797 804/554/804
vt 0.125000 0.510000
f 804/554/804 797/547/797 798/555/798
vt 0.275000 0.510000
f 804/554/804 798/555/798 790/556/790
vt 0.123978 0.502235
f 790/556/790 798/555/798 799/557/799
vt 0.276022 0.502235
f 790/556/790 799/557/799 791/558/791
vt 0.120981 0.495000
f 791/558/791 799/557/799 800/559/800
vt 0.279019 0.495000
f 791/558/791 800/559/800 792/560/792
vt 0.283787 0.488787
f 792/560/792 800/559/800 793/561/793
vt 0.116213 0.488787
f 793/561/793 800/559/800 801/562/801
vt 0.290000 0.484019
f 793/561/793 801/562/801 794/563/794
vt 0.110000 0.484019
f 794/563/794 801/562/801 802/564/802
vt 0.297235 0.481022
f 794/563/794 802/564/802 795/565/795
vt 0.102765 0.481022
f 795/565/795 802/564/802 803/566/803
vt 0.095000 0.480000
f 795/565/795 803/566/803 271/567/271
vt 0.305000 0.480000
f 271/567/271 270/568/270 795/565/795
vt -0.000000 -0.094248
vt -0.000000 -0.102102
vt 0.120000 -0.094248
f 770/569/770 769/570/769 798/571/798
vt 0.120000 -0.102102
f 798/571/798 769/570/769 799/572/799
vt 0.120000 -0.109956
f 799/572/799 769/570/769 800/573/800
vt -0.000000 -0.109956
f 800/573/800 769/570/769 768/574/768
vt 0.120000 -0.117810
f 800/573/800 768/574/768 801/575/801
vt -0.000000 -0.117810
f 801/575/801 768/574/768 767/576/767
vt 0.120000 -0.125664
f 801/575/801 767/576/767 802/577/802
vt -0.000000 -0.125664
f 802/577/802 767/576/767 766/578/766
vt 0.120000 -0.133518
f 802/577/802 766/578/766 803/579/803
vt -0.000000 -0.133518
f 803/579/803 766/578/766 765/580/765
vt 0.120000 -0.141372
f 803/579/803 765/580/765 271/581/271
vt -0.000000 -0.141372
f 271/581/271 765/580/765 268/582/268
f 273/567/273 272/568/272 835/566/835
f 835/566/835 272/568/272 811/565/811
f 835/566/835 811/565/811 834/564/834
f 834/564/834 811/565/811 812/563/812
f 834/564/834 812/563/812 833/562/833
f 833/562/833 812/563/812 813/561/813
f 833/562/833 813/561/813 832/559/832
f 832/559/832 813/561/813 814/560/814
f 832/559/832 814/560/814 831/557/831
f 831/557/831 814/560/814 815/558/815
f 831/557/831 815/558/815 816/556/816
f 831/557/831 816/556/816 830/555/830
f 830/555/830 816/556/816 817/554/817
f 830/555/830 817/554/817 818/553/818
f 818/553/818 819/552/819 830/555/830
vt 0.125000 0.760000
f 830/555/830 819/552/819 829/583/829
f 829/583/829 819/552/819 820/551/820
f 829/583/829 820/551/820 821/550/821
f 821/550/821 822/549/822 829/583/829
f 829/583/829 822/549/822 823/548/823
vt 0.650000 0.760000
f 829/583/829 823/548/823 828/584/828
vt 0.850000 0.668633
f 828/584/828 823/548/823 824/585/824
vt 0.700000 0.830000
f 828/584/828 824/585/824 827/586/827
vt 0.850000 0.860000
f 827/586/827 824/585/824 825/587/825
vt 0.700000 0.860000
f 827/586/827 825/587/825 826/588/826
vt 0.540000 0.047124
vt 0.540000 0.054978
vt 0.420000 0.047124
f 273/589/273 835/590/835 274/591/274
vt 0.420000 0.054978
f 274/591/274 835/590/835 841/592/841
vt 0.420000 0.062832
f 841/592/841 835/590/835 840/593/840
vt 0.540000 0.062832
f 840/593/840 835/590/835 834/594/834
vt 0.420000 0.070686
f 840/593/840 834/594/834 839/595/839
vt 0.540000 0.070686
f 839/595/839 834/594/834 833/596/833
vt 0.420000 0.078540
f 839/595/839 833/596/833 838/597/838
vt 0.540000 0.078540
f 838/597/838 833/596/833 832/598/832
vt 0.420000 0.086394
f 838/597/838 832/598/832 837/599/837
vt 0.540000 0.086394
f 837/599/837 832/598/832 831/600/831
vt 0.420000 0.094248
f 837/599/837 831/600/831 836/601/836
vt 0.540000 0.094248
f 836/601/836 831/600/831 830/602/830
vt -0.408427 0.630000
vt -0.125000 0.630000
f 856/603/856 842/526/842 855/604/855
f 855/604/855 842/526/842 843/527/843
f 855/604/855 843/527/843 844/528/844
f 844/528/844 845/533/845 855/604/855
f 855/604/855 845/533/845 846/522/846
f 855/604/855 846/522/846 847/523/847
f 847/523/847 848/524/848 855/604/855
f 855/604/855 848/524/848 836/518/836
f 836/518/836 848/524/848 849/519/849
f 836/518/836 849/519/849 837/517/837
f 837/517/837 849/519/849 850/520/850
f 837/517/837 850/520/850 838/516/838
f 838/516/838 850/520/850 851/515/851
f 838/516/838 851/515/851 839/514/839
f 839/514/839 851/515/851 852/513/852
f 839/514/839 852/513/852 840/511/840
f 840/511/840 852/513/852 853/512/853
f 840/511/840 853/512/853 841/508/841
f 841/508/841 853/512/853 854/510/854
f 841/508/841 854/510/854 275/509/275
f 275/509/275 274/507/274 841/508/841
vt 0.540000 0.000000
vt 0.540000 0.007854
vt 0.420000 0.000000
f 816/605/816 815/606/815 849/607/849
vt 0.420000 0.007854
f 849/607/849 815/606/815 850/608/850
vt 0.540000 0.015708
f 850/608/850 815/606/815 814/609/814
vt 0.420000 0.015708
f 850/608/850 814/609/814 851/610/851
vt 0.540000 0.023562
f 851/610/851 814/609/814 813/611/813
vt 0.420000 0.023562
f 851/610/851 813/611/813 852/612/852
vt 0.420000 0.031416
f 852/612/852 813/611/813 853/613/853
vt 0.540000 0.031416
f 853/613/853 813/611/813 812/614/812
vt 0.420000 0.039270
f 853/613/853 812/614/812 854/615/854
vt 0.540000 0.039270
f 854/615/854 812/614/812 811/616/811
f 854/615/854 811/616/811 275/591/275
f 275/591/275 811/616/811 272/589/272
vt -0.150000 -1.860000
vt -0.000000 -1.860000
vt -0.150000 -0.890000
f 292/617/292 291/618/291 862/619/862
vt 0.000000 -0.890000
f 862/619/862 291/618/291 857/620/857
vt 0.005000 -0.000000
f 862/619/862 857/620/857 859/621/859
vt 0.005000 -0.890000
f 859/621/859 857/620/857 858/622/858
vt -0.155000 0.000000
f 859/621/859 860/623/860 862/619/862
vt -0.155000 -0.890000
f 862/619/862 860/623/860 861/624/861
vt -0.137500 -1.860000
vt -0.050000 -0.990000
f 293/625/293 292/618/292 864/626/864
f 864/626/864 292/618/292 862/620/862
vt -0.050000 -0.890000
f 864/626/864 862/620/862 863/627/863
vt -0.100000 -0.990000
f 864/626/864 865/628/865 293/625/293
vt -0.137500 -0.890000
f 293/625/293 865/628/865 867/629/867
vt -0.100000 -0.890000
f 867/629/867 865/628/865 866/630/866
vt -0.652500 0.290000
vt -0.615000 0.290000
vt -0.615000 0.327500
f 295/631/295 294/632/294 293/633/293
vt -0.075000 -1.860000
f 295/618/295 868/166/868 296/634/296
vt -0.075000 -0.000000
f 296/634/296 868/166/868 869/635/869
vt -0.765000 0.327500
vt -0.765000 0.290000
vt -0.727500 0.290000
f 298/636/298 297/637/297 296/638/296
vt -0.037500 -0.990000
f 870/620/870 872/639/872 298/618/298
vt -0.087500 -0.990000
f 298/618/298 872/639/872 873/640/873
f 298/618/298 873/640/873 291/625/291
f 291/625/291 873/640/873 857/629/857
vt -0.087500 -0.890000
f 857/629/857 873/640/873 874/641/874
vt -0.037500 -0.890000
f 870/620/870 871/642/871 872/639/872
f 299/618/299 875/620/875 300/617/300
f 300/617/300 875/620/875 880/619/880
f 880/619/880 875/620/875 878/623/878
f 880/619/880 878/623/878 879/624/879
f 876/622/876 877/621/877 875/620/875
f 875/620/875 877/621/877 878/623/878
f 301/625/301 300/618/300 882/626/882
f 882/626/882 300/618/300 880/620/880
f 882/626/882 880/620/880 881/627/881
f 882/626/882 883/628/883 301/625/301
f 301/625/301 883/628/883 885/629/885
f 885/629/885 883/628/883 884/630/884
vt -1.072500 0.290000
vt -1.035000 0.290000
vt -1.035000 0.327500
f 303/643/303 302/644/302 301/645/301
f 886/166/886 887/635/887 303/618/303
f 303/618/303 887/635/887 304/634/304
vt -1.185000 0.327500
vt -1.185000 0.290000
vt -1.147500 0.290000
f 306/646/306 305/647/305 304/648/304
f 888/620/888 890/639/890 306/618/306
f 306/618/306 890/639/890 891/640/891
f 306/618/306 891/640/891 299/625/299
f 299/625/299 891/640/891 875/629/875
f 875/629/875 891/640/891 892/641/892
f 888/620/888 889/642/889 890/639/890
vt -0.345000 0.747500
vt -0.345000 0.710000
vt -0.307500 0.710000
f 308/649/308 307/650/307 314/651/314
f 893/620/893 895/639/895 308/618/308
f 308/618/308 895/639/895 896/640/896
f 308/618/308 896/640/896 309/625/309
f 309/625/309 896/640/896 898/629/898
f 898/629/898 896/640/896 897/641/897
f 893/620/893 894/642/894 895/639/895
f 309/618/309 898/620/898 310/617/310
f 310/617/310 898/620/898 903/619/903
f 903/619/903 898/620/898 901/623/901
f 903/619/903 901/623/901 902/624/902
f 899/622/899 900/621/900 898/620/898
f 898/620/898 900/621/900 901/623/901
f 311/625/311 310/618/310 905/626/905
f 905/626/905 310/618/310 903/620/903
f 905/626/905 903/620/903 904/627/904
f 905/626/905 906/628/906 311/625/311
f 311/625/311 906/628/906 908/629/908
f 908/629/908 906/628/906 907/630/907
vt -0.232500 0.710000
vt -0.195000 0.710000
vt -0.195000 0.747500
f 313/652/313 312/653/312 311/654/311
f 909/166/909 910/635/910 313/618/313
f 313/618/313 910/635/910 314/634/314
vt -0.765000 0.747500
vt -0.765000 0.710000
vt -0.727500 0.710000
f 316/655/316 315/656/315 322/657/322
f 911/620/911 913/639/913 316/618/316
f 316/618/316 913/639/913 914/640/914
f 316/618/316 914/640/914 317/625/317
f 317/625/317 914/640/914 916/629/916
f 916/629/916 914/640/914 915/641/915
f 911/620/911 912/642/912 913/639/913
f 318/617/318 317/618/317 921/619/921
f 921/619/921 317/618/317 916/620/916
f 921/619/921 916/620/916 918/621/918
f 918/621/918 916/620/916 917/622/917
f 918/621/918 919/623/919 921/619/921
f 921/619/921 919/623/919 920/624/920
f 319/625/319 318/618/318 923/626/923
f 923/626/923 318/618/318 921/620/921
f 923/626/923 921/620/921 922/627/922
f 923/626/923 924/628/924 319/625/319
f 319/625/319 924/628/924 926/629/926
f 926/629/926 924/628/924 925/630/925
vt -0.652500 0.710000
vt -0.615000 0.710000
vt -0.615000 0.747500
f 321/658/321 320/659/320 319/660/319
f 321/618/321 927/166/927 322/634/322
f 322/634/322 927/166/927 928/635/928
vt -1.185000 0.747500
vt -1.185000 0.710000
vt -1.147500 0.710000
f 324/661/324 323/662/323 330/663/330
f 929/620/929 931/639/931 324/618/324
f 324/618/324 931/639/931 932/640/932
f 324/618/324 932/640/932 325/625/325
f 325/625/325 932/640/932 934/629/934
f 934/629/934 932/640/932 933/641/933
f 929/620/929 930/642/930 931/639/931
f 326/617/326 325/618/325 939/619/939
f 939/619/939 325/618/325 934/620/934
f 939/619/939 934/620/934 937/623/937
f 937/623/937 934/620/934 936/621/936
f 936/621/936 934/620/934 935/622/935
f 937/623/937 938/624/938 939/619/939
f 327/625/327 326/618/326 941/626/941
f 941/626/941 326/618/326 939/620/939
f 941/626/941 939/620/939 940/627/940
f 941/626/941 942/628/942 327/625/327
f 327/625/327 942/628/942 944/629/944
f 944/629/944 942/628/942 943/630/943
vt -1.072500 0.710000
vt -1.035000 0.710000
vt -1.035000 0.747500
f 329/664/329 328/665/328 327/666/327
f 945/166/945 946/635/946 329/618/329
f 329/618/329 946/635/946 330/634/330
f 332/617/332 331/618/331 952/619/952
f 952/619/952 331/618/331 947/620/947
f 952/619/952 947/620/947 950/623/950
f 950/623/950 947/620/947 949/621/949
f 949/621/949 947/620/947 948/622/948
f 950/623/950 951/624/951 952/619/952
f 333/625/333 332/618/332 954/626/954
f 954/626/954 332/618/332 952/620/952
f 954/626/954 952/620/952 953/627/953
f 954/626/954 955/628/955 333/625/333
f 333/625/333 955/628/955 957/629/957
f 957/629/957 955/628/955 956/630/956
vt -0.232500 0.290000
vt -0.195000 0.290000
vt -0.195000 0.327500
f 335/667/335 334/668/334 333/669/333
f 958/166/958 959/635/959 335/618/335
f 335/618/335 959/635/959 336/634/336
vt -0.345000 0.327500
vt -0.345000 0.290000
vt -0.307500 0.290000
f 338/670/338 337/671/337 336/672/336
f 960/620/960 962/639/962 338/618/338
f 338/618/338 962/639/962 963/640/963
f 338/618/338 963/640/963 331/625/331
f 331/625/331 963/640/963 947/629/947
f 947/629/947 963/640/963 964/641/964
f 960/620/960 961/642/961 962/639/962
vt -0.610000 0.175000
vt -0.720000 0.190000
vt -0.685000 0.100000
f 739/673/739 974/674/974 740/675/740
vt -0.785000 0.180000
f 740/675/740 974/674/974 976/676/976
vt -0.835000 0.180000
f 740/675/740 976/676/976 965/677/965
vt -0.610000 0.365000
vt -0.710000 0.307500
f 738/678/738 910/679/910 739/673/739
vt -0.710000 0.232500
f 739/673/739 910/679/910 909/680/909
f 739/673/739 909/680/909 974/674/974
vt -0.720000 0.222500
f 974/674/974 909/680/909 973/681/973
vt -0.720000 0.350000
f 910/679/910 738/678/738 971/682/971
vt -0.685000 0.440000
f 971/682/971 738/678/738 737/683/737
vt -0.785000 0.360000
f 971/682/971 737/683/737 969/684/969
vt -0.835000 0.360000
f 969/684/969 737/683/737 968/685/968
vt -0.950000 0.440000
f 968/685/968 737/683/737 736/686/736
vt -0.885000 0.350000
f 968/685/968 736/686/736 900/687/900
vt -0.885000 0.190000
f 900/687/900 736/686/736 901/688/901
vt -0.950000 0.100000
f 901/688/901 736/686/736 735/689/735
f 901/688/901 735/689/735 965/677/965
f 965/677/965 735/689/735 740/675/740
vt -0.835000 0.190000
f 965/677/965 966/690/966 901/688/901
vt -0.835000 0.350000
f 900/687/900 967/691/967 968/685/968
vt -0.785000 0.350000
f 969/684/969 970/692/970 971/682/971
vt -0.720000 0.317500
f 971/682/971 972/693/972 910/679/910
vt -0.785000 0.190000
f 974/674/974 975/694/975 976/676/976
vt -0.530000 0.440000
vt -0.365000 0.360000
vt -0.190000 0.440000
f 743/695/743 982/696/982 744/697/744
vt -0.300000 0.350000
f 744/697/744 982/696/982 984/698/984
vt -0.290000 0.307500
f 744/697/744 984/698/984 959/699/959
vt -0.300000 0.317500
f 959/699/959 984/698/984 985/700/985
vt -0.530000 0.100000
vt -0.465000 0.350000
f 742/701/742 949/702/949 743/695/743
vt -0.415000 0.360000
f 743/695/743 949/702/949 981/703/981
f 743/695/743 981/703/981 982/696/982
vt -0.190000 0.100000
vt -0.365000 0.180000
f 741/704/741 977/705/977 742/701/742
vt -0.415000 0.180000
f 742/701/742 977/705/977 978/706/978
vt -0.465000 0.190000
f 742/701/742 978/706/978 950/707/950
vt -0.415000 0.190000
f 950/707/950 978/706/978 979/708/979
vt -0.290000 0.232500
f 744/697/744 958/709/958 741/704/741
vt -0.300000 0.190000
f 741/704/741 958/709/958 987/710/987
f 741/704/741 987/710/987 977/705/977
vt -0.365000 0.190000
f 977/705/977 987/710/987 988/711/988
f 950/707/950 949/702/949 742/701/742
vt -0.415000 0.350000
f 949/702/949 980/712/980 981/703/981
vt -0.365000 0.350000
f 982/696/982 983/713/983 984/698/984
f 959/699/959 958/709/958 744/697/744
vt -0.300000 0.222500
f 958/709/958 986/714/986 987/710/987
vt -0.610000 0.860000
vt -0.710000 0.727500
vt -0.610000 0.520000
f 748/715/748 928/716/928 745/717/745
vt -0.710000 0.652500
f 745/717/745 928/716/928 927/718/927
vt -0.720000 0.610000
f 745/717/745 927/718/927 998/719/998
vt -0.720000 0.642500
f 998/719/998 927/718/927 997/720/997
vt -0.950000 0.860000
vt -0.785000 0.780000
f 747/721/747 993/722/993 748/715/748
vt -0.720000 0.770000
f 748/715/748 993/722/993 995/723/995
f 748/715/748 995/723/995 928/716/928
vt -0.720000 0.737500
f 928/716/928 995/723/995 996/724/996
vt -0.950000 0.520000
vt -0.885000 0.770000
f 746/725/746 918/726/918 747/721/747
vt -0.835000 0.780000
f 747/721/747 918/726/918 992/727/992
f 747/721/747 992/727/992 993/722/993
vt -0.785000 0.600000
f 745/717/745 1000/728/1000 746/725/746
vt -0.835000 0.600000
f 746/725/746 1000/728/1000 989/729/989
vt -0.885000 0.610000
f 746/725/746 989/729/989 919/730/919
vt -0.835000 0.610000
f 919/730/919 989/729/989 990/731/990
f 919/730/919 918/726/918 746/725/746
vt -0.835000 0.770000
f 918/726/918 991/732/991 992/727/992
vt -0.785000 0.770000
f 993/722/993 994/733/994 995/723/995
vt -0.785000 0.610000
f 999/734/999 1000/728/1000 998/719/998
f 998/719/998 1000/728/1000 745/717/745
vt -0.530000 0.860000
vt -0.415000 0.780000
vt -0.265000 0.860000
f 753/735/753 1005/736/1005 754/737/754
vt -0.365000 0.780000
f 754/737/754 1005/736/1005 1006/738/1006
vt -0.300000 0.770000
f 754/737/754 1006/738/1006 1008/739/1008
vt -0.365000 0.770000
f 1008/739/1008 1006/738/1006 1007/740/1007
vt -0.530000 0.520000
vt -0.465000 0.610000
f 752/741/752 860/742/860 753/735/753
vt -0.465000 0.770000
f 753/735/753 860/742/860 859/743/859
f 753/735/753 859/743/859 1005/736/1005
vt -0.415000 0.770000
f 1005/736/1005 859/743/859 1004/744/1004
vt -0.415000 0.600000
f 860/742/860 752/741/752 1002/745/1002
vt -0.265000 0.520000
f 1002/745/1002 752/741/752 751/746/751
vt -0.365000 0.600000
f 1002/745/1002 751/746/751 1001/747/1001
vt -0.300000 0.610000
f 1001/747/1001 751/746/751 1011/748/1011
vt -0.365000 0.610000
f 1001/747/1001 1011/748/1011 1012/749/1012
vt -0.190000 0.595000
f 751/746/751 750/750/750 1011/748/1011
vt -0.290000 0.652500
f 1011/748/1011 750/750/750 868/751/868
vt -0.300000 0.642500
f 1011/748/1011 868/751/868 1010/752/1010
vt -0.190000 0.785000
f 750/750/750 749/753/749 868/751/868
vt -0.290000 0.727500
f 868/751/868 749/753/749 869/754/869
f 869/754/869 749/753/749 1008/739/1008
vt -0.300000 0.737500
f 869/754/869 1008/739/1008 1009/755/1009
f 749/753/749 754/737/754 1008/739/1008
vt -0.415000 0.610000
f 1002/745/1002 1003/756/1003 860/742/860
vt -0.610000 1.280000
vt -0.710000 1.147500
vt -0.610000 0.940000
f 758/757/758 946/758/946 755/759/755
vt -0.710000 1.072500
f 755/759/755 946/758/946 945/760/945
vt -0.720000 1.030000
f 755/759/755 945/760/945 1022/761/1022
vt -0.720000 1.062500
f 1022/761/1022 945/760/945 1021/762/1021
vt -0.950000 1.280000
vt -0.785000 1.200000
f 757/763/757 1017/764/1017 758/757/758
vt -0.720000 1.190000
f 758/757/758 1017/764/1017 1019/765/1019
f 758/757/758 1019/765/1019 946/758/946
vt -0.720000 1.157500
f 946/758/946 1019/765/1019 1020/766/1020
vt -0.950000 0.940000
vt -0.885000 1.030000
f 756/767/756 937/768/937 757/763/757
vt -0.885000 1.190000
f 757/763/757 937/768/937 936/769/936
vt -0.835000 1.200000
f 757/763/757 936/769/936 1016/770/1016
vt -0.835000 1.190000
f 1016/770/1016 936/769/936 1015/771/1015
vt -0.785000 1.020000
f 755/759/755 1024/772/1024 756/767/756
vt -0.835000 1.020000
f 756/767/756 1024/772/1024 1013/773/1013
f 756/767/756 1013/773/1013 937/768/937
vt -0.835000 1.030000
f 937/768/937 1013/773/1013 1014/774/1014
f 1016/770/1016 1017/764/1017 757/763/757
vt -0.785000 1.190000
f 1017/764/1017 1018/775/1018 1019/765/1019
vt -0.785000 1.030000
f 1023/776/1023 1024/772/1024 1022/761/1022
f 1022/761/1022 1024/772/1024 755/759/755
vt -0.530000 1.280000
vt -0.415000 1.200000
vt -0.265000 1.280000
f 763/777/763 1029/778/1029 764/779/764
vt -0.365000 1.200000
f 764/779/764 1029/778/1029 1030/780/1030
vt -0.300000 1.190000
f 764/779/764 1030/780/1030 1032/781/1032
vt -0.365000 1.190000
f 1032/781/1032 1030/780/1030 1031/782/1031
vt -0.465000 1.190000
f 1029/778/1029 763/777/763 877/783/877
vt -0.530000 0.940000
f 877/783/877 763/777/763 762/784/762
vt -0.465000 1.030000
f 877/783/877 762/784/762 878/785/878
vt -0.415000 1.020000
f 878/785/878 762/784/762 1026/786/1026
vt -0.415000 1.030000
f 878/785/878 1026/786/1026 1027/787/1027
vt -0.265000 0.940000
f 762/784/762 761/788/761 1026/786/1026
vt -0.365000 1.020000
f 1026/786/1026 761/788/761 1025/789/1025
vt -0.300000 1.030000
f 1025/789/1025 761/788/761 1035/790/1035
vt -0.365000 1.030000
f 1025/789/1025 1035/790/1035 1036/791/1036
vt -0.190000 1.015000
f 761/788/761 760/792/760 1035/790/1035
vt -0.290000 1.072500
f 1035/790/1035 760/792/760 886/793/886
vt -0.300000 1.062500
f 1035/790/1035 886/793/886 1034/794/1034
vt -0.290000 1.147500
f 886/793/886 760/792/760 887/795/887
vt -0.190000 1.205000
f 887/795/887 760/792/760 759/796/759
f 887/795/887 759/796/759 1032/781/1032
f 1032/781/1032 759/796/759 764/779/764
vt -0.415000 1.190000
f 877/783/877 1028/797/1028 1029/778/1029
vt -0.300000 1.157500
f 1032/781/1032 1033/798/1033 887/795/887
vt 0.000000 0.120000
vt 0.130000 0.120000
f 1037/799/1037 771/166/771 797/800/797
vt 0.250000 0.000000
f 797/800/797 771/166/771 770/801/770
vt 0.250000 0.120000
f 797/800/797 770/801/770 798/802/798
vt 0.525000 0.120000
f 1038/799/1038 772/166/772 1037/803/1037
vt 0.525000 0.000000
f 1037/803/1037 772/166/772 771/804/771
vt 0.086023 0.000000
f 773/166/773 772/805/772 1039/799/1039
vt 0.086023 0.120000
f 1039/799/1039 772/805/772 1038/806/1038
vt 0.030000 0.540000
vt 0.000000 0.540000
vt 0.030000 0.420000
f 827/807/827 826/808/826 1040/809/1040
vt 0.030000 0.120000
f 1040/809/1040 826/808/826 1039/810/1039
f 1039/810/1039 826/808/826 774/166/774
f 1039/810/1039 774/166/774 773/57/773
vt 0.150000 0.540000
vt 0.150000 0.000000
f 826/811/826 825/808/825 774/812/774
f 774/812/774 825/808/825 775/166/775
vt 0.191367 0.540000
vt 0.191367 0.000000
f 825/813/825 824/808/824 775/814/775
f 775/814/775 824/808/824 776/166/776
vt 0.115610 0.120000
vt 0.558870 -0.000000
vt 0.115610 0.420000
f 796/815/796 776/816/776 856/817/856
vt 0.558870 0.540000
f 856/817/856 776/816/776 824/818/824
f 856/817/856 824/818/824 823/808/823
f 810/799/810 777/166/777 796/815/796
f 796/815/796 777/166/777 776/816/776
vt 0.000000 0.420000
f 823/808/823 842/819/842 856/817/856
vt 0.120000 -0.067777
vt 0.120000 -0.062832
vt 0.060000 -0.067777
f 805/820/805 804/821/804 1041/822/1041
vt 0.000000 -0.062832
f 1041/822/1041 804/821/804 783/823/783
vt 0.000000 -0.067777
f 1041/822/1041 783/823/783 782/824/782
vt 0.060000 -0.072722
f 1041/822/1041 782/824/782 1042/825/1042
vt 0.000000 -0.072722
f 1042/825/1042 782/824/782 781/826/781
vt 0.060000 -0.077667
f 1042/825/1042 781/826/781 1043/827/1043
vt 0.000000 -0.077667
f 1043/827/1043 781/826/781 780/828/780
vt 0.060000 -0.082612
f 1043/827/1043 780/828/780 1044/829/1044
vt 0.000000 -0.082612
f 1044/829/1044 780/828/780 779/830/779
vt 0.060000 -0.087557
f 1044/829/1044 779/830/779 1045/831/1045
vt 0.000000 -0.087557
f 1045/831/1045 779/830/779 778/832/778
vt 0.000000 -0.092502
f 1045/831/1045 778/832/778 777/833/777
vt 0.120000 -0.092502
f 777/833/777 810/834/810 1045/831/1045
vt 0.120000 -0.087557
f 1045/831/1045 810/834/810 809/835/809
f 1045/831/1045 809/835/809 1044/829/1044
vt 0.120000 -0.082612
f 1044/829/1044 809/835/809 808/836/808
f 1044/829/1044 808/836/808 1043/827/1043
vt 0.120000 -0.077667
f 1043/827/1043 808/836/808 807/837/807
f 1043/827/1043 807/837/807 1042/825/1042
vt 0.120000 -0.072722
f 1042/825/1042 807/837/807 806/838/806
f 1042/825/1042 806/838/806 1041/822/1041
f 1041/822/1041 806/838/806 805/820/805
vt 0.090000 0.000000
f 784/166/784 783/839/783 790/799/790
vt 0.090000 0.120000
f 790/799/790 783/839/783 804/840/804
vt 0.000000 0.300000
vt 0.468123 0.300000
f 1046/841/1046 1047/166/1047 855/842/855
vt 0.468123 -0.000000
f 855/842/855 1047/166/1047 797/843/797
vt 0.751551 -0.000000
f 855/842/855 797/843/797 796/844/796
vt 0.751551 0.300000
f 796/844/796 856/845/856 855/842/855
vt 0.090000 0.540000
vt 0.090000 0.420000
f 817/846/817 816/808/816 848/847/848
f 848/847/848 816/808/816 849/819/849
vt 0.420000 0.038106
vt 0.420000 0.033161
vt 0.480000 0.038106
f 843/848/843 842/849/842 1048/850/1048
vt 0.540000 0.033161
f 1048/850/1048 842/849/842 823/851/823
vt 0.540000 0.038106
f 1048/850/1048 823/851/823 822/852/822
vt 0.480000 0.043051
f 1048/850/1048 822/852/822 1049/853/1049
vt 0.540000 0.043051
f 1049/853/1049 822/852/822 821/854/821
vt 0.480000 0.047997
f 1049/853/1049 821/854/821 1050/855/1050
vt 0.540000 0.047997
f 1050/855/1050 821/854/821 820/856/820
vt 0.480000 0.052942
f 1050/855/1050 820/856/820 1051/857/1051
vt 0.540000 0.052942
f 1051/857/1051 820/856/820 819/858/819
vt 0.480000 0.057887
f 1051/857/1051 819/858/819 1052/859/1052
vt 0.540000 0.057887
f 1052/859/1052 819/858/819 818/860/818
f 1052/859/1052 818/860/818 817/594/817
f 817/594/817 848/593/848 1052/859/1052
vt 0.420000 0.057887
f 1052/859/1052 848/593/848 847/861/847
f 1052/859/1052 847/861/847 1051/857/1051
vt 0.420000 0.052942
f 1051/857/1051 847/861/847 846/862/846
f 1051/857/1051 846/862/846 1050/855/1050
vt 0.420000 0.047997
f 1050/855/1050 846/862/846 845/863/845
f 1050/855/1050 845/863/845 1049/853/1049
vt 0.420000 0.043051
f 1049/853/1049 845/863/845 844/864/844
f 1049/853/1049 844/864/844 1048/850/1048
f 1048/850/1048 844/864/844 843/848/843
vt 0.086023 0.540000
vt 0.086023 0.420000
f 828/865/828 827/808/827 1053/866/1053
f 1053/866/1053 827/808/827 1040/819/1040
vt 0.525000 0.420000
vt 0.525000 0.540000
f 1054/867/1054 829/868/829 1053/819/1053
f 1053/819/1053 829/868/829 828/808/828
vt 0.250000 0.420000
vt 0.250000 0.540000
vt 0.130000 0.420000
f 836/869/836 830/870/830 855/871/855
f 855/871/855 830/870/830 829/808/829
f 855/871/855 829/808/829 1054/819/1054
vt 0.595000 0.770000
vt 0.595000 0.765000
vt 0.645000 0.770000
f 858/872/858 857/873/857 1055/874/1055
vt 0.645000 0.765000
f 1055/874/1055 857/873/857 874/875/874
vt -0.115000 0.000000
vt -0.165000 0.000000
vt -0.115000 -0.890000
f 1004/876/1004 859/877/859 1055/878/1055
vt -0.165000 -0.890000
f 1055/878/1055 859/877/859 858/879/858
f 861/620/861 860/166/860 1056/627/1056
vt -0.050000 0.000000
f 1056/627/1056 860/166/860 1003/880/1003
vt 0.645000 0.615000
vt 0.595000 0.615000
vt 0.645000 0.610000
f 863/881/863 862/882/862 1056/883/1056
vt 0.595000 0.610000
f 1056/883/1056 862/882/862 861/884/861
vt -0.170000 0.000000
vt -0.180000 0.000000
vt -0.170000 -0.890000
f 1003/885/1003 1002/886/1002 1056/887/1056
vt -0.180000 -0.990000
f 1056/887/1056 1002/886/1002 1057/888/1057
vt -0.165000 -0.990000
f 1056/887/1056 1057/888/1057 864/889/864
f 864/889/864 863/879/863 1056/887/1056
vt 0.645000 0.600000
vt 0.695000 0.600000
f 1057/890/1057 1058/891/1058 864/881/864
vt 0.695000 0.615000
f 864/881/864 1058/891/1058 865/892/865
vt -0.010000 -0.000000
vt -0.010000 -0.890000
f 1012/893/1012 1059/894/1059 1001/166/1001
vt 0.000000 -0.990000
f 1001/166/1001 1059/894/1059 1058/895/1058
vt -0.015000 -0.990000
f 1058/895/1058 1059/894/1059 865/896/865
vt -0.015000 -0.890000
f 865/896/865 1059/894/1059 866/897/866
vt 0.695000 0.610000
vt 0.732500 0.615000
f 866/892/866 1059/898/1059 867/899/867
vt 0.760000 0.610000
f 867/899/867 1059/898/1059 1060/900/1060
vt 0.760000 0.642500
f 867/899/867 1060/900/1060 1061/901/1061
vt -0.038891 -0.890000
f 867/620/867 1061/902/1061 293/618/293
vt -0.053033 -1.860000
f 293/618/293 1061/902/1061 295/903/295
vt -0.053033 -0.000000
f 295/903/295 1061/902/1061 868/904/868
vt -0.038891 -0.000000
f 868/904/868 1061/902/1061 1010/905/1010
vt -0.014142 -0.890000
f 298/903/298 296/618/296 1062/906/1062
f 1062/906/1062 296/618/296 869/166/869
vt -0.014142 -0.000000
f 1062/906/1062 869/166/869 1009/907/1009
vt -0.053033 -0.890000
f 1062/906/1062 870/908/870 298/903/298
vt 0.695000 0.765000
vt 0.732500 0.765000
vt 0.695000 0.770000
f 871/909/871 870/910/870 1064/911/1064
vt 0.760000 0.770000
f 1064/911/1064 870/910/870 1063/912/1063
vt 0.760000 0.737500
f 1063/912/1063 870/910/870 1062/913/1062
f 1007/885/1007 1006/886/1006 1064/887/1064
f 1064/887/1064 1006/886/1006 1065/888/1065
f 1064/887/1064 1065/888/1065 872/889/872
f 872/889/872 871/879/871 1064/887/1064
vt 0.695000 0.780000
vt 0.645000 0.780000
f 1065/914/1065 1066/915/1066 872/909/872
f 872/909/872 1066/915/1066 873/875/873
f 1004/893/1004 1055/894/1055 1005/166/1005
f 1005/166/1005 1055/894/1055 1066/895/1066
f 1066/895/1066 1055/894/1055 873/896/873
f 873/896/873 1055/894/1055 874/897/874
vt 0.645000 1.190000
vt 0.595000 1.190000
vt 0.645000 1.185000
f 1067/916/1067 876/917/876 892/918/892
vt 0.595000 1.185000
f 892/918/892 876/917/876 875/919/875
f 1028/876/1028 877/877/877 1067/878/1067
f 1067/878/1067 877/877/877 876/879/876
f 879/620/879 878/166/878 1068/627/1068
f 1068/627/1068 878/166/878 1027/880/1027
vt 0.645000 1.035000
vt 0.595000 1.035000
vt 0.645000 1.030000
f 881/920/881 880/921/880 1068/922/1068
vt 0.595000 1.030000
f 1068/922/1068 880/921/880 879/923/879
f 1027/885/1027 1026/886/1026 1068/887/1068
f 1068/887/1068 1026/886/1026 1069/888/1069
f 1068/887/1068 1069/888/1069 882/889/882
f 882/889/882 881/879/881 1068/887/1068
vt 0.645000 1.020000
vt 0.695000 1.020000
f 1069/924/1069 1070/925/1070 882/920/882
vt 0.695000 1.035000
f 882/920/882 1070/925/1070 883/926/883
f 1036/893/1036 1071/894/1071 1025/166/1025
f 1025/166/1025 1071/894/1071 1070/895/1070
f 1070/895/1070 1071/894/1071 883/896/883
f 883/896/883 1071/894/1071 884/897/884
vt 0.695000 1.030000
vt 0.732500 1.035000
f 884/926/884 1071/927/1071 885/928/885
vt 0.760000 1.030000
f 885/928/885 1071/927/1071 1072/929/1072
vt 0.760000 1.062500
f 885/928/885 1072/929/1072 1073/930/1073
f 885/620/885 1073/902/1073 301/618/301
f 301/618/301 1073/902/1073 303/903/303
f 303/903/303 1073/902/1073 886/904/886
f 886/904/886 1073/902/1073 1034/905/1034
f 306/903/306 304/618/304 1074/906/1074
f 1074/906/1074 304/618/304 887/166/887
f 1074/906/1074 887/166/887 1033/907/1033
f 1074/906/1074 888/908/888 306/903/306
vt 0.695000 1.185000
vt 0.732500 1.185000
vt 0.695000 1.190000
f 889/931/889 888/932/888 1076/933/1076
vt 0.760000 1.190000
f 1076/933/1076 888/932/888 1075/934/1075
vt 0.760000 1.157500
f 1075/934/1075 888/932/888 1074/935/1074
f 1031/885/1031 1030/886/1030 1076/887/1076
f 1076/887/1076 1030/886/1030 1077/888/1077
f 1076/887/1076 1077/888/1077 890/889/890
f 890/889/890 889/879/889 1076/887/1076
vt 0.695000 1.200000
vt 0.645000 1.200000
f 1077/936/1077 1078/937/1078 890/931/890
f 890/931/890 1078/937/1078 891/918/891
f 1028/893/1028 1067/894/1067 1029/166/1029
f 1029/166/1029 1067/894/1067 1078/895/1078
f 1078/895/1078 1067/894/1067 891/896/891
f 891/896/891 1067/894/1067 892/897/892
f 308/903/308 314/618/314 1079/906/1079
f 1079/906/1079 314/618/314 910/166/910
f 1079/906/1079 910/166/910 972/907/972
f 1079/906/1079 893/908/893 308/903/308
vt 0.275000 0.345000
vt 0.312500 0.345000
vt 0.275000 0.350000
f 894/938/894 893/939/893 1081/940/1081
vt 0.340000 0.350000
f 1081/940/1081 893/939/893 1080/941/1080
vt 0.340000 0.317500
f 1080/941/1080 893/939/893 1079/942/1079
f 970/885/970 969/886/969 1081/887/1081
f 1081/887/1081 969/886/969 1082/888/1082
f 1081/887/1081 1082/888/1082 895/889/895
f 895/889/895 894/879/894 1081/887/1081
vt 0.275000 0.360000
vt 0.225000 0.360000
f 1082/943/1082 1083/944/1083 895/938/895
vt 0.225000 0.345000
f 895/938/895 1083/944/1083 896/945/896
f 967/893/967 1084/894/1084 968/166/968
f 968/166/968 1084/894/1084 1083/895/1083
f 1083/895/1083 1084/894/1084 896/896/896
f 896/896/896 1084/894/1084 897/897/897
vt 0.225000 0.350000
vt 0.175000 0.350000
f 1084/946/1084 899/947/899 897/945/897
vt 0.175000 0.345000
f 897/945/897 899/947/899 898/948/898
f 967/876/967 900/877/900 1084/878/1084
f 1084/878/1084 900/877/900 899/879/899
f 902/620/902 901/166/901 1085/627/1085
f 1085/627/1085 901/166/901 966/880/966
vt 0.225000 0.195000
vt 0.175000 0.195000
vt 0.225000 0.190000
f 904/949/904 903/950/903 1085/951/1085
vt 0.175000 0.190000
f 1085/951/1085 903/950/903 902/952/902
f 966/885/966 965/886/965 1085/887/1085
f 1085/887/1085 965/886/965 1086/888/1086
f 1085/887/1085 1086/888/1086 905/889/905
f 905/889/905 904/879/904 1085/887/1085
vt 0.225000 0.180000
vt 0.275000 0.180000
f 1086/953/1086 1087/954/1087 905/949/905
vt 0.275000 0.195000
f 905/949/905 1087/954/1087 906/955/906
f 975/893/975 1088/894/1088 976/166/976
f 976/166/976 1088/894/1088 1087/895/1087
f 1087/895/1087 1088/894/1088 906/896/906
f 906/896/906 1088/894/1088 907/897/907
vt 0.275000 0.190000
vt 0.312500 0.195000
f 907/955/907 1088/956/1088 908/957/908
vt 0.340000 0.190000
f 908/957/908 1088/956/1088 1089/958/1089
vt 0.340000 0.222500
f 908/957/908 1089/958/1089 1090/959/1090
f 908/620/908 1090/902/1090 311/618/311
f 311/618/311 1090/902/1090 313/903/313
f 313/903/313 1090/902/1090 909/904/909
f 909/904/909 1090/902/1090 973/905/973
f 316/903/316 322/618/322 1091/906/1091
f 1091/906/1091 322/618/322 928/166/928
f 1091/906/1091 928/166/928 996/907/996
f 1091/906/1091 911/908/911 316/903/316
vt 0.275000 0.765000
vt 0.312500 0.765000
vt 0.275000 0.770000
f 912/960/912 911/961/911 1093/962/1093
vt 0.340000 0.770000
f 1093/962/1093 911/961/911 1092/963/1092
vt 0.340000 0.737500
f 1092/963/1092 911/961/911 1091/964/1091
f 994/885/994 993/886/993 1093/887/1093
f 1093/887/1093 993/886/993 1094/888/1094
f 1093/887/1093 1094/888/1094 913/889/913
f 913/889/913 912/879/912 1093/887/1093
vt 0.275000 0.780000
vt 0.225000 0.780000
f 1094/965/1094 1095/966/1095 913/960/913
vt 0.225000 0.765000
f 913/960/913 1095/966/1095 914/967/914
f 991/893/991 1096/894/1096 992/166/992
f 992/166/992 1096/894/1096 1095/895/1095
f 1095/895/1095 1096/894/1096 914/896/914
f 914/896/914 1096/894/1096 915/897/915
vt 0.175000 0.770000
vt 0.175000 0.765000
vt 0.225000 0.770000
f 917/968/917 916/969/916 1096/970/1096
f 1096/970/1096 916/969/916 915/967/915
f 991/876/991 918/877/918 1096/878/1096
f 1096/878/1096 918/877/918 917/879/917
f 920/620/920 919/166/919 1097/627/1097
f 1097/627/1097 919/166/919 990/880/990
vt 0.225000 0.615000
vt 0.175000 0.615000
vt 0.225000 0.610000
f 922/971/922 921/972/921 1097/973/1097
vt 0.175000 0.610000
f 1097/973/1097 921/972/921 920/974/920
f 990/885/990 989/886/989 1097/887/1097
f 1097/887/1097 989/886/989 1098/888/1098
f 1097/887/1097 1098/888/1098 923/889/923
f 923/889/923 922/879/922 1097/887/1097
vt 0.225000 0.600000
f 1098/975/1098 1099/554/1099 923/971/923
vt 0.275000 0.615000
f 923/971/923 1099/554/1099 924/976/924
f 999/893/999 1100/894/1100 1000/166/1000
f 1000/166/1000 1100/894/1100 1099/895/1099
f 1099/895/1099 1100/894/1100 924/896/924
f 924/896/924 1100/894/1100 925/897/925
vt 0.275000 0.610000
vt 0.312500 0.615000
f 925/976/925 1100/977/1100 926/978/926
vt 0.340000 0.610000
f 926/978/926 1100/977/1100 1101/979/1101
vt 0.340000 0.642500
f 926/978/926 1101/979/1101 1102/980/1102
f 926/620/926 1102/902/1102 319/618/319
f 319/618/319 1102/902/1102 321/903/321
f 321/903/321 1102/902/1102 927/904/927
f 927/904/927 1102/902/1102 997/905/997
f 324/903/324 330/618/330 1103/906/1103
f 1103/906/1103 330/618/330 946/166/946
f 1103/906/1103 946/166/946 1020/907/1020
f 1103/906/1103 929/908/929 324/903/324
vt 0.275000 1.185000
vt 0.312500 1.185000
vt 0.275000 1.190000
f 930/981/930 929/982/929 1105/983/1105
vt 0.340000 1.190000
f 1105/983/1105 929/982/929 1104/984/1104
vt 0.340000 1.157500
f 1104/984/1104 929/982/929 1103/985/1103
f 1018/885/1018 1017/886/1017 1105/887/1105
f 1105/887/1105 1017/886/1017 1106/888/1106
f 1105/887/1105 1106/888/1106 931/889/931
f 931/889/931 930/879/930 1105/887/1105
vt 0.275000 1.200000
vt 0.225000 1.200000
f 1106/986/1106 1107/987/1107 931/981/931
vt 0.225000 1.185000
f 931/981/931 1107/987/1107 932/988/932
f 1015/893/1015 1108/894/1108 1016/166/1016
f 1016/166/1016 1108/894/1108 1107/895/1107
f 1107/895/1107 1108/894/1108 932/896/932
f 932/896/932 1108/894/1108 933/897/933
vt 0.175000 1.190000
vt 0.175000 1.185000
vt 0.225000 1.190000
f 935/989/935 934/990/934 1108/991/1108
f 1108/991/1108 934/990/934 933/988/933
f 1015/876/1015 936/877/936 1108/878/1108
f 1108/878/1108 936/877/936 935/879/935
f 938/620/938 937/166/937 1109/627/1109
f 1109/627/1109 937/166/937 1014/880/1014
vt 0.225000 1.035000
vt 0.175000 1.035000
vt 0.225000 1.030000
f 940/992/940 939/993/939 1109/994/1109
vt 0.175000 1.030000
f 1109/994/1109 939/993/939 938/995/938
f 1014/885/1014 1013/886/1013 1109/887/1109
f 1109/887/1109 1013/886/1013 1110/888/1110
f 1109/887/1109 1110/888/1110 941/889/941
f 941/889/941 940/879/940 1109/887/1109
vt 0.225000 1.020000
vt 0.275000 1.020000
f 1110/996/1110 1111/997/1111 941/992/941
vt 0.275000 1.035000
f 941/992/941 1111/997/1111 942/998/942
f 1023/893/1023 1112/894/1112 1024/166/1024
f 1024/166/1024 1112/894/1112 1111/895/1111
f 1111/895/1111 1112/894/1112 942/896/942
f 942/896/942 1112/894/1112 943/897/943
vt 0.275000 1.030000
vt 0.312500 1.035000
f 943/998/943 1112/999/1112 944/1000/944
vt 0.340000 1.030000
f 944/1000/944 1112/999/1112 1113/1001/1113
vt 0.340000 1.062500
f 944/1000/944 1113/1001/1113 1114/1002/1114
f 944/620/944 1114/902/1114 327/618/327
f 327/618/327 1114/902/1114 329/903/329
f 329/903/329 1114/902/1114 945/904/945
f 945/904/945 1114/902/1114 1021/905/1021
vt 0.595000 0.350000
vt 0.595000 0.345000
vt 0.645000 0.350000
f 948/1003/948 947/1004/947 1115/1005/1115
vt 0.645000 0.345000
f 1115/1005/1115 947/1004/947 964/1006/964
f 980/876/980 949/877/949 1115/878/1115
f 1115/878/1115 949/877/949 948/879/948
f 951/620/951 950/166/950 1116/627/1116
f 1116/627/1116 950/166/950 979/880/979
vt 0.645000 0.195000
vt 0.595000 0.195000
vt 0.645000 0.190000
f 953/1007/953 952/1008/952 1116/1009/1116
vt 0.595000 0.190000
f 1116/1009/1116 952/1008/952 951/1010/951
f 979/885/979 978/886/978 1116/887/1116
f 1116/887/1116 978/886/978 1117/888/1117
f 1116/887/1116 1117/888/1117 954/889/954
f 954/889/954 953/879/953 1116/887/1116
vt 0.645000 0.180000
vt 0.695000 0.180000
f 1117/1011/1117 1118/1012/1118 954/1007/954
vt 0.695000 0.195000
f 954/1007/954 1118/1012/1118 955/1013/955
f 988/893/988 1119/894/1119 977/166/977
f 977/166/977 1119/894/1119 1118/895/1118
f 1118/895/1118 1119/894/1119 955/896/955
f 955/896/955 1119/894/1119 956/897/956
vt 0.695000 0.190000
vt 0.732500 0.195000
f 956/1013/956 1119/1014/1119 957/1015/957
vt 0.760000 0.190000
f 957/1015/957 1119/1014/1119 1120/1016/1120
vt 0.760000 0.222500
f 957/1015/957 1120/1016/1120 1121/1017/1121
f 957/620/957 1121/902/1121 333/618/333
f 333/618/333 1121/902/1121 335/903/335
f 335/903/335 1121/902/1121 958/904/958
f 958/904/958 1121/902/1121 986/905/986
f 338/903/338 336/618/336 1122/906/1122
f 1122/906/1122 336/618/336 959/166/959
f 1122/906/1122 959/166/959 985/907/985
f 1122/906/1122 960/908/960 338/903/338
vt 0.695000 0.345000
vt 0.732500 0.345000
vt 0.695000 0.350000
f 961/1018/961 960/1019/960 1124/1020/1124
vt 0.760000 0.350000
f 1124/1020/1124 960/1019/960 1123/1021/1123
vt 0.760000 0.317500
f 1123/1021/1123 960/1019/960 1122/1022/1122
f 983/885/983 982/886/982 1124/887/1124
f 1124/887/1124 982/886/982 1125/888/1125
f 1124/887/1124 1125/888/1125 962/889/962
f 962/889/962 961/879/961 1124/887/1124
vt 0.695000 0.360000
f 962/1018/962 1125/1023/1125 963/1006/963
vt 0.645000 0.360000
f 963/1006/963 1125/1023/1125 1126/1024/1126
f 980/893/980 1115/894/1115 981/166/981
f 981/166/981 1115/894/1115 1126/895/1126
f 1126/895/1126 1115/894/1115 963/896/963
f 963/896/963 1115/894/1115 964/897/964
f 1083/626/1083 1082/895/1082 968/880/968
f 968/880/968 1082/895/1082 969/166/969
vt -0.065000 -0.890000
vt -0.065000 0.000000
f 1081/1025/1081 1080/620/1080 970/1026/970
f 970/1026/970 1080/620/1080 971/166/971
vt -0.160000 -0.000000
vt -0.160000 -0.890000
vt -0.127500 -0.000000
f 971/1027/971 1080/1028/1080 972/1029/972
vt -0.127500 -0.890000
f 972/1029/972 1080/1028/1080 1079/1030/1079
vt -0.032500 -0.890000
vt -0.032500 -0.000000
f 1090/1031/1090 1089/620/1089 973/1032/973
f 973/1032/973 1089/620/1089 974/166/974
vt -0.100000 0.000000
f 974/877/974 1089/879/1089 975/1033/975
f 975/1033/975 1089/879/1089 1088/630/1088
f 976/880/976 1087/626/1087 965/166/965
f 965/166/965 1087/626/1087 1086/895/1086
f 977/880/977 1118/626/1118 978/166/978
f 978/166/978 1118/626/1118 1117/895/1117
f 1126/626/1126 1125/895/1125 981/880/981
f 981/880/981 1125/895/1125 982/166/982
f 1124/1025/1124 1123/620/1123 983/1026/983
f 983/1026/983 1123/620/1123 984/166/984
f 1123/1028/1123 1122/1030/1122 984/1027/984
f 984/1027/984 1122/1030/1122 985/1029/985
f 1121/1031/1121 1120/620/1120 986/1032/986
f 986/1032/986 1120/620/1120 987/166/987
f 987/877/987 1120/879/1120 988/1033/988
f 988/1033/988 1120/879/1120 1119/630/1119
f 1095/626/1095 1094/895/1094 992/880/992
f 992/880/992 1094/895/1094 993/166/993
f 1093/1025/1093 1092/620/1092 994/1026/994
f 994/1026/994 1092/620/1092 995/166/995
f 995/1027/995 1092/1028/1092 996/1029/996
f 996/1029/996 1092/1028/1092 1091/1030/1091
f 1102/1031/1102 1101/620/1101 997/1032/997
f 997/1032/997 1101/620/1101 998/166/998
f 998/877/998 1101/879/1101 999/1033/999
f 999/1033/999 1101/879/1101 1100/630/1100
f 1000/880/1000 1099/626/1099 989/166/989
f 989/166/989 1099/626/1099 1098/895/1098
f 1001/880/1001 1058/626/1058 1002/166/1002
f 1002/166/1002 1058/626/1058 1057/895/1057
f 1066/626/1066 1065/895/1065 1005/880/1005
f 1005/880/1005 1065/895/1065 1006/166/1006
f 1064/1025/1064 1063/620/1063 1007/1026/1007
f 1007/1026/1007 1063/620/1063 1008/166/1008
f 1008/1027/1008 1063/1028/1063 1009/1029/1009
f 1009/1029/1009 1063/1028/1063 1062/1030/1062
f 1061/1031/1061 1060/620/1060 1010/1032/1010
f 1010/1032/1010 1060/620/1060 1011/166/1011
f 1011/877/1011 1060/879/1060 1012/1033/1012
f 1012/1033/1012 1060/879/1060 1059/630/1059
f 1107/626/1107 1106/895/1106 1016/880/1016
f 1016/880/1016 1106/895/1106 1017/166/1017
f 1105/1025/1105 1104/620/1104 1018/1026/1018
f 1018/1026/1018 1104/620/1104 1019/166/1019
f 1104/1028/1104 1103/1030/1103 1019/1027/1019
f 1019/1027/1019 1103/1030/1103 1020/1029/1020
f 1114/1031/1114 1113/620/1113 1021/1032/1021
f 1021/1032/1021 1113/620/1113 1022/166/1022
f 1022/877/1022 1113/879/1113 1023/1033/1023
f 1023/1033/1023 1113/879/1113 1112/630/1112
f 1024/880/1024 1111/626/1111 1013/166/1013
f 1013/166/1013 1111/626/1111 1110/895/1110
f 1025/880/1025 1070/626/1070 1026/166/1026
f 1026/166/1026 1070/626/1070 1069/895/1069
f 1078/626/1078 1077/895/1077 1029/880/1029
f 1029/880/1029 1077/895/1077 1030/166/1030
f 1076/1025/1076 1075/620/1075 1031/1026/1031
f 1031/1026/1031 1075/620/1075 1032/166/1032
f 1075/1028/1075 1074/1030/1074 1032/1027/1032
f 1032/1027/1032 1074/1030/1074 1033/1029/1033
f 1073/1031/1073 1072/620/1072 1034/1032/1034
f 1034/1032/1034 1072/620/1072 1035/166/1035
f 1035/877/1035 1072/879/1072 1036/1033/1036
f 1036/1033/1036 1072/879/1072 1071/630/1071
vt 0.343123 0.630000
f 797/604/797 1047/1034/1047 1037/521/1037
vt 0.630000 0.760000
f 1037/521/1037 1047/1034/1047 1130/1035/1130
vt 0.560000 0.830000
f 1037/521/1037 1130/1035/1130 1131/1036/1131
vt 0.330000 0.480000
vt 0.480000 0.480000
f 1127/1037/1127 1128/1038/1128 1047/1034/1047
vt 0.630000 0.630000
f 1047/1034/1047 1128/1038/1128 1129/1039/1129
f 1047/1034/1047 1129/1039/1129 1130/1035/1130
f 1131/1036/1131 1039/530/1039 1037/521/1037
f 1037/521/1037 1039/530/1039 1038/525/1038
vt 1.260000 0.000000
f 1039/166/1039 1131/1040/1131 1040/841/1040
vt 1.260000 0.300000
f 1040/841/1040 1131/1040/1131 1132/1041/1132
vt 0.150573 0.300000
vt 0.150573 0.000000
f 1046/1042/1046 1133/841/1133 1047/1043/1047
f 1047/1043/1047 1133/841/1133 1127/166/1127
f 1053/584/1053 1040/586/1040 1054/583/1054
vt -0.560000 0.830000
f 1054/583/1054 1040/586/1040 1132/1044/1132
vt -0.630000 0.760000
f 1054/583/1054 1132/1044/1132 1134/1045/1134
vt -0.343123 0.630000
f 1054/583/1054 1134/1045/1134 1046/1046/1046
vt -0.630000 0.630000
f 1046/1046/1046 1134/1045/1134 1135/1047/1135
vt -0.480000 0.480000
f 1046/1046/1046 1135/1047/1135 1136/1048/1136
vt -0.330000 0.480000
f 1136/1048/1136 1133/1049/1133 1046/1046/1046
f 1046/1046/1046 855/547/855 1054/583/1054
vt 0.150000 0.300000
f 1133/1050/1133 1136/841/1136 1127/812/1127
f 1127/812/1127 1136/841/1136 1128/166/1128
vt 0.212132 0.300000
vt 0.212132 -0.000000
f 1136/1051/1136 1135/841/1135 1128/1052/1128
f 1128/1052/1128 1135/841/1135 1129/166/1129
vt 0.130000 0.300000
vt 0.130000 0.000000
f 1135/1053/1135 1134/841/1134 1129/1054/1129
f 1129/1054/1129 1134/841/1134 1130/166/1130
vt 0.098995 0.300000
vt 0.098995 0.000000
f 1134/1055/1134 1132/841/1132 1130/1056/1130
f 1130/1056/1130 1132/841/1132 1131/166/1131
# 2296 faces, 1056 coords texture

# End of File
